ORDEN_ID,FECHA,PROVEEDOR_COD,SECRETARIA_COD,IMPORTE
OC-00001,2019-01-04,PROV-398,Secretaría B,753.42
OC-00002,2019-01-04,PROV-020,Secretaría A,2821.57
OC-00003,2019-01-04,PROV-020,Secretaría A,827.0
OC-00004,2019-01-04,PROV-020,Secretaría A,827.0
OC-00005,2019-01-04,PROV-212,Secretaría A,41625.0
OC-00006,2019-01-04,PROV-148,Secretaría A,23716.0
OC-00007,2019-01-04,PROV-168,Secretaría A,4950.0
OC-00008,2019-01-04,PROV-055,Secretaría G,1450.0
OC-00009,2019-01-04,PROV-071,Secretaría B,104981.0
OC-00010,2019-01-04,PROV-312,Secretaría G,68000.0
OC-00011,2019-01-04,PROV-375,Secretaría G,68000.0
OC-00012,2019-01-04,PROV-222,Secretaría B,16785.0
OC-00013,2019-01-04,PROV-226,Secretaría B,76800.0
OC-00014,2019-01-04,PROV-087,Secretaría B,4380.0
OC-00015,2019-01-04,PROV-087,Secretaría B,4380.0
OC-00016,2019-01-04,PROV-087,Secretaría B,4380.0
OC-00017,2019-01-04,PROV-087,Secretaría B,4380.0
OC-00018,2019-01-04,PROV-265,Secretaría B,4900.5
OC-00019,2019-01-04,PROV-020,Secretaría A,2821.57
OC-00020,2019-01-04,PROV-074,Secretaría A,2900.0
OC-00021,2019-01-04,PROV-326,Secretaría B,20550.0
OC-00022,2019-01-04,PROV-020,Secretaría A,3736.73
OC-00023,2019-01-04,PROV-398,Secretaría B,753.42
OC-00024,2019-01-04,PROV-398,Secretaría B,753.42
OC-00025,2019-01-04,PROV-398,Secretaría B,753.42
OC-00026,2019-01-04,PROV-398,Secretaría B,753.42
OC-00027,2019-01-04,PROV-398,Secretaría B,753.42
OC-00028,2019-01-04,PROV-020,Secretaría A,3736.73
OC-00029,2019-01-04,PROV-398,Secretaría B,753.42
OC-00030,2019-01-04,PROV-398,Secretaría B,753.42
OC-00031,2019-01-04,PROV-100,Secretaría A,1100.0
OC-00032,2019-01-04,PROV-398,Secretaría B,753.42
OC-00033,2019-01-04,PROV-070,Secretaría A,1496.0
OC-00034,2019-01-04,PROV-020,Secretaría A,3736.73
OC-00035,2019-01-04,PROV-020,Secretaría A,3736.73
OC-00036,2019-01-04,PROV-020,Secretaría A,3736.73
OC-00037,2019-01-04,PROV-020,Secretaría A,3736.73
OC-00038,2019-01-04,PROV-020,Secretaría A,3736.73
OC-00039,2019-01-04,PROV-020,Secretaría A,3736.73
OC-00040,2019-01-04,PROV-020,Secretaría A,3736.73
OC-00041,2019-01-04,PROV-070,Secretaría A,1496.0
OC-00042,2019-01-07,PROV-066,Secretaría A,48847.0
OC-00043,2019-01-07,PROV-066,Secretaría A,48847.0
OC-00044,2019-01-07,PROV-066,Secretaría A,48847.0
OC-00045,2019-01-07,PROV-020,Secretaría A,785.0
OC-00046,2019-01-07,PROV-066,Secretaría A,48847.0
OC-00047,2019-01-07,PROV-066,Secretaría A,48847.0
OC-00048,2019-01-07,PROV-066,Secretaría A,48847.0
OC-00049,2019-01-07,PROV-020,Secretaría A,5585.0
OC-00050,2019-01-07,PROV-020,Secretaría A,2169.36
OC-00051,2019-01-07,PROV-020,Secretaría A,5585.0
OC-00052,2019-01-07,PROV-020,Secretaría A,1163.91
OC-00053,2019-01-07,PROV-020,Secretaría A,1163.91
OC-00054,2019-01-07,PROV-020,Secretaría A,1163.91
OC-00055,2019-01-07,PROV-020,Secretaría A,1475.0
OC-00056,2019-01-07,PROV-020,Secretaría A,2169.36
OC-00057,2019-01-07,PROV-020,Secretaría A,2169.36
OC-00058,2019-01-07,PROV-020,Secretaría A,785.0
OC-00059,2019-01-07,PROV-020,Secretaría A,5585.0
OC-00060,2019-01-07,PROV-020,Secretaría A,785.0
OC-00061,2019-01-07,PROV-100,Secretaría C,6508.0
OC-00062,2019-01-07,PROV-147,Secretaría B,12480.0
OC-00063,2019-01-07,PROV-055,Secretaría I,5900.0
OC-00064,2019-01-07,PROV-033,Secretaría C,35094.0
OC-00065,2019-01-07,PROV-033,Secretaría C,35094.0
OC-00066,2019-01-07,PROV-033,Secretaría C,35094.0
OC-00067,2019-01-07,PROV-033,Secretaría C,35094.0
OC-00068,2019-01-07,PROV-033,Secretaría C,35094.0
OC-00069,2019-01-07,PROV-100,Secretaría C,6508.0
OC-00070,2019-01-07,PROV-100,Secretaría C,6508.0
OC-00071,2019-01-07,PROV-100,Secretaría C,6508.0
OC-00072,2019-01-07,PROV-100,Secretaría C,6508.0
OC-00073,2019-01-07,PROV-100,Secretaría C,6508.0
OC-00074,2019-01-07,PROV-100,Secretaría C,6508.0
OC-00075,2019-01-07,PROV-100,Secretaría C,6508.0
OC-00076,2019-01-07,PROV-057,Secretaría A,7200.0
OC-00077,2019-01-07,PROV-057,Secretaría A,7200.0
OC-00078,2019-01-07,PROV-057,Secretaría A,7200.0
OC-00079,2019-01-07,PROV-050,Secretaría B,1346.0
OC-00080,2019-01-07,PROV-020,Secretaría A,785.0
OC-00081,2019-01-07,PROV-045,Secretaría A,6507.89
OC-00082,2019-01-07,PROV-020,Secretaría A,1475.0
OC-00083,2019-01-07,PROV-034,Secretaría A,2915.0
OC-00084,2019-01-07,PROV-020,Secretaría A,2846.78
OC-00085,2019-01-07,PROV-020,Secretaría A,2846.78
OC-00086,2019-01-07,PROV-020,Secretaría A,7196.06
OC-00087,2019-01-07,PROV-020,Secretaría A,7196.06
OC-00088,2019-01-07,PROV-020,Secretaría A,7196.06
OC-00089,2019-01-07,PROV-020,Secretaría A,7196.06
OC-00090,2019-01-07,PROV-020,Secretaría A,7196.06
OC-00091,2019-01-07,PROV-020,Secretaría A,2652.45
OC-00092,2019-01-07,PROV-020,Secretaría A,2652.45
OC-00093,2019-01-07,PROV-020,Secretaría A,2652.45
OC-00094,2019-01-07,PROV-088,Secretaría B,11450.0
OC-00095,2019-01-07,PROV-084,Secretaría B,10640.0
OC-00096,2019-01-07,PROV-175,Secretaría B,4485.0
OC-00097,2019-01-07,PROV-175,Secretaría B,4485.0
OC-00098,2019-01-07,PROV-175,Secretaría B,4485.0
OC-00099,2019-01-07,PROV-175,Secretaría B,4485.0
OC-00100,2019-01-07,PROV-034,Secretaría A,2915.0
OC-00101,2019-01-07,PROV-020,Secretaría A,4092.0
OC-00102,2019-01-07,PROV-020,Secretaría A,4092.0
OC-00103,2019-01-07,PROV-020,Secretaría A,2846.78
OC-00104,2019-01-07,PROV-020,Secretaría A,1762.0
OC-00105,2019-01-07,PROV-034,Secretaría A,2915.0
OC-00106,2019-01-07,PROV-034,Secretaría A,2385.0
OC-00107,2019-01-07,PROV-034,Secretaría A,2385.0
OC-00108,2019-01-07,PROV-034,Secretaría A,4110.0
OC-00109,2019-01-07,PROV-020,Secretaría A,1860.0
OC-00110,2019-01-07,PROV-034,Secretaría A,4110.0
OC-00111,2019-01-07,PROV-034,Secretaría A,4110.0
OC-00112,2019-01-07,PROV-034,Secretaría A,4110.0
OC-00113,2019-01-07,PROV-034,Secretaría A,4110.0
OC-00114,2019-01-07,PROV-034,Secretaría A,4110.0
OC-00115,2019-01-07,PROV-034,Secretaría A,5595.0
OC-00116,2019-01-07,PROV-034,Secretaría A,5595.0
OC-00117,2019-01-07,PROV-034,Secretaría A,500.0
OC-00118,2019-01-07,PROV-034,Secretaría A,500.0
OC-00119,2019-01-07,PROV-020,Secretaría A,1762.0
OC-00120,2019-01-07,PROV-020,Secretaría A,1762.0
OC-00121,2019-01-07,PROV-020,Secretaría A,1762.0
OC-00122,2019-01-07,PROV-034,Secretaría A,5595.0
OC-00123,2019-01-08,PROV-017,Secretaría B,3418.83
OC-00124,2019-01-08,PROV-017,Secretaría B,3418.83
OC-00125,2019-01-08,PROV-021,Secretaría H,2075.0
OC-00126,2019-01-08,PROV-070,Secretaría D,3171.0
OC-00127,2019-01-08,PROV-021,Secretaría H,2075.0
OC-00128,2019-01-08,PROV-021,Secretaría H,2075.0
OC-00129,2019-01-08,PROV-017,Secretaría B,3418.83
OC-00130,2019-01-08,PROV-279,Secretaría B,5000.0
OC-00131,2019-01-08,PROV-021,Secretaría H,2075.0
OC-00132,2019-01-08,PROV-017,Secretaría B,3418.83
OC-00133,2019-01-08,PROV-034,Secretaría A,1100.0
OC-00134,2019-01-08,PROV-034,Secretaría A,950.0
OC-00135,2019-01-08,PROV-034,Secretaría A,950.0
OC-00136,2019-01-08,PROV-034,Secretaría A,950.0
OC-00137,2019-01-08,PROV-034,Secretaría A,1100.0
OC-00138,2019-01-08,PROV-034,Secretaría A,1100.0
OC-00139,2019-01-08,PROV-034,Secretaría A,1100.0
OC-00140,2019-01-08,PROV-034,Secretaría A,755.0
OC-00141,2019-01-08,PROV-034,Secretaría A,755.0
OC-00142,2019-01-08,PROV-084,Secretaría H,360.0
OC-00143,2019-01-08,PROV-034,Secretaría A,950.0
OC-00144,2019-01-09,PROV-055,Secretaría C,1800.0
OC-00145,2019-01-09,PROV-055,Secretaría C,1800.0
OC-00146,2019-01-09,PROV-003,Secretaría A,13771.92
OC-00147,2019-01-09,PROV-059,Secretaría A,5400.0
OC-00148,2019-01-09,PROV-017,Secretaría F,2575.4
OC-00149,2019-01-09,PROV-017,Secretaría F,2575.4
OC-00150,2019-01-09,PROV-017,Secretaría F,2575.4
OC-00151,2019-01-09,PROV-017,Secretaría F,2575.4
OC-00152,2019-01-09,PROV-017,Secretaría F,2575.4
OC-00153,2019-01-09,PROV-201,Secretaría G,26056.22
OC-00154,2019-01-09,PROV-059,Secretaría A,3050.0
OC-00155,2019-01-09,PROV-342,Secretaría F,1800.0
OC-00156,2019-01-09,PROV-055,Secretaría C,1460.0
OC-00157,2019-01-09,PROV-017,Secretaría F,2575.4
OC-00158,2019-01-09,PROV-383,Secretaría A,1100.0
OC-00159,2019-01-09,PROV-141,Secretaría A,2475.75
OC-00160,2019-01-09,PROV-074,Secretaría A,1274.0
OC-00161,2019-01-09,PROV-055,Secretaría C,1460.0
OC-00162,2019-01-09,PROV-141,Secretaría A,666.33
OC-00163,2019-01-09,PROV-141,Secretaría A,666.33
OC-00164,2019-01-09,PROV-141,Secretaría A,666.33
OC-00165,2019-01-09,PROV-141,Secretaría A,666.33
OC-00166,2019-01-09,PROV-141,Secretaría A,666.33
OC-00167,2019-01-09,PROV-383,Secretaría D,810.0
OC-00168,2019-01-09,PROV-141,Secretaría A,666.33
OC-00169,2019-01-09,PROV-515,Secretaría B,19500.0
OC-00170,2019-01-09,PROV-141,Secretaría A,3159.05
OC-00171,2019-01-09,PROV-141,Secretaría A,2475.75
OC-00172,2019-01-09,PROV-141,Secretaría A,2475.75
OC-00173,2019-01-09,PROV-074,Secretaría A,585.0
OC-00174,2019-01-09,PROV-074,Secretaría A,585.0
OC-00175,2019-01-09,PROV-141,Secretaría A,666.33
OC-00176,2019-01-09,PROV-257,Secretaría E,43500.0
OC-00177,2019-01-09,PROV-036,Secretaría B,133650.0
OC-00178,2019-01-09,PROV-059,Secretaría H,490.0
OC-00179,2019-01-09,PROV-066,Secretaría A,88379.0
OC-00180,2019-01-09,PROV-066,Secretaría A,88379.0
OC-00181,2019-01-09,PROV-066,Secretaría A,88379.0
OC-00182,2019-01-09,PROV-066,Secretaría A,88379.0
OC-00183,2019-01-09,PROV-030,Secretaría A,3548.0
OC-00184,2019-01-09,PROV-030,Secretaría A,3548.0
OC-00185,2019-01-09,PROV-066,Secretaría A,88379.0
OC-00186,2019-01-09,PROV-465,Secretaría B,21360.0
OC-00187,2019-01-09,PROV-279,Secretaría B,10000.0
OC-00188,2019-01-09,PROV-360,Secretaría B,10000.0
OC-00189,2019-01-09,PROV-360,Secretaría B,5000.0
OC-00190,2019-01-09,PROV-255,Secretaría B,5000.0
OC-00191,2019-01-09,PROV-255,Secretaría B,10500.0
OC-00192,2019-01-09,PROV-055,Secretaría H,490.0
OC-00193,2019-01-09,PROV-434,Secretaría B,10020.0
OC-00194,2019-01-09,PROV-066,Secretaría A,88379.0
OC-00195,2019-01-09,PROV-163,Secretaría B,5100.0
OC-00196,2019-01-09,PROV-059,Secretaría C,2885.0
OC-00197,2019-01-09,PROV-361,Secretaría F,3400.0
OC-00198,2019-01-09,PROV-193,Secretaría E,4350.0
OC-00199,2019-01-09,PROV-059,Secretaría D,1790.0
OC-00200,2019-01-09,PROV-059,Secretaría C,2885.0
OC-00201,2019-01-09,PROV-059,Secretaría C,1790.0
OC-00202,2019-01-09,PROV-066,Secretaría A,88379.0
OC-00203,2019-01-09,PROV-059,Secretaría B,15120.0
OC-00204,2019-01-09,PROV-040,Secretaría E,7381.0
OC-00205,2019-01-09,PROV-059,Secretaría H,895.0
OC-00206,2019-01-09,PROV-059,Secretaría A,3580.0
OC-00207,2019-01-09,PROV-398,Secretaría C,975.0
OC-00208,2019-01-09,PROV-398,Secretaría C,975.0
OC-00209,2019-01-09,PROV-059,Secretaría G,12930.0
OC-00210,2019-01-09,PROV-059,Secretaría G,12930.0
OC-00211,2019-01-09,PROV-059,Secretaría B,15120.0
OC-00212,2019-01-10,PROV-020,Secretaría F,2472.04
OC-00213,2019-01-10,PROV-020,Secretaría F,2472.04
OC-00214,2019-01-10,PROV-020,Secretaría F,2472.04
OC-00215,2019-01-10,PROV-018,Secretaría B,7256.77
OC-00216,2019-01-10,PROV-141,Secretaría A,1390.36
OC-00217,2019-01-10,PROV-018,Secretaría B,7256.77
OC-00218,2019-01-10,PROV-018,Secretaría B,7256.77
OC-00219,2019-01-10,PROV-020,Secretaría F,2472.04
OC-00220,2019-01-10,PROV-018,Secretaría B,7256.77
OC-00221,2019-01-10,PROV-020,Secretaría F,2472.04
OC-00222,2019-01-10,PROV-141,Secretaría A,1390.36
OC-00223,2019-01-10,PROV-020,Secretaría F,2472.04
OC-00224,2019-01-10,PROV-020,Secretaría F,2472.04
OC-00225,2019-01-10,PROV-088,Secretaría B,4200.0
OC-00226,2019-01-10,PROV-429,Secretaría G,10500.0
OC-00227,2019-01-10,PROV-272,Secretaría A,6600.0
OC-00228,2019-01-10,PROV-272,Secretaría A,4800.0
OC-00229,2019-01-10,PROV-141,Secretaría A,1390.36
OC-00230,2019-01-10,PROV-141,Secretaría A,1390.36
OC-00231,2019-01-10,PROV-018,Secretaría B,7256.77
OC-00232,2019-01-10,PROV-020,Secretaría F,2472.04
OC-00233,2019-01-10,PROV-018,Secretaría B,7256.77
OC-00234,2019-01-10,PROV-244,Secretaría G,12000.0
OC-00235,2019-01-10,PROV-018,Secretaría B,7256.77
OC-00236,2019-01-10,PROV-030,Secretaría F,14500.0
OC-00237,2019-01-10,PROV-055,Secretaría H,1445.0
OC-00238,2019-01-10,PROV-055,Secretaría H,1445.0
OC-00239,2019-01-10,PROV-055,Secretaría H,1445.0
OC-00240,2019-01-10,PROV-245,Secretaría G,12000.0
OC-00241,2019-01-10,PROV-219,Secretaría G,16000.0
OC-00242,2019-01-10,PROV-141,Secretaría A,1390.36
OC-00243,2019-01-10,PROV-105,Secretaría E,448.0
OC-00244,2019-01-10,PROV-105,Secretaría E,448.0
OC-00245,2019-01-10,PROV-018,Secretaría B,7256.77
OC-00246,2019-01-10,PROV-105,Secretaría E,448.0
OC-00247,2019-01-10,PROV-105,Secretaría E,1128.9
OC-00248,2019-01-10,PROV-105,Secretaría E,1128.9
OC-00249,2019-01-10,PROV-018,Secretaría B,7256.77
OC-00250,2019-01-10,PROV-018,Secretaría B,7256.77
OC-00251,2019-01-10,PROV-018,Secretaría B,7256.77
OC-00252,2019-01-10,PROV-018,Secretaría B,7256.77
OC-00253,2019-01-10,PROV-018,Secretaría B,7256.77
OC-00254,2019-01-10,PROV-018,Secretaría B,7256.77
OC-00255,2019-01-10,PROV-018,Secretaría B,7256.77
OC-00256,2019-01-10,PROV-105,Secretaría E,1128.9
OC-00257,2019-01-10,PROV-141,Secretaría A,1390.36
OC-00258,2019-01-10,PROV-018,Secretaría B,7256.77
OC-00259,2019-01-10,PROV-141,Secretaría A,1390.36
OC-00260,2019-01-10,PROV-168,Secretaría A,13356.0
OC-00261,2019-01-10,PROV-168,Secretaría A,13356.0
OC-00262,2019-01-10,PROV-168,Secretaría A,13356.0
OC-00263,2019-01-10,PROV-485,Secretaría E,1600.0
OC-00264,2019-01-10,PROV-521,Secretaría E,2860.0
OC-00265,2019-01-10,PROV-601,Secretaría E,1350.0
OC-00266,2019-01-10,PROV-017,Secretaría C,3940.0
OC-00267,2019-01-10,PROV-017,Secretaría C,3940.0
OC-00268,2019-01-10,PROV-176,Secretaría I,16239.0
OC-00269,2019-01-10,PROV-168,Secretaría A,13356.0
OC-00270,2019-01-10,PROV-176,Secretaría I,16239.0
OC-00271,2019-01-10,PROV-049,Secretaría B,15454.56
OC-00272,2019-01-10,PROV-049,Secretaría B,28563.65
OC-00273,2019-01-10,PROV-049,Secretaría B,28563.65
OC-00274,2019-01-10,PROV-049,Secretaría B,28563.65
OC-00275,2019-01-10,PROV-049,Secretaría B,28563.65
OC-00276,2019-01-10,PROV-024,Secretaría B,11130.0
OC-00277,2019-01-10,PROV-085,Secretaría B,102389.3
OC-00278,2019-01-10,PROV-450,Secretaría B,20000.0
OC-00279,2019-01-10,PROV-141,Secretaría A,1390.36
OC-00280,2019-01-10,PROV-176,Secretaría I,16239.0
OC-00281,2019-01-10,PROV-198,Secretaría A,47685.0
OC-00282,2019-01-10,PROV-085,Secretaría B,102389.3
OC-00283,2019-01-10,PROV-045,Secretaría A,33330.0
OC-00284,2019-01-10,PROV-198,Secretaría A,47685.0
OC-00285,2019-01-10,PROV-558,Secretaría D,7000.0
OC-00286,2019-01-10,PROV-003,Secretaría D,6885.96
OC-00287,2019-01-10,PROV-017,Secretaría C,10728.0
OC-00288,2019-01-10,PROV-017,Secretaría C,10728.0
OC-00289,2019-01-10,PROV-017,Secretaría C,10728.0
OC-00290,2019-01-10,PROV-017,Secretaría C,10728.0
OC-00291,2019-01-10,PROV-017,Secretaría C,10728.0
OC-00292,2019-01-10,PROV-017,Secretaría C,10728.0
OC-00293,2019-01-10,PROV-040,Secretaría E,52000.0
OC-00294,2019-01-10,PROV-017,Secretaría C,10728.0
OC-00295,2019-01-10,PROV-003,Secretaría A,51024.88
OC-00296,2019-01-10,PROV-017,Secretaría C,10728.0
OC-00297,2019-01-10,PROV-003,Secretaría A,51024.88
OC-00298,2019-01-10,PROV-003,Secretaría A,51024.88
OC-00299,2019-01-10,PROV-141,Secretaría A,1390.36
OC-00300,2019-01-10,PROV-003,Secretaría A,51024.88
OC-00301,2019-01-10,PROV-017,Secretaría C,10728.0
OC-00302,2019-01-10,PROV-017,Secretaría C,10728.0
OC-00303,2019-01-10,PROV-017,Secretaría C,10728.0
OC-00304,2019-01-10,PROV-003,Secretaría A,51024.88
OC-00305,2019-01-11,PROV-045,Secretaría F,10960.4
OC-00306,2019-01-11,PROV-045,Secretaría F,1182.7
OC-00307,2019-01-11,PROV-045,Secretaría F,1182.7
OC-00308,2019-01-11,PROV-045,Secretaría F,1182.7
OC-00309,2019-01-11,PROV-045,Secretaría F,1182.7
OC-00310,2019-01-11,PROV-045,Secretaría F,1182.7
OC-00311,2019-01-11,PROV-045,Secretaría F,1182.7
OC-00312,2019-01-11,PROV-045,Secretaría F,1182.7
OC-00313,2019-01-11,PROV-020,Secretaría A,22005.59
OC-00314,2019-01-11,PROV-020,Secretaría A,22005.59
OC-00315,2019-01-11,PROV-341,Secretaría H,3280.0
OC-00316,2019-01-11,PROV-045,Secretaría A,590.7
OC-00317,2019-01-11,PROV-030,Secretaría A,5004.0
OC-00318,2019-01-11,PROV-030,Secretaría A,5004.0
OC-00319,2019-01-11,PROV-030,Secretaría A,5004.0
OC-00320,2019-01-11,PROV-045,Secretaría F,10960.4
OC-00321,2019-01-11,PROV-105,Secretaría A,668.0
OC-00322,2019-01-11,PROV-045,Secretaría F,1182.7
OC-00323,2019-01-11,PROV-020,Secretaría A,24290.0
OC-00324,2019-01-11,PROV-472,Secretaría E,3300.0
OC-00325,2019-01-11,PROV-045,Secretaría F,10960.4
OC-00326,2019-01-11,PROV-105,Secretaría A,668.0
OC-00327,2019-01-11,PROV-142,Secretaría C,8150.0
OC-00328,2019-01-11,PROV-142,Secretaría C,8150.0
OC-00329,2019-01-11,PROV-142,Secretaría C,8150.0
OC-00330,2019-01-11,PROV-142,Secretaría C,8150.0
OC-00331,2019-01-11,PROV-142,Secretaría C,8150.0
OC-00332,2019-01-11,PROV-084,Secretaría B,3600.0
OC-00333,2019-01-11,PROV-018,Secretaría A,6769.81
OC-00334,2019-01-11,PROV-018,Secretaría A,6769.81
OC-00335,2019-01-11,PROV-018,Secretaría A,6769.81
OC-00336,2019-01-11,PROV-356,Secretaría C,9000.0
OC-00337,2019-01-11,PROV-389,Secretaría F,1700.0
OC-00338,2019-01-11,PROV-087,Secretaría B,1290.0
OC-00339,2019-01-11,PROV-344,Secretaría F,4400.0
OC-00340,2019-01-11,PROV-045,Secretaría F,10960.4
OC-00341,2019-01-11,PROV-045,Secretaría F,10960.4
OC-00342,2019-01-11,PROV-045,Secretaría F,10960.4
OC-00343,2019-01-11,PROV-045,Secretaría F,10960.4
OC-00344,2019-01-11,PROV-045,Secretaría F,10960.4
OC-00345,2019-01-11,PROV-045,Secretaría F,10960.4
OC-00346,2019-01-11,PROV-057,Secretaría A,1900.0
OC-00347,2019-01-11,PROV-018,Secretaría C,6423.82
OC-00348,2019-01-11,PROV-105,Secretaría A,1200.0
OC-00349,2019-01-11,PROV-018,Secretaría C,6423.82
OC-00350,2019-01-11,PROV-018,Secretaría C,6423.82
OC-00351,2019-01-11,PROV-018,Secretaría C,6423.82
OC-00352,2019-01-11,PROV-018,Secretaría C,6423.82
OC-00353,2019-01-11,PROV-018,Secretaría C,6423.82
OC-00354,2019-01-11,PROV-018,Secretaría C,6423.82
OC-00355,2019-01-11,PROV-018,Secretaría C,6423.82
OC-00356,2019-01-11,PROV-018,Secretaría C,6423.82
OC-00357,2019-01-11,PROV-018,Secretaría C,6423.82
OC-00358,2019-01-11,PROV-018,Secretaría C,6423.82
OC-00359,2019-01-11,PROV-018,Secretaría C,6423.82
OC-00360,2019-01-11,PROV-018,Secretaría C,6423.82
OC-00361,2019-01-11,PROV-018,Secretaría C,6423.82
OC-00362,2019-01-11,PROV-018,Secretaría C,6423.82
OC-00363,2019-01-11,PROV-045,Secretaría C,3564.89
OC-00364,2019-01-11,PROV-045,Secretaría C,3564.89
OC-00365,2019-01-11,PROV-045,Secretaría C,3564.89
OC-00366,2019-01-11,PROV-124,Secretaría C,980.0
OC-00367,2019-01-11,PROV-018,Secretaría C,6423.82
OC-00368,2019-01-11,PROV-018,Secretaría C,6423.82
OC-00369,2019-01-11,PROV-018,Secretaría C,6423.82
OC-00370,2019-01-11,PROV-020,Secretaría A,4030.0
OC-00371,2019-01-11,PROV-105,Secretaría A,1200.0
OC-00372,2019-01-11,PROV-100,Secretaría A,6120.0
OC-00373,2019-01-11,PROV-100,Secretaría A,6120.0
OC-00374,2019-01-11,PROV-020,Secretaría A,5025.0
OC-00375,2019-01-11,PROV-020,Secretaría A,5025.0
OC-00376,2019-01-11,PROV-045,Secretaría A,566.29
OC-00377,2019-01-11,PROV-045,Secretaría A,566.29
OC-00378,2019-01-11,PROV-020,Secretaría A,2190.0
OC-00379,2019-01-11,PROV-105,Secretaría A,734.0
OC-00380,2019-01-11,PROV-105,Secretaría A,734.0
OC-00381,2019-01-11,PROV-105,Secretaría A,734.0
OC-00382,2019-01-11,PROV-105,Secretaría A,734.0
OC-00383,2019-01-11,PROV-105,Secretaría A,734.0
OC-00384,2019-01-11,PROV-105,Secretaría A,734.0
OC-00385,2019-01-11,PROV-105,Secretaría A,734.0
OC-00386,2019-01-11,PROV-275,Secretaría A,930.0
OC-00387,2019-01-11,PROV-151,Secretaría D,78585.0
OC-00388,2019-01-11,PROV-151,Secretaría D,78585.0
OC-00389,2019-01-11,PROV-020,Secretaría A,4030.0
OC-00390,2019-01-11,PROV-057,Secretaría A,1900.0
OC-00391,2019-01-11,PROV-141,Secretaría A,28674.0
OC-00392,2019-01-11,PROV-356,Secretaría C,3900.0
OC-00393,2019-01-11,PROV-290,Secretaría F,80005.2
OC-00394,2019-01-11,PROV-021,Secretaría D,6237.0
OC-00395,2019-01-11,PROV-021,Secretaría D,6237.0
OC-00396,2019-01-11,PROV-021,Secretaría D,6237.0
OC-00397,2019-01-11,PROV-021,Secretaría D,6237.0
OC-00398,2019-01-11,PROV-021,Secretaría D,6237.0
OC-00399,2019-01-11,PROV-021,Secretaría D,6237.0
OC-00400,2019-01-11,PROV-021,Secretaría D,6237.0
OC-00401,2019-01-11,PROV-021,Secretaría D,6237.0
OC-00402,2019-01-11,PROV-021,Secretaría D,6237.0
OC-00403,2019-01-11,PROV-021,Secretaría D,6237.0
OC-00404,2019-01-11,PROV-021,Secretaría A,9907.0
OC-00405,2019-01-11,PROV-021,Secretaría A,9907.0
OC-00406,2019-01-11,PROV-021,Secretaría A,9907.0
OC-00407,2019-01-11,PROV-021,Secretaría A,9907.0
OC-00408,2019-01-11,PROV-021,Secretaría A,9907.0
OC-00409,2019-01-11,PROV-021,Secretaría A,9907.0
OC-00410,2019-01-11,PROV-021,Secretaría A,9907.0
OC-00411,2019-01-11,PROV-021,Secretaría A,9907.0
OC-00412,2019-01-11,PROV-021,Secretaría D,6237.0
OC-00413,2019-01-11,PROV-021,Secretaría A,9907.0
OC-00414,2019-01-11,PROV-021,Secretaría D,6237.0
OC-00415,2019-01-11,PROV-021,Secretaría D,6237.0
OC-00416,2019-01-11,PROV-306,Secretaría G,9946.0
OC-00417,2019-01-11,PROV-360,Secretaría G,840.0
OC-00418,2019-01-11,PROV-228,Secretaría C,101124.0
OC-00419,2019-01-11,PROV-289,Secretaría F,8479.87
OC-00420,2019-01-11,PROV-288,Secretaría F,8479.87
OC-00421,2019-01-11,PROV-149,Secretaría F,10460.0
OC-00422,2019-01-11,PROV-149,Secretaría F,10460.0
OC-00423,2019-01-11,PROV-149,Secretaría F,10460.0
OC-00424,2019-01-11,PROV-021,Secretaría D,6237.0
OC-00425,2019-01-11,PROV-090,Secretaría F,19960.0
OC-00426,2019-01-11,PROV-057,Secretaría F,3600.0
OC-00427,2019-01-11,PROV-030,Secretaría A,5000.0
OC-00428,2019-01-11,PROV-021,Secretaría D,6237.0
OC-00429,2019-01-11,PROV-021,Secretaría D,6237.0
OC-00430,2019-01-11,PROV-021,Secretaría D,6237.0
OC-00431,2019-01-11,PROV-021,Secretaría D,6237.0
OC-00432,2019-01-11,PROV-021,Secretaría D,6237.0
OC-00433,2019-01-11,PROV-021,Secretaría D,6237.0
OC-00434,2019-01-11,PROV-104,Secretaría F,702.0
OC-00435,2019-01-11,PROV-021,Secretaría A,9907.0
OC-00436,2019-01-11,PROV-021,Secretaría D,6237.0
OC-00437,2019-01-11,PROV-021,Secretaría A,9907.0
OC-00438,2019-01-11,PROV-135,Secretaría D,2300.0
OC-00439,2019-01-11,PROV-144,Secretaría C,47771.0
OC-00440,2019-01-11,PROV-039,Secretaría A,91200.0
OC-00441,2019-01-11,PROV-100,Secretaría A,48165.0
OC-00442,2019-01-11,PROV-030,Secretaría A,10050.0
OC-00443,2019-01-11,PROV-084,Secretaría F,2810.0
OC-00444,2019-01-11,PROV-084,Secretaría F,2810.0
OC-00445,2019-01-11,PROV-084,Secretaría F,2810.0
OC-00446,2019-01-11,PROV-039,Secretaría A,66000.0
OC-00447,2019-01-11,PROV-414,Secretaría B,2400.0
OC-00448,2019-01-11,PROV-020,Secretaría F,9794.47
OC-00449,2019-01-11,PROV-020,Secretaría F,9794.47
OC-00450,2019-01-11,PROV-021,Secretaría A,9907.0
OC-00451,2019-01-11,PROV-020,Secretaría F,9794.47
OC-00452,2019-01-11,PROV-020,Secretaría F,9794.47
OC-00453,2019-01-11,PROV-020,Secretaría F,9794.47
OC-00454,2019-01-11,PROV-020,Secretaría F,9794.47
OC-00455,2019-01-11,PROV-020,Secretaría F,9794.47
OC-00456,2019-01-11,PROV-203,Secretaría C,75920.0
OC-00457,2019-01-11,PROV-039,Secretaría A,106600.0
OC-00458,2019-01-11,PROV-020,Secretaría F,9794.47
OC-00459,2019-01-11,PROV-356,Secretaría C,3900.0
OC-00460,2019-01-11,PROV-356,Secretaría C,16800.0
OC-00461,2019-01-11,PROV-021,Secretaría A,9907.0
OC-00462,2019-01-11,PROV-021,Secretaría A,9907.0
OC-00463,2019-01-11,PROV-021,Secretaría A,9907.0
OC-00464,2019-01-11,PROV-021,Secretaría A,9907.0
OC-00465,2019-01-11,PROV-021,Secretaría A,9907.0
OC-00466,2019-01-11,PROV-021,Secretaría A,9907.0
OC-00467,2019-01-11,PROV-021,Secretaría A,9907.0
OC-00468,2019-01-11,PROV-021,Secretaría A,9907.0
OC-00469,2019-01-11,PROV-021,Secretaría A,9907.0
OC-00470,2019-01-11,PROV-021,Secretaría A,9907.0
OC-00471,2019-01-11,PROV-021,Secretaría A,9907.0
OC-00472,2019-01-11,PROV-021,Secretaría A,9907.0
OC-00473,2019-01-11,PROV-021,Secretaría A,9907.0
OC-00474,2019-01-11,PROV-021,Secretaría A,9907.0
OC-00475,2019-01-11,PROV-088,Secretaría I,18285.0
OC-00476,2019-01-11,PROV-356,Secretaría C,3900.0
OC-00477,2019-01-11,PROV-021,Secretaría A,9907.0
OC-00478,2019-01-11,PROV-055,Secretaría F,7996.45
OC-00479,2019-01-14,PROV-034,Secretaría A,1235.5
OC-00480,2019-01-14,PROV-034,Secretaría A,1235.5
OC-00481,2019-01-14,PROV-034,Secretaría A,1235.5
OC-00482,2019-01-14,PROV-034,Secretaría A,1235.5
OC-00483,2019-01-14,PROV-034,Secretaría A,1235.5
OC-00484,2019-01-14,PROV-034,Secretaría A,1235.5
OC-00485,2019-01-14,PROV-034,Secretaría A,1235.5
OC-00486,2019-01-14,PROV-034,Secretaría A,1235.5
OC-00487,2019-01-14,PROV-034,Secretaría A,1235.5
OC-00488,2019-01-14,PROV-034,Secretaría A,1235.5
OC-00489,2019-01-14,PROV-020,Secretaría A,7117.0
OC-00490,2019-01-14,PROV-034,Secretaría A,1235.5
OC-00491,2019-01-14,PROV-020,Secretaría A,2650.0
OC-00492,2019-01-14,PROV-034,Secretaría A,1235.5
OC-00493,2019-01-14,PROV-034,Secretaría A,1490.0
OC-00494,2019-01-14,PROV-105,Secretaría D,850.0
OC-00495,2019-01-14,PROV-034,Secretaría A,3190.0
OC-00496,2019-01-14,PROV-034,Secretaría A,3190.0
OC-00497,2019-01-14,PROV-034,Secretaría A,3190.0
OC-00498,2019-01-14,PROV-020,Secretaría A,1921.31
OC-00499,2019-01-14,PROV-020,Secretaría A,1921.31
OC-00500,2019-01-14,PROV-020,Secretaría A,1921.31
OC-00501,2019-01-14,PROV-020,Secretaría A,1921.31
OC-00502,2019-01-14,PROV-020,Secretaría A,1921.31
OC-00503,2019-01-14,PROV-103,Secretaría C,16790.0
OC-00504,2019-01-14,PROV-103,Secretaría B,3450.0
OC-00505,2019-01-14,PROV-055,Secretaría B,600.0
OC-00506,2019-01-14,PROV-055,Secretaría B,600.0
OC-00507,2019-01-14,PROV-055,Secretaría B,600.0
OC-00508,2019-01-14,PROV-100,Secretaría C,1279.0
OC-00509,2019-01-14,PROV-034,Secretaría A,3190.0
OC-00510,2019-01-14,PROV-100,Secretaría C,1279.0
OC-00511,2019-01-14,PROV-100,Secretaría C,1279.0
OC-00512,2019-01-14,PROV-100,Secretaría C,1279.0
OC-00513,2019-01-14,PROV-018,Secretaría G,5317.13
OC-00514,2019-01-14,PROV-017,Secretaría C,214.0
OC-00515,2019-01-14,PROV-018,Secretaría C,6088.71
OC-00516,2019-01-14,PROV-018,Secretaría C,6088.71
OC-00517,2019-01-14,PROV-018,Secretaría C,6088.71
OC-00518,2019-01-14,PROV-018,Secretaría C,6088.71
OC-00519,2019-01-14,PROV-018,Secretaría G,5317.13
OC-00520,2019-01-14,PROV-018,Secretaría C,6088.71
OC-00521,2019-01-14,PROV-018,Secretaría C,6088.71
OC-00522,2019-01-14,PROV-018,Secretaría C,6088.71
OC-00523,2019-01-14,PROV-018,Secretaría C,6088.71
OC-00524,2019-01-14,PROV-018,Secretaría C,6088.71
OC-00525,2019-01-14,PROV-583,Secretaría B,7207.0
OC-00526,2019-01-14,PROV-100,Secretaría C,1279.0
OC-00527,2019-01-14,PROV-018,Secretaría C,6088.71
OC-00528,2019-01-14,PROV-018,Secretaría G,5317.13
OC-00529,2019-01-14,PROV-018,Secretaría C,6088.71
OC-00530,2019-01-14,PROV-018,Secretaría G,5317.13
OC-00531,2019-01-14,PROV-194,Secretaría C,540.0
OC-00532,2019-01-14,PROV-018,Secretaría G,5317.13
OC-00533,2019-01-14,PROV-275,Secretaría A,930.0
OC-00534,2019-01-14,PROV-059,Secretaría B,4680.0
OC-00535,2019-01-14,PROV-065,Secretaría B,1980.0
OC-00536,2019-01-14,PROV-454,Secretaría B,36000.0
OC-00537,2019-01-14,PROV-059,Secretaría B,4680.0
OC-00538,2019-01-14,PROV-018,Secretaría G,5317.13
OC-00539,2019-01-14,PROV-018,Secretaría G,5317.13
OC-00540,2019-01-14,PROV-018,Secretaría G,5317.13
OC-00541,2019-01-14,PROV-018,Secretaría G,5317.13
OC-00542,2019-01-14,PROV-018,Secretaría G,5317.13
OC-00543,2019-01-14,PROV-018,Secretaría G,5317.13
OC-00544,2019-01-14,PROV-104,Secretaría B,900.0
OC-00545,2019-01-15,PROV-320,Secretaría B,3200.0
OC-00546,2019-01-15,PROV-083,Secretaría C,1271.0
OC-00547,2019-01-15,PROV-346,Secretaría E,8000.0
OC-00548,2019-01-15,PROV-137,Secretaría D,66200.0
OC-00549,2019-01-15,PROV-017,Secretaría D,6596.0
OC-00550,2019-01-15,PROV-284,Secretaría E,20000.0
OC-00551,2019-01-15,PROV-284,Secretaría E,10000.0
OC-00552,2019-01-15,PROV-344,Secretaría F,9000.0
OC-00553,2019-01-15,PROV-083,Secretaría C,1271.0
OC-00554,2019-01-15,PROV-030,Secretaría C,4401.99
OC-00555,2019-01-15,PROV-030,Secretaría C,4401.99
OC-00556,2019-01-15,PROV-030,Secretaría C,4401.99
OC-00557,2019-01-15,PROV-030,Secretaría C,4401.99
OC-00558,2019-01-15,PROV-030,Secretaría C,4401.99
OC-00559,2019-01-15,PROV-030,Secretaría C,4401.99
OC-00560,2019-01-15,PROV-030,Secretaría C,4401.99
OC-00561,2019-01-15,PROV-030,Secretaría C,4401.99
OC-00562,2019-01-15,PROV-030,Secretaría C,4401.99
OC-00563,2019-01-15,PROV-320,Secretaría B,1740.0
OC-00564,2019-01-15,PROV-030,Secretaría C,4401.99
OC-00565,2019-01-15,PROV-405,Secretaría E,8200.0
OC-00566,2019-01-15,PROV-002,Secretaría C,4509.0
OC-00567,2019-01-15,PROV-002,Secretaría C,4509.0
OC-00568,2019-01-15,PROV-002,Secretaría B,37363.0
OC-00569,2019-01-15,PROV-002,Secretaría B,37363.0
OC-00570,2019-01-15,PROV-002,Secretaría B,37363.0
OC-00571,2019-01-15,PROV-002,Secretaría C,4509.0
OC-00572,2019-01-15,PROV-002,Secretaría C,4509.0
OC-00573,2019-01-15,PROV-002,Secretaría C,4509.0
OC-00574,2019-01-15,PROV-030,Secretaría C,4401.99
OC-00575,2019-01-15,PROV-002,Secretaría C,4509.0
OC-00576,2019-01-15,PROV-002,Secretaría C,4509.0
OC-00577,2019-01-15,PROV-002,Secretaría C,4509.0
OC-00578,2019-01-15,PROV-002,Secretaría C,4509.0
OC-00579,2019-01-15,PROV-002,Secretaría C,4509.0
OC-00580,2019-01-15,PROV-002,Secretaría C,4509.0
OC-00581,2019-01-15,PROV-002,Secretaría C,4509.0
OC-00582,2019-01-15,PROV-002,Secretaría C,4509.0
OC-00583,2019-01-15,PROV-002,Secretaría C,4509.0
OC-00584,2019-01-15,PROV-002,Secretaría C,4509.0
OC-00585,2019-01-15,PROV-002,Secretaría C,4509.0
OC-00586,2019-01-15,PROV-002,Secretaría C,4509.0
OC-00587,2019-01-15,PROV-002,Secretaría C,4509.0
OC-00588,2019-01-15,PROV-002,Secretaría C,4509.0
OC-00589,2019-01-15,PROV-030,Secretaría C,4401.99
OC-00590,2019-01-15,PROV-007,Secretaría C,4680.0
OC-00591,2019-01-15,PROV-030,Secretaría C,4401.99
OC-00592,2019-01-15,PROV-194,Secretaría C,8968.0
OC-00593,2019-01-15,PROV-058,Secretaría B,4950.0
OC-00594,2019-01-15,PROV-194,Secretaría C,8968.0
OC-00595,2019-01-15,PROV-194,Secretaría C,8968.0
OC-00596,2019-01-15,PROV-194,Secretaría C,1100.0
OC-00597,2019-01-15,PROV-194,Secretaría C,1100.0
OC-00598,2019-01-15,PROV-194,Secretaría B,4760.0
OC-00599,2019-01-15,PROV-194,Secretaría B,4760.0
OC-00600,2019-01-15,PROV-194,Secretaría B,4760.0
OC-00601,2019-01-15,PROV-102,Secretaría C,22000.0
OC-00602,2019-01-15,PROV-325,Secretaría C,50000.0
OC-00603,2019-01-15,PROV-094,Secretaría B,13420.0
OC-00604,2019-01-15,PROV-094,Secretaría B,13420.0
OC-00605,2019-01-15,PROV-094,Secretaría B,13420.0
OC-00606,2019-01-15,PROV-069,Secretaría B,1077.6
OC-00607,2019-01-15,PROV-069,Secretaría B,1077.6
OC-00608,2019-01-15,PROV-058,Secretaría B,4950.0
OC-00609,2019-01-15,PROV-058,Secretaría B,4950.0
OC-00610,2019-01-15,PROV-002,Secretaría B,37363.0
OC-00611,2019-01-15,PROV-007,Secretaría B,48487.5
OC-00612,2019-01-15,PROV-007,Secretaría B,48487.5
OC-00613,2019-01-15,PROV-007,Secretaría B,48487.5
OC-00614,2019-01-15,PROV-007,Secretaría B,48487.5
OC-00615,2019-01-15,PROV-030,Secretaría C,4401.99
OC-00616,2019-01-15,PROV-030,Secretaría C,4401.99
OC-00617,2019-01-15,PROV-030,Secretaría C,4401.99
OC-00618,2019-01-15,PROV-030,Secretaría C,4401.99
OC-00619,2019-01-15,PROV-017,Secretaría A,7320.0
OC-00620,2019-01-15,PROV-473,Secretaría C,30000.0
OC-00621,2019-01-15,PROV-007,Secretaría C,24032.0
OC-00622,2019-01-15,PROV-007,Secretaría C,24032.0
OC-00623,2019-01-15,PROV-007,Secretaría C,24032.0
OC-00624,2019-01-15,PROV-030,Secretaría C,4401.99
OC-00625,2019-01-15,PROV-007,Secretaría C,24032.0
OC-00626,2019-01-15,PROV-007,Secretaría C,24032.0
OC-00627,2019-01-15,PROV-007,Secretaría C,4680.0
OC-00628,2019-01-15,PROV-007,Secretaría C,4680.0
OC-00629,2019-01-15,PROV-007,Secretaría B,4300.0
OC-00630,2019-01-15,PROV-007,Secretaría B,48487.5
OC-00631,2019-01-15,PROV-007,Secretaría B,48487.5
OC-00632,2019-01-15,PROV-007,Secretaría B,48487.5
OC-00633,2019-01-15,PROV-007,Secretaría B,48487.5
OC-00634,2019-01-15,PROV-007,Secretaría B,48487.5
OC-00635,2019-01-15,PROV-007,Secretaría C,24032.0
OC-00636,2019-01-15,PROV-002,Secretaría B,37363.0
OC-00637,2019-01-15,PROV-021,Secretaría H,11672.0
OC-00638,2019-01-15,PROV-002,Secretaría B,37363.0
OC-00639,2019-01-15,PROV-127,Secretaría B,5227.2
OC-00640,2019-01-15,PROV-021,Secretaría C,3540.0
OC-00641,2019-01-15,PROV-021,Secretaría C,3540.0
OC-00642,2019-01-15,PROV-021,Secretaría C,3540.0
OC-00643,2019-01-15,PROV-021,Secretaría C,3540.0
OC-00644,2019-01-15,PROV-021,Secretaría C,3540.0
OC-00645,2019-01-15,PROV-021,Secretaría C,3540.0
OC-00646,2019-01-15,PROV-021,Secretaría C,3540.0
OC-00647,2019-01-15,PROV-021,Secretaría C,3540.0
OC-00648,2019-01-15,PROV-012,Secretaría C,748.2
OC-00649,2019-01-15,PROV-083,Secretaría C,7480.0
OC-00650,2019-01-15,PROV-127,Secretaría B,20760.0
OC-00651,2019-01-15,PROV-127,Secretaría B,20760.0
OC-00652,2019-01-15,PROV-002,Secretaría C,31600.0
OC-00653,2019-01-15,PROV-002,Secretaría C,31600.0
OC-00654,2019-01-15,PROV-002,Secretaría C,31600.0
OC-00655,2019-01-15,PROV-002,Secretaría C,31600.0
OC-00656,2019-01-15,PROV-002,Secretaría C,31600.0
OC-00657,2019-01-15,PROV-002,Secretaría C,31600.0
OC-00658,2019-01-15,PROV-021,Secretaría H,11672.0
OC-00659,2019-01-15,PROV-021,Secretaría H,11672.0
OC-00660,2019-01-15,PROV-021,Secretaría H,11672.0
OC-00661,2019-01-15,PROV-021,Secretaría H,11672.0
OC-00662,2019-01-15,PROV-028,Secretaría B,70347.0
OC-00663,2019-01-15,PROV-028,Secretaría B,85934.0
OC-00664,2019-01-15,PROV-028,Secretaría B,85934.0
OC-00665,2019-01-15,PROV-028,Secretaría B,85934.0
OC-00666,2019-01-15,PROV-028,Secretaría B,85934.0
OC-00667,2019-01-15,PROV-028,Secretaría B,85934.0
OC-00668,2019-01-15,PROV-028,Secretaría B,85934.0
OC-00669,2019-01-15,PROV-028,Secretaría B,85934.0
OC-00670,2019-01-15,PROV-028,Secretaría B,85934.0
OC-00671,2019-01-15,PROV-002,Secretaría C,31600.0
OC-00672,2019-01-15,PROV-028,Secretaría B,85934.0
OC-00673,2019-01-15,PROV-084,Secretaría G,3670.0
OC-00674,2019-01-15,PROV-084,Secretaría G,3670.0
OC-00675,2019-01-15,PROV-088,Secretaría C,3740.0
OC-00676,2019-01-15,PROV-308,Secretaría C,5499.0
OC-00677,2019-01-15,PROV-021,Secretaría H,11672.0
OC-00678,2019-01-15,PROV-021,Secretaría H,11672.0
OC-00679,2019-01-15,PROV-021,Secretaría H,11672.0
OC-00680,2019-01-15,PROV-021,Secretaría H,11672.0
OC-00681,2019-01-15,PROV-021,Secretaría H,11672.0
OC-00682,2019-01-15,PROV-028,Secretaría B,85934.0
OC-00683,2019-01-15,PROV-002,Secretaría B,37363.0
OC-00684,2019-01-15,PROV-002,Secretaría C,31600.0
OC-00685,2019-01-15,PROV-002,Secretaría C,31600.0
OC-00686,2019-01-15,PROV-002,Secretaría B,17980.0
OC-00687,2019-01-15,PROV-002,Secretaría B,37363.0
OC-00688,2019-01-15,PROV-002,Secretaría B,37363.0
OC-00689,2019-01-15,PROV-002,Secretaría B,37363.0
OC-00690,2019-01-15,PROV-002,Secretaría B,37363.0
OC-00691,2019-01-15,PROV-002,Secretaría B,37363.0
OC-00692,2019-01-15,PROV-002,Secretaría B,37363.0
OC-00693,2019-01-15,PROV-002,Secretaría B,37363.0
OC-00694,2019-01-15,PROV-002,Secretaría B,37363.0
OC-00695,2019-01-15,PROV-002,Secretaría B,37363.0
OC-00696,2019-01-15,PROV-002,Secretaría B,37363.0
OC-00697,2019-01-15,PROV-002,Secretaría B,37363.0
OC-00698,2019-01-15,PROV-002,Secretaría B,37363.0
OC-00699,2019-01-15,PROV-002,Secretaría B,37363.0
OC-00700,2019-01-15,PROV-002,Secretaría B,37363.0
OC-00701,2019-01-15,PROV-002,Secretaría B,37363.0
OC-00702,2019-01-15,PROV-002,Secretaría B,37363.0
OC-00703,2019-01-15,PROV-002,Secretaría B,37363.0
OC-00704,2019-01-15,PROV-002,Secretaría B,37363.0
OC-00705,2019-01-15,PROV-002,Secretaría B,17980.0
OC-00706,2019-01-15,PROV-002,Secretaría B,17980.0
OC-00707,2019-01-15,PROV-002,Secretaría B,17980.0
OC-00708,2019-01-15,PROV-002,Secretaría B,17980.0
OC-00709,2019-01-15,PROV-002,Secretaría C,31600.0
OC-00710,2019-01-15,PROV-002,Secretaría C,31600.0
OC-00711,2019-01-15,PROV-002,Secretaría C,31600.0
OC-00712,2019-01-15,PROV-002,Secretaría C,31600.0
OC-00713,2019-01-15,PROV-002,Secretaría C,31600.0
OC-00714,2019-01-15,PROV-002,Secretaría C,31600.0
OC-00715,2019-01-15,PROV-002,Secretaría C,31600.0
OC-00716,2019-01-15,PROV-002,Secretaría C,31600.0
OC-00717,2019-01-15,PROV-002,Secretaría C,31600.0
OC-00718,2019-01-15,PROV-002,Secretaría C,31600.0
OC-00719,2019-01-15,PROV-002,Secretaría C,31600.0
OC-00720,2019-01-15,PROV-002,Secretaría C,31600.0
OC-00721,2019-01-15,PROV-002,Secretaría C,31600.0
OC-00722,2019-01-15,PROV-002,Secretaría C,31600.0
OC-00723,2019-01-15,PROV-002,Secretaría C,31600.0
OC-00724,2019-01-15,PROV-113,Secretaría E,1581.3
OC-00725,2019-01-15,PROV-002,Secretaría B,17980.0
OC-00726,2019-01-15,PROV-002,Secretaría B,17980.0
OC-00727,2019-01-15,PROV-002,Secretaría B,17980.0
OC-00728,2019-01-15,PROV-002,Secretaría B,17980.0
OC-00729,2019-01-15,PROV-002,Secretaría C,31600.0
OC-00730,2019-01-15,PROV-028,Secretaría B,70347.0
OC-00731,2019-01-15,PROV-002,Secretaría B,17980.0
OC-00732,2019-01-15,PROV-028,Secretaría B,70347.0
OC-00733,2019-01-15,PROV-001,Secretaría B,33320.0
OC-00734,2019-01-15,PROV-001,Secretaría B,33320.0
OC-00735,2019-01-15,PROV-001,Secretaría B,33320.0
OC-00736,2019-01-15,PROV-001,Secretaría B,33320.0
OC-00737,2019-01-15,PROV-001,Secretaría B,33320.0
OC-00738,2019-01-15,PROV-001,Secretaría B,33320.0
OC-00739,2019-01-15,PROV-001,Secretaría B,33320.0
OC-00740,2019-01-15,PROV-001,Secretaría B,33320.0
OC-00741,2019-01-15,PROV-001,Secretaría B,33320.0
OC-00742,2019-01-15,PROV-001,Secretaría C,36557.8
OC-00743,2019-01-15,PROV-001,Secretaría C,36557.8
OC-00744,2019-01-15,PROV-001,Secretaría C,36557.8
OC-00745,2019-01-15,PROV-001,Secretaría C,36557.8
OC-00746,2019-01-15,PROV-001,Secretaría C,36557.8
OC-00747,2019-01-15,PROV-001,Secretaría C,36557.8
OC-00748,2019-01-15,PROV-001,Secretaría C,36557.8
OC-00749,2019-01-15,PROV-001,Secretaría C,36557.8
OC-00750,2019-01-15,PROV-001,Secretaría C,36557.8
OC-00751,2019-01-15,PROV-001,Secretaría C,36557.8
OC-00752,2019-01-15,PROV-001,Secretaría B,33320.0
OC-00753,2019-01-15,PROV-001,Secretaría B,33320.0
OC-00754,2019-01-15,PROV-001,Secretaría B,33320.0
OC-00755,2019-01-15,PROV-001,Secretaría B,33320.0
OC-00756,2019-01-15,PROV-001,Secretaría B,33320.0
OC-00757,2019-01-15,PROV-001,Secretaría B,33320.0
OC-00758,2019-01-15,PROV-001,Secretaría B,33320.0
OC-00759,2019-01-15,PROV-001,Secretaría B,33320.0
OC-00760,2019-01-15,PROV-001,Secretaría B,33320.0
OC-00761,2019-01-15,PROV-001,Secretaría B,33320.0
OC-00762,2019-01-15,PROV-001,Secretaría B,33320.0
OC-00763,2019-01-15,PROV-001,Secretaría B,33320.0
OC-00764,2019-01-15,PROV-001,Secretaría B,33320.0
OC-00765,2019-01-15,PROV-001,Secretaría C,36557.8
OC-00766,2019-01-15,PROV-001,Secretaría B,33320.0
OC-00767,2019-01-15,PROV-001,Secretaría B,33320.0
OC-00768,2019-01-15,PROV-001,Secretaría B,33320.0
OC-00769,2019-01-15,PROV-001,Secretaría B,33320.0
OC-00770,2019-01-15,PROV-001,Secretaría B,33320.0
OC-00771,2019-01-15,PROV-001,Secretaría B,33320.0
OC-00772,2019-01-15,PROV-001,Secretaría B,33320.0
OC-00773,2019-01-15,PROV-001,Secretaría B,33320.0
OC-00774,2019-01-15,PROV-028,Secretaría B,70347.0
OC-00775,2019-01-15,PROV-001,Secretaría B,33320.0
OC-00776,2019-01-15,PROV-001,Secretaría B,33320.0
OC-00777,2019-01-15,PROV-001,Secretaría C,1963.0
OC-00778,2019-01-15,PROV-001,Secretaría C,36557.8
OC-00779,2019-01-15,PROV-001,Secretaría C,36557.8
OC-00780,2019-01-15,PROV-001,Secretaría C,36557.8
OC-00781,2019-01-15,PROV-001,Secretaría C,36557.8
OC-00782,2019-01-15,PROV-001,Secretaría C,36557.8
OC-00783,2019-01-15,PROV-001,Secretaría C,36557.8
OC-00784,2019-01-15,PROV-001,Secretaría C,36557.8
OC-00785,2019-01-15,PROV-001,Secretaría C,36557.8
OC-00786,2019-01-15,PROV-001,Secretaría C,36557.8
OC-00787,2019-01-15,PROV-001,Secretaría C,36557.8
OC-00788,2019-01-15,PROV-001,Secretaría C,36557.8
OC-00789,2019-01-15,PROV-001,Secretaría C,36557.8
OC-00790,2019-01-15,PROV-001,Secretaría C,36557.8
OC-00791,2019-01-15,PROV-237,Secretaría C,91839.0
OC-00792,2019-01-15,PROV-167,Secretaría B,7420.0
OC-00793,2019-01-15,PROV-065,Secretaría B,7810.0
OC-00794,2019-01-15,PROV-036,Secretaría C,60750.0
OC-00795,2019-01-15,PROV-183,Secretaría B,12190.0
OC-00796,2019-01-15,PROV-069,Secretaría B,4281.1
OC-00797,2019-01-15,PROV-069,Secretaría B,4281.1
OC-00798,2019-01-15,PROV-127,Secretaría B,34200.0
OC-00799,2019-01-15,PROV-001,Secretaría C,36557.8
OC-00800,2019-01-15,PROV-001,Secretaría C,36557.8
OC-00801,2019-01-15,PROV-001,Secretaría C,36557.8
OC-00802,2019-01-15,PROV-001,Secretaría C,36557.8
OC-00803,2019-01-15,PROV-001,Secretaría C,36557.8
OC-00804,2019-01-15,PROV-001,Secretaría C,36557.8
OC-00805,2019-01-15,PROV-001,Secretaría C,36557.8
OC-00806,2019-01-15,PROV-001,Secretaría C,36557.8
OC-00807,2019-01-15,PROV-001,Secretaría C,36557.8
OC-00808,2019-01-15,PROV-001,Secretaría C,36557.8
OC-00809,2019-01-15,PROV-001,Secretaría C,36557.8
OC-00810,2019-01-15,PROV-001,Secretaría C,36557.8
OC-00811,2019-01-15,PROV-001,Secretaría C,36557.8
OC-00812,2019-01-15,PROV-001,Secretaría C,36557.8
OC-00813,2019-01-15,PROV-001,Secretaría C,36557.8
OC-00814,2019-01-15,PROV-001,Secretaría C,36557.8
OC-00815,2019-01-15,PROV-001,Secretaría C,36557.8
OC-00816,2019-01-15,PROV-001,Secretaría C,36557.8
OC-00817,2019-01-15,PROV-001,Secretaría C,36557.8
OC-00818,2019-01-15,PROV-001,Secretaría C,36557.8
OC-00819,2019-01-15,PROV-001,Secretaría C,36557.8
OC-00820,2019-01-15,PROV-001,Secretaría C,36557.8
OC-00821,2019-01-15,PROV-001,Secretaría C,36557.8
OC-00822,2019-01-15,PROV-001,Secretaría C,36557.8
OC-00823,2019-01-15,PROV-001,Secretaría C,36557.8
OC-00824,2019-01-15,PROV-001,Secretaría C,1963.0
OC-00825,2019-01-15,PROV-001,Secretaría B,33320.0
OC-00826,2019-01-15,PROV-001,Secretaría C,1963.0
OC-00827,2019-01-15,PROV-005,Secretaría B,107891.88
OC-00828,2019-01-15,PROV-005,Secretaría B,107891.88
OC-00829,2019-01-15,PROV-005,Secretaría B,107891.88
OC-00830,2019-01-15,PROV-005,Secretaría B,107891.88
OC-00831,2019-01-15,PROV-005,Secretaría B,107891.88
OC-00832,2019-01-15,PROV-005,Secretaría B,107891.88
OC-00833,2019-01-15,PROV-356,Secretaría C,990.0
OC-00834,2019-01-15,PROV-135,Secretaría D,3000.0
OC-00835,2019-01-15,PROV-008,Secretaría B,23585.0
OC-00836,2019-01-15,PROV-005,Secretaría B,107891.88
OC-00837,2019-01-15,PROV-008,Secretaría B,23585.0
OC-00838,2019-01-15,PROV-008,Secretaría B,23585.0
OC-00839,2019-01-15,PROV-008,Secretaría B,23585.0
OC-00840,2019-01-15,PROV-008,Secretaría B,23585.0
OC-00841,2019-01-15,PROV-125,Secretaría B,13215.0
OC-00842,2019-01-15,PROV-125,Secretaría B,13215.0
OC-00843,2019-01-15,PROV-005,Secretaría B,115037.08
OC-00844,2019-01-15,PROV-005,Secretaría B,115037.08
OC-00845,2019-01-15,PROV-005,Secretaría B,115037.08
OC-00846,2019-01-15,PROV-005,Secretaría B,115037.08
OC-00847,2019-01-15,PROV-008,Secretaría B,23585.0
OC-00848,2019-01-15,PROV-005,Secretaría B,115037.08
OC-00849,2019-01-15,PROV-005,Secretaría B,107891.88
OC-00850,2019-01-15,PROV-005,Secretaría B,107891.88
OC-00851,2019-01-15,PROV-028,Secretaría B,70347.0
OC-00852,2019-01-15,PROV-028,Secretaría B,70347.0
OC-00853,2019-01-15,PROV-028,Secretaría B,70347.0
OC-00854,2019-01-15,PROV-008,Secretaría B,66208.0
OC-00855,2019-01-15,PROV-008,Secretaría B,66208.0
OC-00856,2019-01-15,PROV-008,Secretaría B,66208.0
OC-00857,2019-01-15,PROV-008,Secretaría B,66208.0
OC-00858,2019-01-15,PROV-008,Secretaría B,66208.0
OC-00859,2019-01-15,PROV-008,Secretaría B,66208.0
OC-00860,2019-01-15,PROV-005,Secretaría B,107891.88
OC-00861,2019-01-15,PROV-008,Secretaría B,66208.0
OC-00862,2019-01-15,PROV-008,Secretaría B,66208.0
OC-00863,2019-01-15,PROV-001,Secretaría C,1963.0
OC-00864,2019-01-15,PROV-125,Secretaría B,39570.0
OC-00865,2019-01-15,PROV-125,Secretaría B,39570.0
OC-00866,2019-01-15,PROV-005,Secretaría B,107891.88
OC-00867,2019-01-15,PROV-005,Secretaría B,107891.88
OC-00868,2019-01-15,PROV-005,Secretaría B,107891.88
OC-00869,2019-01-15,PROV-005,Secretaría B,107891.88
OC-00870,2019-01-15,PROV-005,Secretaría B,107891.88
OC-00871,2019-01-15,PROV-008,Secretaría B,66208.0
OC-00872,2019-01-15,PROV-005,Secretaría B,115037.08
OC-00873,2019-01-15,PROV-125,Secretaría B,39570.0
OC-00874,2019-01-15,PROV-005,Secretaría B,115037.08
OC-00875,2019-01-15,PROV-017,Secretaría C,2044.35
OC-00876,2019-01-15,PROV-001,Secretaría C,8668.3
OC-00877,2019-01-15,PROV-001,Secretaría C,8668.3
OC-00878,2019-01-15,PROV-001,Secretaría C,8668.3
OC-00879,2019-01-15,PROV-001,Secretaría C,8668.3
OC-00880,2019-01-15,PROV-001,Secretaría C,8668.3
OC-00881,2019-01-15,PROV-001,Secretaría C,8668.3
OC-00882,2019-01-15,PROV-001,Secretaría C,8668.3
OC-00883,2019-01-15,PROV-001,Secretaría C,8668.3
OC-00884,2019-01-15,PROV-017,Secretaría C,2044.35
OC-00885,2019-01-15,PROV-001,Secretaría C,8668.3
OC-00886,2019-01-15,PROV-001,Secretaría C,8668.3
OC-00887,2019-01-15,PROV-001,Secretaría C,8668.3
OC-00888,2019-01-15,PROV-001,Secretaría C,8668.3
OC-00889,2019-01-15,PROV-001,Secretaría C,8668.3
OC-00890,2019-01-15,PROV-001,Secretaría C,8668.3
OC-00891,2019-01-15,PROV-001,Secretaría C,1963.0
OC-00892,2019-01-15,PROV-001,Secretaría C,1963.0
OC-00893,2019-01-15,PROV-001,Secretaría C,1963.0
OC-00894,2019-01-15,PROV-005,Secretaría B,115037.08
OC-00895,2019-01-15,PROV-001,Secretaría C,8668.3
OC-00896,2019-01-15,PROV-257,Secretaría C,2500.0
OC-00897,2019-01-15,PROV-001,Secretaría C,8668.3
OC-00898,2019-01-15,PROV-030,Secretaría F,4400.0
OC-00899,2019-01-15,PROV-005,Secretaría B,115037.08
OC-00900,2019-01-15,PROV-377,Secretaría F,34776.0
OC-00901,2019-01-15,PROV-005,Secretaría B,115037.08
OC-00902,2019-01-15,PROV-005,Secretaría B,115037.08
OC-00903,2019-01-15,PROV-005,Secretaría B,115037.08
OC-00904,2019-01-15,PROV-005,Secretaría B,115037.08
OC-00905,2019-01-15,PROV-005,Secretaría B,115037.08
OC-00906,2019-01-15,PROV-005,Secretaría B,115037.08
OC-00907,2019-01-15,PROV-005,Secretaría B,115037.08
OC-00908,2019-01-15,PROV-055,Secretaría E,1075.0
OC-00909,2019-01-15,PROV-005,Secretaría B,115037.08
OC-00910,2019-01-15,PROV-058,Secretaría B,12946.0
OC-00911,2019-01-15,PROV-058,Secretaría B,12946.0
OC-00912,2019-01-15,PROV-069,Secretaría B,5197.0
OC-00913,2019-01-15,PROV-266,Secretaría E,7632.3
OC-00914,2019-01-15,PROV-069,Secretaría B,5197.0
OC-00915,2019-01-15,PROV-069,Secretaría B,5197.0
OC-00916,2019-01-15,PROV-069,Secretaría B,5197.0
OC-00917,2019-01-15,PROV-094,Secretaría B,4900.0
OC-00918,2019-01-15,PROV-100,Secretaría A,1100.0
OC-00919,2019-01-16,PROV-008,Secretaría B,30775.0
OC-00920,2019-01-16,PROV-027,Secretaría B,7874.0
OC-00921,2019-01-16,PROV-027,Secretaría B,7874.0
OC-00922,2019-01-16,PROV-027,Secretaría B,7874.0
OC-00923,2019-01-16,PROV-307,Secretaría B,115710.0
OC-00924,2019-01-16,PROV-008,Secretaría B,30775.0
OC-00925,2019-01-16,PROV-008,Secretaría B,30775.0
OC-00926,2019-01-16,PROV-008,Secretaría B,30775.0
OC-00927,2019-01-16,PROV-008,Secretaría B,30775.0
OC-00928,2019-01-16,PROV-008,Secretaría B,30775.0
OC-00929,2019-01-16,PROV-008,Secretaría B,30775.0
OC-00930,2019-01-16,PROV-404,Secretaría G,3500.0
OC-00931,2019-01-16,PROV-008,Secretaría B,30775.0
OC-00932,2019-01-16,PROV-008,Secretaría B,30775.0
OC-00933,2019-01-16,PROV-020,Secretaría A,1050.0
OC-00934,2019-01-16,PROV-020,Secretaría A,800.61
OC-00935,2019-01-16,PROV-020,Secretaría D,686.27
OC-00936,2019-01-16,PROV-149,Secretaría F,13300.0
OC-00937,2019-01-16,PROV-008,Secretaría B,30775.0
OC-00938,2019-01-16,PROV-020,Secretaría A,800.61
OC-00939,2019-01-16,PROV-020,Secretaría A,800.61
OC-00940,2019-01-16,PROV-020,Secretaría A,800.61
OC-00941,2019-01-16,PROV-020,Secretaría A,800.61
OC-00942,2019-01-16,PROV-020,Secretaría A,1050.0
OC-00943,2019-01-16,PROV-020,Secretaría A,800.61
OC-00944,2019-01-16,PROV-361,Secretaría F,11300.0
OC-00945,2019-01-16,PROV-020,Secretaría A,8442.0
OC-00946,2019-01-16,PROV-020,Secretaría A,8442.0
OC-00947,2019-01-16,PROV-020,Secretaría A,8442.0
OC-00948,2019-01-16,PROV-020,Secretaría A,8442.0
OC-00949,2019-01-16,PROV-020,Secretaría D,686.27
OC-00950,2019-01-16,PROV-361,Secretaría F,11300.0
OC-00951,2019-01-16,PROV-008,Secretaría B,30775.0
OC-00952,2019-01-16,PROV-175,Secretaría G,16396.0
OC-00953,2019-01-16,PROV-073,Secretaría B,100477.6
OC-00954,2019-01-16,PROV-175,Secretaría G,16396.0
OC-00955,2019-01-16,PROV-175,Secretaría G,16396.0
OC-00956,2019-01-16,PROV-088,Secretaría I,15700.0
OC-00957,2019-01-16,PROV-064,Secretaría A,86400.0
OC-00958,2019-01-16,PROV-064,Secretaría A,86400.0
OC-00959,2019-01-16,PROV-064,Secretaría A,86400.0
OC-00960,2019-01-16,PROV-175,Secretaría G,16396.0
OC-00961,2019-01-16,PROV-040,Secretaría H,111460.0
OC-00962,2019-01-16,PROV-040,Secretaría H,111460.0
OC-00963,2019-01-16,PROV-040,Secretaría H,111460.0
OC-00964,2019-01-16,PROV-040,Secretaría H,111460.0
OC-00965,2019-01-16,PROV-040,Secretaría H,111460.0
OC-00966,2019-01-16,PROV-045,Secretaría C,1102.44
OC-00967,2019-01-16,PROV-149,Secretaría F,13300.0
OC-00968,2019-01-16,PROV-040,Secretaría H,111460.0
OC-00969,2019-01-16,PROV-073,Secretaría B,100477.6
OC-00970,2019-01-16,PROV-016,Secretaría B,170977.0
OC-00971,2019-01-16,PROV-016,Secretaría B,170977.0
OC-00972,2019-01-16,PROV-073,Secretaría B,100477.6
OC-00973,2019-01-16,PROV-073,Secretaría B,100477.6
OC-00974,2019-01-16,PROV-073,Secretaría B,100477.6
OC-00975,2019-01-16,PROV-073,Secretaría B,100477.6
OC-00976,2019-01-16,PROV-073,Secretaría B,100477.6
OC-00977,2019-01-16,PROV-073,Secretaría B,100477.6
OC-00978,2019-01-16,PROV-016,Secretaría B,170977.0
OC-00979,2019-01-16,PROV-073,Secretaría B,100477.6
OC-00980,2019-01-16,PROV-016,Secretaría B,170977.0
OC-00981,2019-01-16,PROV-016,Secretaría B,170977.0
OC-00982,2019-01-16,PROV-016,Secretaría B,170977.0
OC-00983,2019-01-16,PROV-016,Secretaría B,170977.0
OC-00984,2019-01-16,PROV-016,Secretaría B,170977.0
OC-00985,2019-01-16,PROV-016,Secretaría B,170977.0
OC-00986,2019-01-16,PROV-016,Secretaría B,170977.0
OC-00987,2019-01-16,PROV-149,Secretaría F,13300.0
OC-00988,2019-01-16,PROV-020,Secretaría A,1771.45
OC-00989,2019-01-16,PROV-020,Secretaría A,3010.0
OC-00990,2019-01-16,PROV-020,Secretaría A,1370.14
OC-00991,2019-01-16,PROV-020,Secretaría A,1370.14
OC-00992,2019-01-16,PROV-020,Secretaría A,1370.14
OC-00993,2019-01-16,PROV-020,Secretaría A,1370.14
OC-00994,2019-01-16,PROV-147,Secretaría B,8750.0
OC-00995,2019-01-16,PROV-147,Secretaría B,4900.0
OC-00996,2019-01-16,PROV-020,Secretaría A,19950.0
OC-00997,2019-01-16,PROV-003,Secretaría A,4773519.0
OC-00998,2019-01-16,PROV-003,Secretaría A,4773519.0
OC-00999,2019-01-16,PROV-034,Secretaría A,945.0
OC-01000,2019-01-16,PROV-034,Secretaría A,945.0
OC-01001,2019-01-16,PROV-034,Secretaría A,945.0
OC-01002,2019-01-16,PROV-034,Secretaría A,945.0
OC-01003,2019-01-16,PROV-404,Secretaría B,3600.0
OC-01004,2019-01-16,PROV-003,Secretaría A,4773519.0
OC-01005,2019-01-16,PROV-147,Secretaría B,2900.0
OC-01006,2019-01-16,PROV-020,Secretaría A,19950.0
OC-01007,2019-01-16,PROV-020,Secretaría A,1047.93
OC-01008,2019-01-16,PROV-020,Secretaría A,1010.0
OC-01009,2019-01-16,PROV-223,Secretaría E,2900.0
OC-01010,2019-01-16,PROV-523,Secretaría E,7670.0
OC-01011,2019-01-16,PROV-146,Secretaría E,43200.0
OC-01012,2019-01-16,PROV-020,Secretaría A,1565.77
OC-01013,2019-01-16,PROV-020,Secretaría A,1565.77
OC-01014,2019-01-16,PROV-020,Secretaría A,1047.93
OC-01015,2019-01-16,PROV-020,Secretaría A,1565.77
OC-01016,2019-01-16,PROV-020,Secretaría A,1565.77
OC-01017,2019-01-16,PROV-020,Secretaría A,1565.77
OC-01018,2019-01-16,PROV-020,Secretaría A,1565.77
OC-01019,2019-01-16,PROV-020,Secretaría A,1565.77
OC-01020,2019-01-16,PROV-020,Secretaría A,3351.54
OC-01021,2019-01-16,PROV-020,Secretaría A,3351.54
OC-01022,2019-01-16,PROV-020,Secretaría A,1565.77
OC-01023,2019-01-16,PROV-034,Secretaría A,4395.0
OC-01024,2019-01-16,PROV-074,Secretaría A,2495.0
OC-01025,2019-01-16,PROV-034,Secretaría A,4395.0
OC-01026,2019-01-16,PROV-034,Secretaría A,4395.0
OC-01027,2019-01-16,PROV-018,Secretaría A,5513.34
OC-01028,2019-01-16,PROV-018,Secretaría A,5513.34
OC-01029,2019-01-16,PROV-018,Secretaría A,5513.34
OC-01030,2019-01-16,PROV-034,Secretaría A,1255.0
OC-01031,2019-01-16,PROV-034,Secretaría A,1255.0
OC-01032,2019-01-16,PROV-147,Secretaría B,3150.0
OC-01033,2019-01-16,PROV-087,Secretaría B,9770.0
OC-01034,2019-01-16,PROV-087,Secretaría B,9770.0
OC-01035,2019-01-16,PROV-087,Secretaría B,9770.0
OC-01036,2019-01-16,PROV-020,Secretaría A,1771.45
OC-01037,2019-01-16,PROV-020,Secretaría A,1771.45
OC-01038,2019-01-16,PROV-020,Secretaría A,3010.0
OC-01039,2019-01-16,PROV-084,Secretaría B,9020.0
OC-01040,2019-01-16,PROV-034,Secretaría A,1515.0
OC-01041,2019-01-16,PROV-061,Secretaría B,60105.0
OC-01042,2019-01-16,PROV-034,Secretaría A,1515.0
OC-01043,2019-01-16,PROV-034,Secretaría A,4395.0
OC-01044,2019-01-16,PROV-034,Secretaría A,1515.0
OC-01045,2019-01-16,PROV-034,Secretaría A,4395.0
OC-01046,2019-01-16,PROV-034,Secretaría A,4395.0
OC-01047,2019-01-16,PROV-034,Secretaría A,4395.0
OC-01048,2019-01-16,PROV-034,Secretaría A,4395.0
OC-01049,2019-01-16,PROV-034,Secretaría A,4395.0
OC-01050,2019-01-16,PROV-034,Secretaría A,4395.0
OC-01051,2019-01-16,PROV-034,Secretaría A,4395.0
OC-01052,2019-01-16,PROV-147,Secretaría B,5250.0
OC-01053,2019-01-16,PROV-034,Secretaría A,2360.0
OC-01054,2019-01-16,PROV-034,Secretaría A,2360.0
OC-01055,2019-01-16,PROV-034,Secretaría A,2360.0
OC-01056,2019-01-16,PROV-034,Secretaría A,4395.0
OC-01057,2019-01-16,PROV-034,Secretaría A,2360.0
OC-01058,2019-01-17,PROV-113,Secretaría E,16844.93
OC-01059,2019-01-17,PROV-393,Secretaría G,3500.0
OC-01060,2019-01-17,PROV-034,Secretaría F,11530.0
OC-01061,2019-01-17,PROV-034,Secretaría F,11530.0
OC-01062,2019-01-17,PROV-034,Secretaría F,11530.0
OC-01063,2019-01-17,PROV-034,Secretaría F,11530.0
OC-01064,2019-01-17,PROV-113,Secretaría E,16844.93
OC-01065,2019-01-17,PROV-034,Secretaría F,11530.0
OC-01066,2019-01-17,PROV-034,Secretaría F,11530.0
OC-01067,2019-01-17,PROV-113,Secretaría E,16844.93
OC-01068,2019-01-17,PROV-088,Secretaría C,32500.0
OC-01069,2019-01-17,PROV-056,Secretaría A,13400.0
OC-01070,2019-01-17,PROV-105,Secretaría E,3150.0
OC-01071,2019-01-17,PROV-055,Secretaría J,6900.0
OC-01072,2019-01-17,PROV-062,Secretaría B,38900.5
OC-01073,2019-01-17,PROV-034,Secretaría F,765.0
OC-01074,2019-01-17,PROV-111,Secretaría C,37378.45
OC-01075,2019-01-17,PROV-111,Secretaría C,37378.45
OC-01076,2019-01-17,PROV-034,Secretaría F,11530.0
OC-01077,2019-01-17,PROV-111,Secretaría C,37378.45
OC-01078,2019-01-17,PROV-113,Secretaría E,16844.93
OC-01079,2019-01-17,PROV-034,Secretaría F,11530.0
OC-01080,2019-01-17,PROV-030,Secretaría D,9802.0
OC-01081,2019-01-17,PROV-401,Secretaría B,8065.0
OC-01082,2019-01-17,PROV-104,Secretaría G,800.0
OC-01083,2019-01-17,PROV-111,Secretaría C,37378.45
OC-01084,2019-01-17,PROV-027,Secretaría C,1638.95
OC-01085,2019-01-17,PROV-102,Secretaría D,88000.0
OC-01086,2019-01-17,PROV-030,Secretaría D,9802.0
OC-01087,2019-01-17,PROV-030,Secretaría D,9802.0
OC-01088,2019-01-17,PROV-030,Secretaría D,9802.0
OC-01089,2019-01-17,PROV-030,Secretaría D,9802.0
OC-01090,2019-01-17,PROV-030,Secretaría D,9802.0
OC-01091,2019-01-17,PROV-030,Secretaría D,9802.0
OC-01092,2019-01-17,PROV-030,Secretaría D,9802.0
OC-01093,2019-01-17,PROV-030,Secretaría D,9802.0
OC-01094,2019-01-17,PROV-030,Secretaría D,9802.0
OC-01095,2019-01-17,PROV-030,Secretaría D,9802.0
OC-01096,2019-01-17,PROV-030,Secretaría D,9802.0
OC-01097,2019-01-17,PROV-030,Secretaría D,9802.0
OC-01098,2019-01-17,PROV-084,Secretaría D,1240.0
OC-01099,2019-01-17,PROV-084,Secretaría D,1240.0
OC-01100,2019-01-17,PROV-087,Secretaría F,8620.0
OC-01101,2019-01-17,PROV-414,Secretaría C,2080.0
OC-01102,2019-01-17,PROV-401,Secretaría B,8065.0
OC-01103,2019-01-17,PROV-034,Secretaría F,11530.0
OC-01104,2019-01-17,PROV-111,Secretaría C,37378.45
OC-01105,2019-01-17,PROV-111,Secretaría C,37378.45
OC-01106,2019-01-17,PROV-111,Secretaría C,37378.45
OC-01107,2019-01-17,PROV-018,Secretaría A,762.87
OC-01108,2019-01-17,PROV-018,Secretaría A,762.87
OC-01109,2019-01-17,PROV-018,Secretaría A,762.87
OC-01110,2019-01-17,PROV-018,Secretaría A,762.87
OC-01111,2019-01-17,PROV-018,Secretaría A,762.87
OC-01112,2019-01-17,PROV-018,Secretaría A,762.87
OC-01113,2019-01-17,PROV-018,Secretaría A,762.87
OC-01114,2019-01-17,PROV-020,Secretaría A,790.0
OC-01115,2019-01-17,PROV-020,Secretaría A,2640.0
OC-01116,2019-01-17,PROV-018,Secretaría A,762.87
OC-01117,2019-01-17,PROV-020,Secretaría A,2640.0
OC-01118,2019-01-17,PROV-020,Secretaría A,2640.0
OC-01119,2019-01-17,PROV-105,Secretaría A,8850.0
OC-01120,2019-01-17,PROV-002,Secretaría C,16250.0
OC-01121,2019-01-17,PROV-002,Secretaría C,16250.0
OC-01122,2019-01-17,PROV-214,Secretaría J,15000.0
OC-01123,2019-01-17,PROV-197,Secretaría D,37724.8
OC-01124,2019-01-17,PROV-398,Secretaría C,1263.41
OC-01125,2019-01-17,PROV-104,Secretaría G,2200.0
OC-01126,2019-01-17,PROV-111,Secretaría C,37378.45
OC-01127,2019-01-17,PROV-020,Secretaría A,2640.0
OC-01128,2019-01-17,PROV-018,Secretaría A,762.87
OC-01129,2019-01-17,PROV-045,Secretaría A,7189.02
OC-01130,2019-01-17,PROV-018,Secretaría A,762.87
OC-01131,2019-01-17,PROV-111,Secretaría C,37378.45
OC-01132,2019-01-17,PROV-018,Secretaría A,762.87
OC-01133,2019-01-17,PROV-111,Secretaría C,37378.45
OC-01134,2019-01-17,PROV-111,Secretaría C,37378.45
OC-01135,2019-01-17,PROV-111,Secretaría C,37378.45
OC-01136,2019-01-17,PROV-111,Secretaría C,37378.45
OC-01137,2019-01-17,PROV-034,Secretaría A,5500.0
OC-01138,2019-01-17,PROV-034,Secretaría A,15900.0
OC-01139,2019-01-17,PROV-141,Secretaría A,745.3
OC-01140,2019-01-17,PROV-141,Secretaría A,745.3
OC-01141,2019-01-17,PROV-111,Secretaría C,37378.45
OC-01142,2019-01-17,PROV-141,Secretaría A,745.3
OC-01143,2019-01-17,PROV-141,Secretaría A,687.69
OC-01144,2019-01-17,PROV-141,Secretaría A,687.69
OC-01145,2019-01-17,PROV-141,Secretaría A,687.69
OC-01146,2019-01-17,PROV-141,Secretaría A,687.69
OC-01147,2019-01-17,PROV-141,Secretaría A,687.69
OC-01148,2019-01-17,PROV-141,Secretaría A,687.69
OC-01149,2019-01-17,PROV-018,Secretaría A,762.87
OC-01150,2019-01-17,PROV-141,Secretaría A,745.3
OC-01151,2019-01-17,PROV-045,Secretaría G,3020.0
OC-01152,2019-01-18,PROV-114,Secretaría G,7279.95
OC-01153,2019-01-18,PROV-114,Secretaría G,7279.95
OC-01154,2019-01-18,PROV-114,Secretaría G,7279.95
OC-01155,2019-01-18,PROV-114,Secretaría G,7279.95
OC-01156,2019-01-18,PROV-114,Secretaría G,7279.95
OC-01157,2019-01-18,PROV-114,Secretaría G,7279.95
OC-01158,2019-01-18,PROV-114,Secretaría G,7279.95
OC-01159,2019-01-18,PROV-114,Secretaría G,7279.95
OC-01160,2019-01-18,PROV-114,Secretaría G,7279.95
OC-01161,2019-01-18,PROV-114,Secretaría G,7279.95
OC-01162,2019-01-18,PROV-114,Secretaría G,7279.95
OC-01163,2019-01-18,PROV-114,Secretaría G,7279.95
OC-01164,2019-01-18,PROV-114,Secretaría G,7279.95
OC-01165,2019-01-18,PROV-114,Secretaría G,7279.95
OC-01166,2019-01-18,PROV-023,Secretaría G,25813.2
OC-01167,2019-01-18,PROV-114,Secretaría G,7279.95
OC-01168,2019-01-18,PROV-114,Secretaría G,7279.95
OC-01169,2019-01-18,PROV-114,Secretaría G,7279.95
OC-01170,2019-01-18,PROV-114,Secretaría G,7279.95
OC-01171,2019-01-18,PROV-114,Secretaría G,7279.95
OC-01172,2019-01-18,PROV-023,Secretaría G,25813.2
OC-01173,2019-01-18,PROV-023,Secretaría G,25813.2
OC-01174,2019-01-18,PROV-023,Secretaría G,25813.2
OC-01175,2019-01-18,PROV-023,Secretaría G,25813.2
OC-01176,2019-01-18,PROV-023,Secretaría G,25813.2
OC-01177,2019-01-18,PROV-018,Secretaría G,26102.28
OC-01178,2019-01-18,PROV-100,Secretaría A,2005.0
OC-01179,2019-01-18,PROV-018,Secretaría G,26102.28
OC-01180,2019-01-18,PROV-114,Secretaría G,7279.95
OC-01181,2019-01-18,PROV-114,Secretaría G,7279.95
OC-01182,2019-01-18,PROV-114,Secretaría G,7279.95
OC-01183,2019-01-18,PROV-084,Secretaría B,3790.0
OC-01184,2019-01-18,PROV-040,Secretaría H,49500.0
OC-01185,2019-01-18,PROV-018,Secretaría G,26102.28
OC-01186,2019-01-18,PROV-100,Secretaría A,2005.0
OC-01187,2019-01-18,PROV-100,Secretaría A,2005.0
OC-01188,2019-01-18,PROV-100,Secretaría A,2005.0
OC-01189,2019-01-18,PROV-298,Secretaría C,57040.0
OC-01190,2019-01-18,PROV-017,Secretaría D,1650.0
OC-01191,2019-01-18,PROV-100,Secretaría B,1500.0
OC-01192,2019-01-18,PROV-100,Secretaría B,1500.0
OC-01193,2019-01-18,PROV-100,Secretaría B,1500.0
OC-01194,2019-01-18,PROV-084,Secretaría B,3790.0
OC-01195,2019-01-18,PROV-398,Secretaría A,484.54
OC-01196,2019-01-18,PROV-398,Secretaría A,484.54
OC-01197,2019-01-18,PROV-398,Secretaría A,484.54
OC-01198,2019-01-18,PROV-279,Secretaría B,10000.0
OC-01199,2019-01-18,PROV-434,Secretaría B,10020.0
OC-01200,2019-01-18,PROV-255,Secretaría B,10500.0
OC-01201,2019-01-18,PROV-084,Secretaría B,1320.0
OC-01202,2019-01-18,PROV-255,Secretaría B,5000.0
OC-01203,2019-01-18,PROV-360,Secretaría B,5000.0
OC-01204,2019-01-18,PROV-360,Secretaría B,10000.0
OC-01205,2019-01-18,PROV-279,Secretaría B,5000.0
OC-01206,2019-01-18,PROV-084,Secretaría B,990.0
OC-01207,2019-01-18,PROV-034,Secretaría F,13170.0
OC-01208,2019-01-18,PROV-034,Secretaría F,13170.0
OC-01209,2019-01-18,PROV-034,Secretaría F,13170.0
OC-01210,2019-01-18,PROV-034,Secretaría F,13170.0
OC-01211,2019-01-18,PROV-034,Secretaría F,13170.0
OC-01212,2019-01-18,PROV-195,Secretaría C,1000.0
OC-01213,2019-01-18,PROV-378,Secretaría E,27000.0
OC-01214,2019-01-18,PROV-114,Secretaría G,7279.95
OC-01215,2019-01-18,PROV-018,Secretaría G,26102.28
OC-01216,2019-01-18,PROV-018,Secretaría G,26102.28
OC-01217,2019-01-18,PROV-018,Secretaría G,26102.28
OC-01218,2019-01-18,PROV-030,Secretaría A,31800.0
OC-01219,2019-01-18,PROV-088,Secretaría B,15700.0
OC-01220,2019-01-18,PROV-535,Secretaría E,15000.0
OC-01221,2019-01-18,PROV-034,Secretaría F,9075.0
OC-01222,2019-01-18,PROV-034,Secretaría F,9075.0
OC-01223,2019-01-18,PROV-034,Secretaría F,9075.0
OC-01224,2019-01-18,PROV-034,Secretaría F,9075.0
OC-01225,2019-01-18,PROV-034,Secretaría F,9075.0
OC-01226,2019-01-18,PROV-034,Secretaría F,9075.0
OC-01227,2019-01-18,PROV-034,Secretaría F,9075.0
OC-01228,2019-01-18,PROV-034,Secretaría F,9075.0
OC-01229,2019-01-18,PROV-034,Secretaría F,9075.0
OC-01230,2019-01-18,PROV-034,Secretaría F,9075.0
OC-01231,2019-01-18,PROV-017,Secretaría C,1914.3
OC-01232,2019-01-18,PROV-017,Secretaría C,1914.3
OC-01233,2019-01-18,PROV-017,Secretaría C,1914.3
OC-01234,2019-01-18,PROV-017,Secretaría C,1914.3
OC-01235,2019-01-18,PROV-017,Secretaría C,1914.3
OC-01236,2019-01-18,PROV-017,Secretaría C,1914.3
OC-01237,2019-01-18,PROV-017,Secretaría C,1914.3
OC-01238,2019-01-18,PROV-017,Secretaría C,1914.3
OC-01239,2019-01-18,PROV-017,Secretaría C,1914.3
OC-01240,2019-01-18,PROV-017,Secretaría C,1914.3
OC-01241,2019-01-18,PROV-017,Secretaría C,1914.3
OC-01242,2019-01-18,PROV-018,Secretaría B,3424.38
OC-01243,2019-01-18,PROV-018,Secretaría B,3424.38
OC-01244,2019-01-18,PROV-142,Secretaría C,945.0
OC-01245,2019-01-18,PROV-142,Secretaría C,945.0
OC-01246,2019-01-18,PROV-018,Secretaría G,26102.28
OC-01247,2019-01-18,PROV-018,Secretaría A,1273.8
OC-01248,2019-01-18,PROV-020,Secretaría A,7125.0
OC-01249,2019-01-18,PROV-017,Secretaría C,1914.3
OC-01250,2019-01-18,PROV-020,Secretaría A,2930.0
OC-01251,2019-01-18,PROV-020,Secretaría A,2930.0
OC-01252,2019-01-18,PROV-018,Secretaría G,26102.28
OC-01253,2019-01-18,PROV-018,Secretaría G,26102.28
OC-01254,2019-01-18,PROV-018,Secretaría G,26102.28
OC-01255,2019-01-18,PROV-018,Secretaría G,26102.28
OC-01256,2019-01-18,PROV-018,Secretaría G,26102.28
OC-01257,2019-01-18,PROV-018,Secretaría G,26102.28
OC-01258,2019-01-18,PROV-018,Secretaría G,26102.28
OC-01259,2019-01-18,PROV-018,Secretaría G,26102.28
OC-01260,2019-01-18,PROV-018,Secretaría G,26102.28
OC-01261,2019-01-18,PROV-018,Secretaría G,26102.28
OC-01262,2019-01-18,PROV-018,Secretaría G,26102.28
OC-01263,2019-01-18,PROV-018,Secretaría G,26102.28
OC-01264,2019-01-18,PROV-018,Secretaría G,26102.28
OC-01265,2019-01-18,PROV-018,Secretaría G,26102.28
OC-01266,2019-01-18,PROV-018,Secretaría G,26102.28
OC-01267,2019-01-18,PROV-168,Secretaría G,11981.0
OC-01268,2019-01-18,PROV-018,Secretaría G,26102.28
OC-01269,2019-01-18,PROV-018,Secretaría G,26102.28
OC-01270,2019-01-18,PROV-018,Secretaría G,26102.28
OC-01271,2019-01-18,PROV-018,Secretaría G,26102.28
OC-01272,2019-01-18,PROV-018,Secretaría G,26102.28
OC-01273,2019-01-18,PROV-168,Secretaría G,11981.0
OC-01274,2019-01-18,PROV-168,Secretaría G,11981.0
OC-01275,2019-01-18,PROV-168,Secretaría G,11981.0
OC-01276,2019-01-18,PROV-018,Secretaría G,26102.28
OC-01277,2019-01-18,PROV-168,Secretaría G,11981.0
OC-01278,2019-01-18,PROV-168,Secretaría G,11981.0
OC-01279,2019-01-18,PROV-304,Secretaría A,30975.0
OC-01280,2019-01-18,PROV-020,Secretaría A,2930.0
OC-01281,2019-01-21,PROV-012,Secretaría C,7892.0
OC-01282,2019-01-21,PROV-012,Secretaría B,3549.0
OC-01283,2019-01-21,PROV-012,Secretaría C,7892.0
OC-01284,2019-01-21,PROV-012,Secretaría A,141960.0
OC-01285,2019-01-21,PROV-012,Secretaría C,7098.0
OC-01286,2019-01-21,PROV-012,Secretaría A,15784.0
OC-01287,2019-01-21,PROV-012,Secretaría F,90758.0
OC-01288,2019-01-21,PROV-012,Secretaría A,11838.0
OC-01289,2019-01-21,PROV-012,Secretaría A,19730.0
OC-01290,2019-01-21,PROV-012,Secretaría G,5919.0
OC-01291,2019-01-21,PROV-012,Secretaría F,15784.0
OC-01292,2019-01-21,PROV-012,Secretaría F,78920.0
OC-01293,2019-01-21,PROV-012,Secretaría A,78078.0
OC-01294,2019-01-21,PROV-012,Secretaría A,78920.0
OC-01295,2019-01-21,PROV-012,Secretaría A,177450.0
OC-01296,2019-01-21,PROV-003,Secretaría A,30663.92
OC-01297,2019-01-21,PROV-012,Secretaría I,28959.0
OC-01298,2019-01-21,PROV-012,Secretaría A,20685.0
OC-01299,2019-01-21,PROV-012,Secretaría A,82740.0
OC-01300,2019-01-21,PROV-012,Secretaría D,16548.0
OC-01301,2019-01-21,PROV-003,Secretaría A,30663.92
OC-01302,2019-01-21,PROV-003,Secretaría A,30663.92
OC-01303,2019-01-21,PROV-003,Secretaría A,30663.92
OC-01304,2019-01-21,PROV-012,Secretaría G,6205.5
OC-01305,2019-01-21,PROV-012,Secretaría F,24822.0
OC-01306,2019-01-21,PROV-012,Secretaría F,24822.0
OC-01307,2019-01-21,PROV-012,Secretaría F,289590.0
OC-01308,2019-01-21,PROV-012,Secretaría B,62055.0
OC-01309,2019-01-21,PROV-238,Secretaría J,184800.0
OC-01310,2019-01-21,PROV-012,Secretaría A,70980.0
OC-01311,2019-01-21,PROV-012,Secretaría H,6313.6
OC-01312,2019-01-21,PROV-057,Secretaría A,500.0
OC-01313,2019-01-21,PROV-012,Secretaría C,2367.6
OC-01314,2019-01-21,PROV-045,Secretaría A,4150.44
OC-01315,2019-01-21,PROV-105,Secretaría A,500.0
OC-01316,2019-01-21,PROV-105,Secretaría A,500.0
OC-01317,2019-01-21,PROV-050,Secretaría B,2935.0
OC-01318,2019-01-21,PROV-012,Secretaría B,31568.0
OC-01319,2019-01-21,PROV-050,Secretaría B,2935.0
OC-01320,2019-01-21,PROV-050,Secretaría B,2935.0
OC-01321,2019-01-21,PROV-050,Secretaría B,2935.0
OC-01322,2019-01-21,PROV-020,Secretaría A,1690.0
OC-01323,2019-01-21,PROV-017,Secretaría A,1805.0
OC-01324,2019-01-21,PROV-057,Secretaría A,500.0
OC-01325,2019-01-21,PROV-017,Secretaría A,902.5
OC-01326,2019-01-21,PROV-020,Secretaría A,1590.0
OC-01327,2019-01-21,PROV-074,Secretaría I,6500.0
OC-01328,2019-01-21,PROV-050,Secretaría B,2935.0
OC-01329,2019-01-21,PROV-488,Secretaría B,13358.92
OC-01330,2019-01-21,PROV-488,Secretaría B,13358.92
OC-01331,2019-01-21,PROV-012,Secretaría B,9865.0
OC-01332,2019-01-21,PROV-012,Secretaría C,3946.0
OC-01333,2019-01-21,PROV-100,Secretaría H,5165.0
OC-01334,2019-01-21,PROV-100,Secretaría H,5165.0
OC-01335,2019-01-21,PROV-100,Secretaría H,5165.0
OC-01336,2019-01-21,PROV-202,Secretaría C,14700.0
OC-01337,2019-01-21,PROV-100,Secretaría H,5165.0
OC-01338,2019-01-21,PROV-398,Secretaría D,3716.26
OC-01339,2019-01-21,PROV-398,Secretaría D,3716.26
OC-01340,2019-01-21,PROV-398,Secretaría D,3716.26
OC-01341,2019-01-21,PROV-398,Secretaría D,3716.26
OC-01342,2019-01-21,PROV-398,Secretaría D,3716.26
OC-01343,2019-01-21,PROV-601,Secretaría C,2750.0
OC-01344,2019-01-22,PROV-153,Secretaría E,12000.0
OC-01345,2019-01-22,PROV-316,Secretaría C,107802.0
OC-01346,2019-01-22,PROV-119,Secretaría E,15000.0
OC-01347,2019-01-22,PROV-124,Secretaría B,780.0
OC-01348,2019-01-22,PROV-142,Secretaría B,1575.0
OC-01349,2019-01-22,PROV-142,Secretaría C,7120.0
OC-01350,2019-01-22,PROV-124,Secretaría C,1248.0
OC-01351,2019-01-22,PROV-065,Secretaría C,2325.0
OC-01352,2019-01-22,PROV-065,Secretaría C,2325.0
OC-01353,2019-01-22,PROV-211,Secretaría C,10350.0
OC-01354,2019-01-22,PROV-012,Secretaría A,121057.0
OC-01355,2019-01-22,PROV-020,Secretaría A,2172.69
OC-01356,2019-01-22,PROV-020,Secretaría A,2172.69
OC-01357,2019-01-22,PROV-020,Secretaría A,2172.69
OC-01358,2019-01-22,PROV-020,Secretaría A,2172.69
OC-01359,2019-01-22,PROV-020,Secretaría A,2172.69
OC-01360,2019-01-22,PROV-012,Secretaría A,121057.0
OC-01361,2019-01-22,PROV-012,Secretaría A,121057.0
OC-01362,2019-01-22,PROV-012,Secretaría A,121057.0
OC-01363,2019-01-22,PROV-059,Secretaría B,810.0
OC-01364,2019-01-22,PROV-020,Secretaría A,2172.69
OC-01365,2019-01-22,PROV-017,Secretaría B,9300.7
OC-01366,2019-01-22,PROV-017,Secretaría B,9300.7
OC-01367,2019-01-22,PROV-017,Secretaría B,9300.7
OC-01368,2019-01-22,PROV-017,Secretaría B,9300.7
OC-01369,2019-01-22,PROV-149,Secretaría F,600.0
OC-01370,2019-01-22,PROV-030,Secretaría D,15500.0
OC-01371,2019-01-22,PROV-158,Secretaría C,15000.0
OC-01372,2019-01-22,PROV-211,Secretaría C,1400.0
OC-01373,2019-01-22,PROV-172,Secretaría F,168000.0
OC-01374,2019-01-22,PROV-167,Secretaría F,16410.0
OC-01375,2019-01-22,PROV-167,Secretaría F,16410.0
OC-01376,2019-01-22,PROV-167,Secretaría F,16410.0
OC-01377,2019-01-22,PROV-167,Secretaría F,16410.0
OC-01378,2019-01-22,PROV-342,Secretaría F,2000.0
OC-01379,2019-01-22,PROV-017,Secretaría B,9300.7
OC-01380,2019-01-22,PROV-017,Secretaría B,9300.7
OC-01381,2019-01-22,PROV-017,Secretaría B,9300.7
OC-01382,2019-01-22,PROV-017,Secretaría B,9300.7
OC-01383,2019-01-22,PROV-017,Secretaría B,9300.7
OC-01384,2019-01-22,PROV-017,Secretaría B,9300.7
OC-01385,2019-01-22,PROV-017,Secretaría B,9300.7
OC-01386,2019-01-22,PROV-017,Secretaría B,9300.7
OC-01387,2019-01-22,PROV-200,Secretaría B,1250.0
OC-01388,2019-01-22,PROV-017,Secretaría B,9300.7
OC-01389,2019-01-23,PROV-021,Secretaría A,3445.0
OC-01390,2019-01-23,PROV-021,Secretaría A,3445.0
OC-01391,2019-01-23,PROV-141,Secretaría A,1177.02
OC-01392,2019-01-23,PROV-141,Secretaría A,1177.02
OC-01393,2019-01-23,PROV-020,Secretaría A,3350.0
OC-01394,2019-01-23,PROV-141,Secretaría A,1177.02
OC-01395,2019-01-23,PROV-141,Secretaría A,1177.02
OC-01396,2019-01-23,PROV-020,Secretaría D,579.23
OC-01397,2019-01-23,PROV-141,Secretaría A,587.57
OC-01398,2019-01-23,PROV-021,Secretaría A,3445.0
OC-01399,2019-01-23,PROV-141,Secretaría A,1177.02
OC-01400,2019-01-23,PROV-021,Secretaría A,3445.0
OC-01401,2019-01-23,PROV-021,Secretaría A,3445.0
OC-01402,2019-01-23,PROV-021,Secretaría A,3445.0
OC-01403,2019-01-23,PROV-021,Secretaría A,3445.0
OC-01404,2019-01-23,PROV-021,Secretaría A,3445.0
OC-01405,2019-01-23,PROV-027,Secretaría D,540.88
OC-01406,2019-01-23,PROV-021,Secretaría A,3445.0
OC-01407,2019-01-23,PROV-021,Secretaría A,3445.0
OC-01408,2019-01-23,PROV-021,Secretaría A,3445.0
OC-01409,2019-01-23,PROV-021,Secretaría A,3445.0
OC-01410,2019-01-23,PROV-141,Secretaría A,587.57
OC-01411,2019-01-23,PROV-021,Secretaría A,3445.0
OC-01412,2019-01-23,PROV-021,Secretaría A,3445.0
OC-01413,2019-01-23,PROV-021,Secretaría A,3445.0
OC-01414,2019-01-23,PROV-141,Secretaría A,587.57
OC-01415,2019-01-23,PROV-020,Secretaría A,3816.17
OC-01416,2019-01-23,PROV-020,Secretaría A,4390.0
OC-01417,2019-01-23,PROV-431,Secretaría C,44000.0
OC-01418,2019-01-23,PROV-471,Secretaría C,32000.0
OC-01419,2019-01-23,PROV-381,Secretaría C,54500.0
OC-01420,2019-01-23,PROV-034,Secretaría A,1675.0
OC-01421,2019-01-23,PROV-034,Secretaría A,1675.0
OC-01422,2019-01-23,PROV-034,Secretaría A,1675.0
OC-01423,2019-01-23,PROV-034,Secretaría A,1675.0
OC-01424,2019-01-23,PROV-034,Secretaría A,1675.0
OC-01425,2019-01-23,PROV-469,Secretaría C,32000.0
OC-01426,2019-01-23,PROV-331,Secretaría C,44000.0
OC-01427,2019-01-23,PROV-438,Secretaría C,44000.0
OC-01428,2019-01-23,PROV-439,Secretaría C,44000.0
OC-01429,2019-01-23,PROV-020,Secretaría A,617.12
OC-01430,2019-01-23,PROV-020,Secretaría A,2068.27
OC-01431,2019-01-23,PROV-020,Secretaría A,2068.27
OC-01432,2019-01-23,PROV-020,Secretaría A,2068.27
OC-01433,2019-01-23,PROV-020,Secretaría A,3816.17
OC-01434,2019-01-23,PROV-398,Secretaría G,1059.2
OC-01435,2019-01-23,PROV-020,Secretaría A,3816.17
OC-01436,2019-01-23,PROV-012,Secretaría A,108037.0
OC-01437,2019-01-23,PROV-012,Secretaría A,108037.0
OC-01438,2019-01-23,PROV-012,Secretaría A,108037.0
OC-01439,2019-01-23,PROV-009,Secretaría A,19600.0
OC-01440,2019-01-23,PROV-009,Secretaría A,19600.0
OC-01441,2019-01-23,PROV-341,Secretaría D,2690.0
OC-01442,2019-01-23,PROV-045,Secretaría A,18528.62
OC-01443,2019-01-23,PROV-020,Secretaría A,2068.27
OC-01444,2019-01-23,PROV-398,Secretaría G,1059.2
OC-01445,2019-01-23,PROV-055,Secretaría F,5991.0
OC-01446,2019-01-23,PROV-398,Secretaría G,1059.2
OC-01447,2019-01-23,PROV-003,Secretaría E,3968.47
OC-01448,2019-01-23,PROV-003,Secretaría E,3968.47
OC-01449,2019-01-23,PROV-003,Secretaría E,3968.47
OC-01450,2019-01-23,PROV-020,Secretaría A,38500.0
OC-01451,2019-01-23,PROV-368,Secretaría E,9805.0
OC-01452,2019-01-23,PROV-084,Secretaría G,8700.0
OC-01453,2019-01-23,PROV-084,Secretaría G,8700.0
OC-01454,2019-01-23,PROV-027,Secretaría F,1480.0
OC-01455,2019-01-23,PROV-027,Secretaría E,14100.0
OC-01456,2019-01-23,PROV-027,Secretaría C,1318.0
OC-01457,2019-01-23,PROV-027,Secretaría C,1318.0
OC-01458,2019-01-23,PROV-036,Secretaría B,133650.0
OC-01459,2019-01-23,PROV-158,Secretaría E,27000.0
OC-01460,2019-01-23,PROV-293,Secretaría E,27000.0
OC-01461,2019-01-23,PROV-023,Secretaría A,459100.0
OC-01462,2019-01-23,PROV-023,Secretaría A,459100.0
OC-01463,2019-01-23,PROV-045,Secretaría C,5853.67
OC-01464,2019-01-23,PROV-045,Secretaría C,5853.67
OC-01465,2019-01-23,PROV-045,Secretaría C,5853.67
OC-01466,2019-01-23,PROV-045,Secretaría C,5853.67
OC-01467,2019-01-23,PROV-045,Secretaría C,5853.67
OC-01468,2019-01-23,PROV-045,Secretaría C,5853.67
OC-01469,2019-01-23,PROV-045,Secretaría C,5853.67
OC-01470,2019-01-23,PROV-040,Secretaría E,24500.0
OC-01471,2019-01-23,PROV-332,Secretaría C,44000.0
OC-01472,2019-01-23,PROV-368,Secretaría E,12055.5
OC-01473,2019-01-23,PROV-398,Secretaría G,1059.2
OC-01474,2019-01-23,PROV-323,Secretaría A,20915.3
OC-01475,2019-01-23,PROV-323,Secretaría A,20915.3
OC-01476,2019-01-23,PROV-398,Secretaría G,1059.2
OC-01477,2019-01-23,PROV-398,Secretaría G,1059.2
OC-01478,2019-01-23,PROV-398,Secretaría G,1059.2
OC-01479,2019-01-23,PROV-350,Secretaría D,81675.0
OC-01480,2019-01-23,PROV-506,Secretaría C,4000.0
OC-01481,2019-01-23,PROV-227,Secretaría C,11700.0
OC-01482,2019-01-23,PROV-485,Secretaría E,1600.0
OC-01483,2019-01-23,PROV-561,Secretaría C,3500.0
OC-01484,2019-01-23,PROV-055,Secretaría F,5991.0
OC-01485,2019-01-23,PROV-055,Secretaría F,5991.0
OC-01486,2019-01-23,PROV-055,Secretaría F,5991.0
OC-01487,2019-01-23,PROV-055,Secretaría F,5991.0
OC-01488,2019-01-23,PROV-113,Secretaría E,6920.79
OC-01489,2019-01-23,PROV-113,Secretaría E,6920.79
OC-01490,2019-01-23,PROV-113,Secretaría E,6920.79
OC-01491,2019-01-23,PROV-113,Secretaría E,6920.79
OC-01492,2019-01-23,PROV-233,Secretaría A,88400.0
OC-01493,2019-01-23,PROV-178,Secretaría E,36415.0
OC-01494,2019-01-23,PROV-178,Secretaría E,36415.0
OC-01495,2019-01-23,PROV-178,Secretaría E,36415.0
OC-01496,2019-01-23,PROV-178,Secretaría E,36415.0
OC-01497,2019-01-23,PROV-178,Secretaría E,36415.0
OC-01498,2019-01-23,PROV-178,Secretaría E,36415.0
OC-01499,2019-01-23,PROV-178,Secretaría E,36415.0
OC-01500,2019-01-23,PROV-178,Secretaría E,36415.0
OC-01501,2019-01-23,PROV-323,Secretaría A,20915.3
OC-01502,2019-01-23,PROV-436,Secretaría C,44000.0
OC-01503,2019-01-23,PROV-030,Secretaría A,2944.0
OC-01504,2019-01-23,PROV-020,Secretaría A,2677.0
OC-01505,2019-01-23,PROV-141,Secretaría A,1081.6
OC-01506,2019-01-23,PROV-141,Secretaría A,1081.6
OC-01507,2019-01-23,PROV-141,Secretaría A,1081.6
OC-01508,2019-01-23,PROV-141,Secretaría A,1081.6
OC-01509,2019-01-23,PROV-141,Secretaría A,1081.6
OC-01510,2019-01-23,PROV-141,Secretaría A,1081.6
OC-01511,2019-01-23,PROV-141,Secretaría A,1081.6
OC-01512,2019-01-23,PROV-020,Secretaría A,3509.18
OC-01513,2019-01-23,PROV-020,Secretaría A,3509.18
OC-01514,2019-01-23,PROV-020,Secretaría A,3509.18
OC-01515,2019-01-23,PROV-020,Secretaría A,789.5
OC-01516,2019-01-23,PROV-141,Secretaría A,1081.6
OC-01517,2019-01-23,PROV-020,Secretaría A,1427.0
OC-01518,2019-01-23,PROV-030,Secretaría A,6249.0
OC-01519,2019-01-23,PROV-030,Secretaría A,6249.0
OC-01520,2019-01-23,PROV-030,Secretaría A,6249.0
OC-01521,2019-01-23,PROV-030,Secretaría A,6249.0
OC-01522,2019-01-23,PROV-030,Secretaría A,6249.0
OC-01523,2019-01-23,PROV-030,Secretaría A,6249.0
OC-01524,2019-01-23,PROV-030,Secretaría A,6249.0
OC-01525,2019-01-23,PROV-030,Secretaría A,6249.0
OC-01526,2019-01-23,PROV-030,Secretaría A,6249.0
OC-01527,2019-01-23,PROV-030,Secretaría A,6249.0
OC-01528,2019-01-23,PROV-030,Secretaría A,6249.0
OC-01529,2019-01-23,PROV-020,Secretaría A,1427.0
OC-01530,2019-01-23,PROV-020,Secretaría F,15620.0
OC-01531,2019-01-23,PROV-020,Secretaría F,15620.0
OC-01532,2019-01-23,PROV-020,Secretaría F,15620.0
OC-01533,2019-01-23,PROV-417,Secretaría A,10000.0
OC-01534,2019-01-23,PROV-067,Secretaría E,110300.0
OC-01535,2019-01-23,PROV-067,Secretaría E,110300.0
OC-01536,2019-01-23,PROV-057,Secretaría A,2750.0
OC-01537,2019-01-23,PROV-057,Secretaría A,2750.0
OC-01538,2019-01-23,PROV-057,Secretaría A,2750.0
OC-01539,2019-01-23,PROV-057,Secretaría A,2750.0
OC-01540,2019-01-23,PROV-057,Secretaría A,2750.0
OC-01541,2019-01-23,PROV-020,Secretaría A,690.58
OC-01542,2019-01-23,PROV-135,Secretaría A,2900.0
OC-01543,2019-01-23,PROV-105,Secretaría A,605.49
OC-01544,2019-01-23,PROV-105,Secretaría A,605.49
OC-01545,2019-01-23,PROV-105,Secretaría A,605.49
OC-01546,2019-01-23,PROV-105,Secretaría A,605.49
OC-01547,2019-01-23,PROV-105,Secretaría A,605.49
OC-01548,2019-01-23,PROV-105,Secretaría A,605.49
OC-01549,2019-01-23,PROV-105,Secretaría A,605.49
OC-01550,2019-01-23,PROV-020,Secretaría A,2677.0
OC-01551,2019-01-23,PROV-105,Secretaría A,605.49
OC-01552,2019-01-23,PROV-012,Secretaría A,8391.0
OC-01553,2019-01-23,PROV-012,Secretaría A,106607.0
OC-01554,2019-01-23,PROV-012,Secretaría A,106607.0
OC-01555,2019-01-23,PROV-012,Secretaría A,106607.0
OC-01556,2019-01-23,PROV-012,Secretaría A,106607.0
OC-01557,2019-01-23,PROV-020,Secretaría A,895.0
OC-01558,2019-01-23,PROV-030,Secretaría A,6249.0
OC-01559,2019-01-23,PROV-030,Secretaría A,6249.0
OC-01560,2019-01-23,PROV-105,Secretaría A,605.49
OC-01561,2019-01-23,PROV-030,Secretaría A,6249.0
OC-01562,2019-01-23,PROV-030,Secretaría A,10014.0
OC-01563,2019-01-23,PROV-030,Secretaría A,4354.0
OC-01564,2019-01-23,PROV-030,Secretaría A,4354.0
OC-01565,2019-01-23,PROV-030,Secretaría A,4354.0
OC-01566,2019-01-23,PROV-030,Secretaría A,4354.0
OC-01567,2019-01-23,PROV-030,Secretaría A,4354.0
OC-01568,2019-01-23,PROV-030,Secretaría A,4354.0
OC-01569,2019-01-23,PROV-030,Secretaría A,4354.0
OC-01570,2019-01-23,PROV-030,Secretaría A,4354.0
OC-01571,2019-01-23,PROV-030,Secretaría A,4354.0
OC-01572,2019-01-23,PROV-030,Secretaría A,4354.0
OC-01573,2019-01-23,PROV-030,Secretaría A,4354.0
OC-01574,2019-01-23,PROV-030,Secretaría A,4354.0
OC-01575,2019-01-23,PROV-235,Secretaría A,12800.0
OC-01576,2019-01-23,PROV-235,Secretaría A,11400.0
OC-01577,2019-01-23,PROV-020,Secretaría A,573.35
OC-01578,2019-01-23,PROV-020,Secretaría A,573.35
OC-01579,2019-01-23,PROV-020,Secretaría A,573.35
OC-01580,2019-01-23,PROV-437,Secretaría C,44000.0
OC-01581,2019-01-23,PROV-020,Secretaría A,1122.77
OC-01582,2019-01-23,PROV-020,Secretaría A,1122.77
OC-01583,2019-01-23,PROV-135,Secretaría A,1180.0
OC-01584,2019-01-23,PROV-135,Secretaría A,840.0
OC-01585,2019-01-23,PROV-020,Secretaría A,4450.0
OC-01586,2019-01-23,PROV-030,Secretaría A,6249.0
OC-01587,2019-01-23,PROV-030,Secretaría A,10014.0
OC-01588,2019-01-23,PROV-030,Secretaría A,10014.0
OC-01589,2019-01-23,PROV-030,Secretaría A,4354.0
OC-01590,2019-01-23,PROV-030,Secretaría A,10014.0
OC-01591,2019-01-23,PROV-030,Secretaría A,6249.0
OC-01592,2019-01-23,PROV-030,Secretaría A,10014.0
OC-01593,2019-01-23,PROV-030,Secretaría A,2944.0
OC-01594,2019-01-23,PROV-030,Secretaría A,2944.0
OC-01595,2019-01-23,PROV-030,Secretaría A,2944.0
OC-01596,2019-01-23,PROV-030,Secretaría A,2944.0
OC-01597,2019-01-23,PROV-030,Secretaría A,2944.0
OC-01598,2019-01-23,PROV-030,Secretaría A,2944.0
OC-01599,2019-01-23,PROV-030,Secretaría A,2944.0
OC-01600,2019-01-23,PROV-030,Secretaría A,2944.0
OC-01601,2019-01-23,PROV-030,Secretaría A,2944.0
OC-01602,2019-01-23,PROV-030,Secretaría A,2944.0
OC-01603,2019-01-23,PROV-030,Secretaría A,2944.0
OC-01604,2019-01-23,PROV-030,Secretaría A,2944.0
OC-01605,2019-01-23,PROV-030,Secretaría A,2944.0
OC-01606,2019-01-23,PROV-030,Secretaría A,10014.0
OC-01607,2019-01-23,PROV-030,Secretaría A,10014.0
OC-01608,2019-01-23,PROV-030,Secretaría A,10014.0
OC-01609,2019-01-23,PROV-030,Secretaría A,10014.0
OC-01610,2019-01-23,PROV-030,Secretaría A,10014.0
OC-01611,2019-01-23,PROV-030,Secretaría A,10014.0
OC-01612,2019-01-23,PROV-030,Secretaría A,10014.0
OC-01613,2019-01-23,PROV-030,Secretaría A,10014.0
OC-01614,2019-01-23,PROV-030,Secretaría A,10014.0
OC-01615,2019-01-23,PROV-030,Secretaría A,10014.0
OC-01616,2019-01-23,PROV-030,Secretaría A,2944.0
OC-01617,2019-01-24,PROV-011,Secretaría C,5524.0
OC-01618,2019-01-24,PROV-011,Secretaría C,5524.0
OC-01619,2019-01-24,PROV-011,Secretaría C,5524.0
OC-01620,2019-01-24,PROV-011,Secretaría C,5524.0
OC-01621,2019-01-24,PROV-011,Secretaría C,5524.0
OC-01622,2019-01-24,PROV-011,Secretaría C,5524.0
OC-01623,2019-01-24,PROV-011,Secretaría C,5524.0
OC-01624,2019-01-24,PROV-011,Secretaría C,5524.0
OC-01625,2019-01-24,PROV-011,Secretaría C,5524.0
OC-01626,2019-01-24,PROV-011,Secretaría C,5524.0
OC-01627,2019-01-24,PROV-059,Secretaría E,2790.0
OC-01628,2019-01-24,PROV-019,Secretaría B,31563.0
OC-01629,2019-01-24,PROV-051,Secretaría B,3885.6
OC-01630,2019-01-24,PROV-051,Secretaría B,3885.6
OC-01631,2019-01-24,PROV-051,Secretaría B,3885.6
OC-01632,2019-01-24,PROV-019,Secretaría B,31563.0
OC-01633,2019-01-24,PROV-019,Secretaría B,31563.0
OC-01634,2019-01-24,PROV-019,Secretaría B,31563.0
OC-01635,2019-01-24,PROV-019,Secretaría B,31563.0
OC-01636,2019-01-24,PROV-019,Secretaría B,31563.0
OC-01637,2019-01-24,PROV-019,Secretaría B,31563.0
OC-01638,2019-01-24,PROV-019,Secretaría B,31563.0
OC-01639,2019-01-24,PROV-011,Secretaría C,5524.0
OC-01640,2019-01-24,PROV-055,Secretaría D,10900.0
OC-01641,2019-01-24,PROV-011,Secretaría C,5524.0
OC-01642,2019-01-24,PROV-338,Secretaría B,3535.0
OC-01643,2019-01-24,PROV-011,Secretaría C,5524.0
OC-01644,2019-01-24,PROV-011,Secretaría C,5524.0
OC-01645,2019-01-24,PROV-149,Secretaría F,2700.0
OC-01646,2019-01-24,PROV-149,Secretaría F,2700.0
OC-01647,2019-01-24,PROV-149,Secretaría F,2700.0
OC-01648,2019-01-24,PROV-149,Secretaría F,2700.0
OC-01649,2019-01-24,PROV-398,Secretaría D,798.0
OC-01650,2019-01-24,PROV-338,Secretaría B,3535.0
OC-01651,2019-01-24,PROV-338,Secretaría B,3535.0
OC-01652,2019-01-24,PROV-338,Secretaría B,3535.0
OC-01653,2019-01-24,PROV-576,Secretaría B,1160.0
OC-01654,2019-01-24,PROV-576,Secretaría B,1160.0
OC-01655,2019-01-24,PROV-068,Secretaría B,79978.0
OC-01656,2019-01-24,PROV-017,Secretaría B,48280.0
OC-01657,2019-01-24,PROV-122,Secretaría B,45000.0
OC-01658,2019-01-24,PROV-011,Secretaría C,5524.0
OC-01659,2019-01-24,PROV-011,Secretaría C,5524.0
OC-01660,2019-01-24,PROV-011,Secretaría C,5524.0
OC-01661,2019-01-24,PROV-011,Secretaría C,5524.0
OC-01662,2019-01-24,PROV-011,Secretaría C,5524.0
OC-01663,2019-01-24,PROV-405,Secretaría E,24600.0
OC-01664,2019-01-24,PROV-059,Secretaría D,19910.0
OC-01665,2019-01-24,PROV-017,Secretaría B,48280.0
OC-01666,2019-01-24,PROV-011,Secretaría C,5524.0
OC-01667,2019-01-25,PROV-017,Secretaría D,17473.9
OC-01668,2019-01-25,PROV-003,Secretaría C,1786.24
OC-01669,2019-01-25,PROV-017,Secretaría D,17473.9
OC-01670,2019-01-25,PROV-017,Secretaría D,17473.9
OC-01671,2019-01-25,PROV-017,Secretaría D,17473.9
OC-01672,2019-01-25,PROV-017,Secretaría D,17473.9
OC-01673,2019-01-25,PROV-017,Secretaría D,17473.9
OC-01674,2019-01-25,PROV-017,Secretaría D,17473.9
OC-01675,2019-01-25,PROV-017,Secretaría D,17473.9
OC-01676,2019-01-25,PROV-017,Secretaría D,17473.9
OC-01677,2019-01-25,PROV-017,Secretaría D,17473.9
OC-01678,2019-01-25,PROV-017,Secretaría D,17473.9
OC-01679,2019-01-25,PROV-003,Secretaría C,4627.56
OC-01680,2019-01-25,PROV-017,Secretaría D,17473.9
OC-01681,2019-01-25,PROV-030,Secretaría A,12754.0
OC-01682,2019-01-25,PROV-030,Secretaría A,12754.0
OC-01683,2019-01-25,PROV-030,Secretaría A,12754.0
OC-01684,2019-01-25,PROV-169,Secretaría G,10000.0
OC-01685,2019-01-25,PROV-398,Secretaría D,645.33
OC-01686,2019-01-25,PROV-398,Secretaría D,645.33
OC-01687,2019-01-25,PROV-398,Secretaría D,645.33
OC-01688,2019-01-25,PROV-398,Secretaría D,645.33
OC-01689,2019-01-25,PROV-398,Secretaría D,645.33
OC-01690,2019-01-25,PROV-003,Secretaría C,1786.24
OC-01691,2019-01-25,PROV-017,Secretaría D,17473.9
OC-01692,2019-01-25,PROV-003,Secretaría C,1786.24
OC-01693,2019-01-25,PROV-017,Secretaría D,17473.9
OC-01694,2019-01-25,PROV-207,Secretaría C,9320.54
OC-01695,2019-01-25,PROV-141,Secretaría A,1035.0
OC-01696,2019-01-25,PROV-074,Secretaría A,2450.0
OC-01697,2019-01-25,PROV-074,Secretaría A,2495.0
OC-01698,2019-01-25,PROV-181,Secretaría A,3700.0
OC-01699,2019-01-25,PROV-020,Secretaría A,9800.0
OC-01700,2019-01-25,PROV-020,Secretaría A,2467.0
OC-01701,2019-01-25,PROV-020,Secretaría A,2467.0
OC-01702,2019-01-25,PROV-020,Secretaría A,2467.0
OC-01703,2019-01-25,PROV-020,Secretaría A,2467.0
OC-01704,2019-01-25,PROV-020,Secretaría A,2467.0
OC-01705,2019-01-25,PROV-020,Secretaría A,2467.0
OC-01706,2019-01-25,PROV-020,Secretaría A,2467.0
OC-01707,2019-01-25,PROV-020,Secretaría A,1980.0
OC-01708,2019-01-25,PROV-034,Secretaría A,910.0
OC-01709,2019-01-25,PROV-020,Secretaría A,2467.0
OC-01710,2019-01-25,PROV-207,Secretaría C,9320.54
OC-01711,2019-01-25,PROV-018,Secretaría A,1098.5
OC-01712,2019-01-25,PROV-034,Secretaría D,1210.02
OC-01713,2019-01-25,PROV-034,Secretaría D,1210.02
OC-01714,2019-01-25,PROV-018,Secretaría A,1098.5
OC-01715,2019-01-25,PROV-034,Secretaría D,1210.02
OC-01716,2019-01-25,PROV-034,Secretaría D,1210.02
OC-01717,2019-01-25,PROV-034,Secretaría D,1210.02
OC-01718,2019-01-25,PROV-084,Secretaría G,1600.0
OC-01719,2019-01-25,PROV-034,Secretaría D,1210.02
OC-01720,2019-01-25,PROV-034,Secretaría D,1210.02
OC-01721,2019-01-28,PROV-095,Secretaría B,6457.5
OC-01722,2019-01-28,PROV-055,Secretaría B,17800.0
OC-01723,2019-01-28,PROV-045,Secretaría E,895.8
OC-01724,2019-01-28,PROV-045,Secretaría E,895.8
OC-01725,2019-01-28,PROV-045,Secretaría E,895.8
OC-01726,2019-01-28,PROV-045,Secretaría E,895.8
OC-01727,2019-01-28,PROV-055,Secretaría B,17800.0
OC-01728,2019-01-28,PROV-055,Secretaría B,17800.0
OC-01729,2019-01-28,PROV-226,Secretaría B,5723.0
OC-01730,2019-01-28,PROV-055,Secretaría B,17800.0
OC-01731,2019-01-28,PROV-226,Secretaría B,5723.0
OC-01732,2019-01-28,PROV-226,Secretaría B,5723.0
OC-01733,2019-01-28,PROV-226,Secretaría B,5723.0
OC-01734,2019-01-28,PROV-055,Secretaría G,1170.0
OC-01735,2019-01-28,PROV-055,Secretaría E,360.0
OC-01736,2019-01-28,PROV-024,Secretaría B,33910.0
OC-01737,2019-01-28,PROV-055,Secretaría B,17800.0
OC-01738,2019-01-28,PROV-024,Secretaría B,33910.0
OC-01739,2019-01-28,PROV-020,Secretaría B,6381.0
OC-01740,2019-01-28,PROV-057,Secretaría H,6000.0
OC-01741,2019-01-28,PROV-508,Secretaría C,21000.0
OC-01742,2019-01-28,PROV-258,Secretaría B,48600.0
OC-01743,2019-01-28,PROV-020,Secretaría B,1490.0
OC-01744,2019-01-28,PROV-020,Secretaría B,1480.0
OC-01745,2019-01-28,PROV-020,Secretaría B,6381.0
OC-01746,2019-01-28,PROV-138,Secretaría G,438456.0
OC-01747,2019-01-28,PROV-020,Secretaría B,6381.0
OC-01748,2019-01-28,PROV-020,Secretaría B,6381.0
OC-01749,2019-01-28,PROV-040,Secretaría C,10610.0
OC-01750,2019-01-28,PROV-027,Secretaría A,1630.0
OC-01751,2019-01-28,PROV-018,Secretaría B,5545.98
OC-01752,2019-01-28,PROV-018,Secretaría B,5545.98
OC-01753,2019-01-28,PROV-018,Secretaría B,5545.98
OC-01754,2019-01-28,PROV-018,Secretaría B,5545.98
OC-01755,2019-01-28,PROV-018,Secretaría B,5545.98
OC-01756,2019-01-28,PROV-018,Secretaría B,5545.98
OC-01757,2019-01-28,PROV-018,Secretaría B,5545.98
OC-01758,2019-01-28,PROV-057,Secretaría H,6000.0
OC-01759,2019-01-28,PROV-059,Secretaría G,750.0
OC-01760,2019-01-28,PROV-018,Secretaría B,5545.98
OC-01761,2019-01-28,PROV-059,Secretaría G,1500.0
OC-01762,2019-01-28,PROV-218,Secretaría F,980.0
OC-01763,2019-01-28,PROV-251,Secretaría B,164400.0
OC-01764,2019-01-28,PROV-017,Secretaría B,13272.0
OC-01765,2019-01-28,PROV-017,Secretaría B,13272.0
OC-01766,2019-01-28,PROV-017,Secretaría B,13272.0
OC-01767,2019-01-28,PROV-017,Secretaría B,13272.0
OC-01768,2019-01-28,PROV-017,Secretaría B,13272.0
OC-01769,2019-01-28,PROV-017,Secretaría B,13272.0
OC-01770,2019-01-28,PROV-017,Secretaría B,13272.0
OC-01771,2019-01-28,PROV-017,Secretaría B,13272.0
OC-01772,2019-01-28,PROV-017,Secretaría B,13272.0
OC-01773,2019-01-28,PROV-017,Secretaría B,13272.0
OC-01774,2019-01-28,PROV-017,Secretaría B,13272.0
OC-01775,2019-01-28,PROV-309,Secretaría E,10650.0
OC-01776,2019-01-28,PROV-309,Secretaría E,750.0
OC-01777,2019-01-28,PROV-345,Secretaría E,21600.0
OC-01778,2019-01-28,PROV-059,Secretaría F,2160.0
OC-01779,2019-01-28,PROV-218,Secretaría F,980.0
OC-01780,2019-01-28,PROV-340,Secretaría B,86400.0
OC-01781,2019-01-28,PROV-411,Secretaría E,27000.0
OC-01782,2019-01-28,PROV-059,Secretaría H,1950.0
OC-01783,2019-01-28,PROV-055,Secretaría H,4100.0
OC-01784,2019-01-28,PROV-059,Secretaría D,4800.0
OC-01785,2019-01-28,PROV-059,Secretaría D,4800.0
OC-01786,2019-01-28,PROV-100,Secretaría D,620.0
OC-01787,2019-01-28,PROV-100,Secretaría D,620.0
OC-01788,2019-01-28,PROV-100,Secretaría D,620.0
OC-01789,2019-01-28,PROV-368,Secretaría E,7695.6
OC-01790,2019-01-28,PROV-368,Secretaría E,7695.6
OC-01791,2019-01-28,PROV-100,Secretaría D,620.0
OC-01792,2019-01-28,PROV-100,Secretaría D,600.0
OC-01793,2019-01-28,PROV-059,Secretaría C,2600.0
OC-01794,2019-01-28,PROV-059,Secretaría G,1250.0
OC-01795,2019-01-28,PROV-100,Secretaría D,1360.0
OC-01796,2019-01-28,PROV-100,Secretaría D,1360.0
OC-01797,2019-01-28,PROV-059,Secretaría F,3900.0
OC-01798,2019-01-28,PROV-059,Secretaría F,3900.0
OC-01799,2019-01-28,PROV-100,Secretaría D,530.0
OC-01800,2019-01-28,PROV-059,Secretaría H,2340.0
OC-01801,2019-01-29,PROV-011,Secretaría C,62501.0
OC-01802,2019-01-29,PROV-011,Secretaría C,62501.0
OC-01803,2019-01-29,PROV-011,Secretaría C,62501.0
OC-01804,2019-01-29,PROV-011,Secretaría C,62501.0
OC-01805,2019-01-29,PROV-011,Secretaría C,62501.0
OC-01806,2019-01-29,PROV-011,Secretaría C,62501.0
OC-01807,2019-01-29,PROV-011,Secretaría C,17066.0
OC-01808,2019-01-29,PROV-011,Secretaría C,17066.0
OC-01809,2019-01-29,PROV-011,Secretaría C,17066.0
OC-01810,2019-01-29,PROV-011,Secretaría C,17066.0
OC-01811,2019-01-29,PROV-011,Secretaría C,17066.0
OC-01812,2019-01-29,PROV-011,Secretaría C,17066.0
OC-01813,2019-01-29,PROV-011,Secretaría C,17066.0
OC-01814,2019-01-29,PROV-011,Secretaría C,17066.0
OC-01815,2019-01-29,PROV-011,Secretaría C,62501.0
OC-01816,2019-01-29,PROV-011,Secretaría C,17066.0
OC-01817,2019-01-29,PROV-011,Secretaría C,17066.0
OC-01818,2019-01-29,PROV-011,Secretaría C,62501.0
OC-01819,2019-01-29,PROV-011,Secretaría C,62501.0
OC-01820,2019-01-29,PROV-011,Secretaría C,62501.0
OC-01821,2019-01-29,PROV-011,Secretaría B,28086.0
OC-01822,2019-01-29,PROV-011,Secretaría C,17066.0
OC-01823,2019-01-29,PROV-011,Secretaría B,28086.0
OC-01824,2019-01-29,PROV-011,Secretaría C,62501.0
OC-01825,2019-01-29,PROV-011,Secretaría C,62501.0
OC-01826,2019-01-29,PROV-011,Secretaría C,62501.0
OC-01827,2019-01-29,PROV-011,Secretaría C,62501.0
OC-01828,2019-01-29,PROV-011,Secretaría C,62501.0
OC-01829,2019-01-29,PROV-011,Secretaría C,62501.0
OC-01830,2019-01-29,PROV-011,Secretaría C,62501.0
OC-01831,2019-01-29,PROV-011,Secretaría C,62501.0
OC-01832,2019-01-29,PROV-011,Secretaría C,62501.0
OC-01833,2019-01-29,PROV-011,Secretaría C,62501.0
OC-01834,2019-01-29,PROV-011,Secretaría C,62501.0
OC-01835,2019-01-29,PROV-011,Secretaría C,62501.0
OC-01836,2019-01-29,PROV-011,Secretaría C,62501.0
OC-01837,2019-01-29,PROV-011,Secretaría C,62501.0
OC-01838,2019-01-29,PROV-011,Secretaría C,62501.0
OC-01839,2019-01-29,PROV-011,Secretaría C,62501.0
OC-01840,2019-01-29,PROV-011,Secretaría C,17066.0
OC-01841,2019-01-29,PROV-011,Secretaría C,7711.0
OC-01842,2019-01-29,PROV-011,Secretaría C,17066.0
OC-01843,2019-01-29,PROV-011,Secretaría C,7711.0
OC-01844,2019-01-29,PROV-011,Secretaría C,7711.0
OC-01845,2019-01-29,PROV-370,Secretaría D,3218.6
OC-01846,2019-01-29,PROV-031,Secretaría B,14485.0
OC-01847,2019-01-29,PROV-031,Secretaría B,14485.0
OC-01848,2019-01-29,PROV-031,Secretaría B,14485.0
OC-01849,2019-01-29,PROV-031,Secretaría B,14485.0
OC-01850,2019-01-29,PROV-031,Secretaría B,14485.0
OC-01851,2019-01-29,PROV-031,Secretaría B,14485.0
OC-01852,2019-01-29,PROV-031,Secretaría B,14485.0
OC-01853,2019-01-29,PROV-031,Secretaría B,14485.0
OC-01854,2019-01-29,PROV-031,Secretaría B,14485.0
OC-01855,2019-01-29,PROV-031,Secretaría B,14485.0
OC-01856,2019-01-29,PROV-031,Secretaría B,14485.0
OC-01857,2019-01-29,PROV-031,Secretaría B,14485.0
OC-01858,2019-01-29,PROV-031,Secretaría B,14485.0
OC-01859,2019-01-29,PROV-011,Secretaría B,28086.0
OC-01860,2019-01-29,PROV-011,Secretaría C,7711.0
OC-01861,2019-01-29,PROV-011,Secretaría C,7711.0
OC-01862,2019-01-29,PROV-011,Secretaría C,7711.0
OC-01863,2019-01-29,PROV-011,Secretaría C,7711.0
OC-01864,2019-01-29,PROV-011,Secretaría C,17066.0
OC-01865,2019-01-29,PROV-011,Secretaría C,17066.0
OC-01866,2019-01-29,PROV-011,Secretaría C,17066.0
OC-01867,2019-01-29,PROV-011,Secretaría C,17066.0
OC-01868,2019-01-29,PROV-011,Secretaría C,7711.0
OC-01869,2019-01-29,PROV-011,Secretaría C,7711.0
OC-01870,2019-01-29,PROV-011,Secretaría C,7711.0
OC-01871,2019-01-29,PROV-011,Secretaría C,7711.0
OC-01872,2019-01-29,PROV-011,Secretaría C,17066.0
OC-01873,2019-01-29,PROV-011,Secretaría C,7711.0
OC-01874,2019-01-29,PROV-011,Secretaría C,7711.0
OC-01875,2019-01-29,PROV-011,Secretaría C,7711.0
OC-01876,2019-01-29,PROV-011,Secretaría C,7711.0
OC-01877,2019-01-29,PROV-011,Secretaría C,7711.0
OC-01878,2019-01-29,PROV-011,Secretaría C,7711.0
OC-01879,2019-01-29,PROV-011,Secretaría C,7711.0
OC-01880,2019-01-29,PROV-011,Secretaría C,7711.0
OC-01881,2019-01-29,PROV-011,Secretaría C,7711.0
OC-01882,2019-01-29,PROV-011,Secretaría C,7711.0
OC-01883,2019-01-29,PROV-011,Secretaría B,28086.0
OC-01884,2019-01-29,PROV-011,Secretaría C,17066.0
OC-01885,2019-01-29,PROV-011,Secretaría B,28086.0
OC-01886,2019-01-29,PROV-007,Secretaría B,111154.0
OC-01887,2019-01-29,PROV-007,Secretaría B,111154.0
OC-01888,2019-01-29,PROV-007,Secretaría B,111154.0
OC-01889,2019-01-29,PROV-007,Secretaría B,111154.0
OC-01890,2019-01-29,PROV-007,Secretaría B,111154.0
OC-01891,2019-01-29,PROV-007,Secretaría B,111154.0
OC-01892,2019-01-29,PROV-007,Secretaría B,111154.0
OC-01893,2019-01-29,PROV-007,Secretaría C,66548.0
OC-01894,2019-01-29,PROV-007,Secretaría C,66548.0
OC-01895,2019-01-29,PROV-007,Secretaría C,66548.0
OC-01896,2019-01-29,PROV-007,Secretaría C,66548.0
OC-01897,2019-01-29,PROV-007,Secretaría C,66548.0
OC-01898,2019-01-29,PROV-007,Secretaría C,66548.0
OC-01899,2019-01-29,PROV-007,Secretaría C,66548.0
OC-01900,2019-01-29,PROV-007,Secretaría C,66548.0
OC-01901,2019-01-29,PROV-007,Secretaría C,66548.0
OC-01902,2019-01-29,PROV-007,Secretaría C,66548.0
OC-01903,2019-01-29,PROV-007,Secretaría B,111154.0
OC-01904,2019-01-29,PROV-007,Secretaría B,111154.0
OC-01905,2019-01-29,PROV-007,Secretaría B,111154.0
OC-01906,2019-01-29,PROV-007,Secretaría A,51800.0
OC-01907,2019-01-29,PROV-011,Secretaría B,28086.0
OC-01908,2019-01-29,PROV-020,Secretaría A,4553.58
OC-01909,2019-01-29,PROV-020,Secretaría A,4553.58
OC-01910,2019-01-29,PROV-020,Secretaría A,4553.58
OC-01911,2019-01-29,PROV-020,Secretaría A,535.0
OC-01912,2019-01-29,PROV-020,Secretaría A,535.0
OC-01913,2019-01-29,PROV-020,Secretaría A,4221.48
OC-01914,2019-01-29,PROV-020,Secretaría A,4221.48
OC-01915,2019-01-29,PROV-007,Secretaría C,66548.0
OC-01916,2019-01-29,PROV-020,Secretaría A,4221.48
OC-01917,2019-01-29,PROV-020,Secretaría A,515.0
OC-01918,2019-01-29,PROV-020,Secretaría A,515.0
OC-01919,2019-01-29,PROV-020,Secretaría A,2350.0
OC-01920,2019-01-29,PROV-020,Secretaría A,2620.0
OC-01921,2019-01-29,PROV-020,Secretaría A,2620.0
OC-01922,2019-01-29,PROV-207,Secretaría C,12055.12
OC-01923,2019-01-29,PROV-207,Secretaría C,12055.12
OC-01924,2019-01-29,PROV-207,Secretaría C,12055.12
OC-01925,2019-01-29,PROV-474,Secretaría E,15000.0
OC-01926,2019-01-29,PROV-007,Secretaría C,66548.0
OC-01927,2019-01-29,PROV-071,Secretaría B,134050.0
OC-01928,2019-01-29,PROV-007,Secretaría C,28740.0
OC-01929,2019-01-29,PROV-011,Secretaría B,61596.0
OC-01930,2019-01-29,PROV-011,Secretaría B,61596.0
OC-01931,2019-01-29,PROV-011,Secretaría B,61596.0
OC-01932,2019-01-29,PROV-011,Secretaría B,61596.0
OC-01933,2019-01-29,PROV-011,Secretaría B,61596.0
OC-01934,2019-01-29,PROV-011,Secretaría B,61596.0
OC-01935,2019-01-29,PROV-011,Secretaría B,61596.0
OC-01936,2019-01-29,PROV-011,Secretaría B,61596.0
OC-01937,2019-01-29,PROV-011,Secretaría B,61596.0
OC-01938,2019-01-29,PROV-011,Secretaría B,61596.0
OC-01939,2019-01-29,PROV-011,Secretaría B,61596.0
OC-01940,2019-01-29,PROV-011,Secretaría B,61596.0
OC-01941,2019-01-29,PROV-011,Secretaría B,28086.0
OC-01942,2019-01-29,PROV-011,Secretaría B,28086.0
OC-01943,2019-01-29,PROV-011,Secretaría B,28086.0
OC-01944,2019-01-29,PROV-011,Secretaría B,28086.0
OC-01945,2019-01-29,PROV-007,Secretaría C,28740.0
OC-01946,2019-01-29,PROV-011,Secretaría B,61596.0
OC-01947,2019-01-29,PROV-011,Secretaría B,61596.0
OC-01948,2019-01-29,PROV-011,Secretaría B,61596.0
OC-01949,2019-01-29,PROV-011,Secretaría B,61596.0
OC-01950,2019-01-29,PROV-007,Secretaría C,28740.0
OC-01951,2019-01-29,PROV-011,Secretaría B,61596.0
OC-01952,2019-01-29,PROV-011,Secretaría B,28086.0
OC-01953,2019-01-29,PROV-007,Secretaría C,28740.0
OC-01954,2019-01-29,PROV-007,Secretaría C,28740.0
OC-01955,2019-01-29,PROV-007,Secretaría C,8185.0
OC-01956,2019-01-29,PROV-007,Secretaría C,8185.0
OC-01957,2019-01-29,PROV-007,Secretaría C,8185.0
OC-01958,2019-01-29,PROV-317,Secretaría C,3375.0
OC-01959,2019-01-29,PROV-007,Secretaría C,28740.0
OC-01960,2019-01-29,PROV-011,Secretaría B,61596.0
OC-01961,2019-01-29,PROV-011,Secretaría B,61596.0
OC-01962,2019-01-29,PROV-011,Secretaría B,61596.0
OC-01963,2019-01-29,PROV-011,Secretaría B,61596.0
OC-01964,2019-01-29,PROV-011,Secretaría B,61596.0
OC-01965,2019-01-29,PROV-011,Secretaría B,61596.0
OC-01966,2019-01-29,PROV-011,Secretaría B,61596.0
OC-01967,2019-01-29,PROV-011,Secretaría B,61596.0
OC-01968,2019-01-29,PROV-011,Secretaría B,61596.0
OC-01969,2019-01-30,PROV-020,Secretaría A,22309.0
OC-01970,2019-01-30,PROV-020,Secretaría A,20070.0
OC-01971,2019-01-30,PROV-020,Secretaría A,20070.0
OC-01972,2019-01-30,PROV-181,Secretaría A,37200.0
OC-01973,2019-01-30,PROV-181,Secretaría A,34300.0
OC-01974,2019-01-30,PROV-181,Secretaría A,62300.0
OC-01975,2019-01-30,PROV-181,Secretaría A,27100.0
OC-01976,2019-01-30,PROV-020,Secretaría A,1540.0
OC-01977,2019-01-30,PROV-020,Secretaría A,13980.0
OC-01978,2019-01-30,PROV-020,Secretaría A,1540.0
OC-01979,2019-01-30,PROV-020,Secretaría A,1540.0
OC-01980,2019-01-30,PROV-105,Secretaría A,540.0
OC-01981,2019-01-30,PROV-169,Secretaría B,1800.0
OC-01982,2019-01-30,PROV-107,Secretaría A,34800.0
OC-01983,2019-01-30,PROV-020,Secretaría A,22309.0
OC-01984,2019-01-30,PROV-074,Secretaría A,17568.0
OC-01985,2019-01-30,PROV-020,Secretaría A,22309.0
OC-01986,2019-01-30,PROV-020,Secretaría A,20070.0
OC-01987,2019-01-30,PROV-020,Secretaría A,22309.0
OC-01988,2019-01-30,PROV-020,Secretaría A,22309.0
OC-01989,2019-01-30,PROV-007,Secretaría B,15750.0
OC-01990,2019-01-30,PROV-045,Secretaría G,2518.16
OC-01991,2019-01-30,PROV-103,Secretaría C,1035.0
OC-01992,2019-01-30,PROV-103,Secretaría C,1035.0
OC-01993,2019-01-30,PROV-059,Secretaría D,950.0
OC-01994,2019-01-30,PROV-017,Secretaría E,3467.6
OC-01995,2019-01-30,PROV-077,Secretaría B,6800.0
OC-01996,2019-01-30,PROV-017,Secretaría E,3467.6
OC-01997,2019-01-30,PROV-017,Secretaría E,3467.6
OC-01998,2019-01-30,PROV-415,Secretaría D,52937.5
OC-01999,2019-01-30,PROV-020,Secretaría A,2032.84
OC-02000,2019-01-30,PROV-020,Secretaría A,2032.84
OC-02001,2019-01-30,PROV-020,Secretaría A,2032.84
OC-02002,2019-01-30,PROV-017,Secretaría E,3467.6
OC-02003,2019-01-30,PROV-045,Secretaría A,12890.9
OC-02004,2019-01-31,PROV-081,Secretaría A,75509.61
OC-02005,2019-01-31,PROV-081,Secretaría A,75509.61
OC-02006,2019-01-31,PROV-136,Secretaría B,444000.0
OC-02007,2019-01-31,PROV-030,Secretaría D,6248.0
OC-02008,2019-01-31,PROV-088,Secretaría I,7000.0
OC-02009,2019-01-31,PROV-030,Secretaría D,6248.0
OC-02010,2019-01-31,PROV-268,Secretaría D,34200.0
OC-02011,2019-01-31,PROV-081,Secretaría A,75509.61
OC-02012,2019-01-31,PROV-088,Secretaría I,12000.0
OC-02013,2019-01-31,PROV-081,Secretaría A,75509.61
OC-02014,2019-01-31,PROV-059,Secretaría G,25690.0
OC-02015,2019-01-31,PROV-081,Secretaría A,75509.61
OC-02016,2019-01-31,PROV-081,Secretaría A,75509.61
OC-02017,2019-01-31,PROV-081,Secretaría A,75509.61
OC-02018,2019-01-31,PROV-081,Secretaría A,75509.61
OC-02019,2019-01-31,PROV-081,Secretaría A,42200.0
OC-02020,2019-01-31,PROV-081,Secretaría A,42200.0
OC-02021,2019-01-31,PROV-025,Secretaría D,75926.25
OC-02022,2019-01-31,PROV-034,Secretaría A,1440.0
OC-02023,2019-01-31,PROV-034,Secretaría A,1440.0
OC-02024,2019-01-31,PROV-052,Secretaría A,60800.0
OC-02025,2019-01-31,PROV-081,Secretaría A,75509.61
OC-02026,2019-01-31,PROV-025,Secretaría D,75926.25
OC-02027,2019-01-31,PROV-025,Secretaría D,75926.25
OC-02028,2019-01-31,PROV-191,Secretaría E,18000.0
OC-02029,2019-01-31,PROV-052,Secretaría A,60800.0
OC-02030,2019-01-31,PROV-210,Secretaría E,18000.0
OC-02031,2019-01-31,PROV-210,Secretaría E,10000.0
OC-02032,2019-01-31,PROV-414,Secretaría B,2400.0
OC-02033,2019-01-31,PROV-191,Secretaría E,10000.0
OC-02034,2019-01-31,PROV-060,Secretaría D,39956.0
OC-02035,2019-01-31,PROV-077,Secretaría B,1100.0
OC-02036,2019-01-31,PROV-366,Secretaría F,72000.0
OC-02037,2019-01-31,PROV-043,Secretaría D,113090.82
OC-02038,2019-01-31,PROV-043,Secretaría D,113090.82
OC-02039,2019-01-31,PROV-025,Secretaría D,75926.25
OC-02040,2019-01-31,PROV-043,Secretaría D,113090.82
OC-02041,2019-01-31,PROV-043,Secretaría D,113090.82
OC-02042,2019-01-31,PROV-043,Secretaría D,113090.82
OC-02043,2019-01-31,PROV-043,Secretaría D,113090.82
OC-02044,2019-01-31,PROV-025,Secretaría D,75926.25
OC-02045,2019-01-31,PROV-025,Secretaría D,75926.25
OC-02046,2019-01-31,PROV-025,Secretaría D,75926.25
OC-02047,2019-01-31,PROV-025,Secretaría D,75926.25
OC-02048,2019-01-31,PROV-025,Secretaría D,75926.25
OC-02049,2019-01-31,PROV-025,Secretaría D,75926.25
OC-02050,2019-01-31,PROV-025,Secretaría D,75926.25
OC-02051,2019-01-31,PROV-043,Secretaría D,113090.82
OC-02052,2019-01-31,PROV-403,Secretaría B,58000.0
OC-02053,2019-01-31,PROV-097,Secretaría G,48070.0
OC-02054,2019-01-31,PROV-010,Secretaría E,10644.0
OC-02055,2019-01-31,PROV-033,Secretaría G,30600.09
OC-02056,2019-01-31,PROV-033,Secretaría G,30600.09
OC-02057,2019-01-31,PROV-033,Secretaría G,30600.09
OC-02058,2019-01-31,PROV-033,Secretaría G,30600.09
OC-02059,2019-01-31,PROV-033,Secretaría G,30600.09
OC-02060,2019-01-31,PROV-033,Secretaría G,30600.09
OC-02061,2019-01-31,PROV-033,Secretaría G,30600.09
OC-02062,2019-01-31,PROV-033,Secretaría G,30600.09
OC-02063,2019-01-31,PROV-023,Secretaría G,74963.0
OC-02064,2019-01-31,PROV-023,Secretaría G,74963.0
OC-02065,2019-01-31,PROV-023,Secretaría G,74963.0
OC-02066,2019-01-31,PROV-023,Secretaría G,74963.0
OC-02067,2019-01-31,PROV-023,Secretaría G,74963.0
OC-02068,2019-01-31,PROV-023,Secretaría G,74963.0
OC-02069,2019-01-31,PROV-023,Secretaría G,74963.0
OC-02070,2019-01-31,PROV-023,Secretaría G,74963.0
OC-02071,2019-01-31,PROV-023,Secretaría G,74963.0
OC-02072,2019-01-31,PROV-023,Secretaría G,74963.0
OC-02073,2019-01-31,PROV-023,Secretaría G,74963.0
OC-02074,2019-01-31,PROV-023,Secretaría G,74963.0
OC-02075,2019-01-31,PROV-010,Secretaría E,15600.0
OC-02076,2019-01-31,PROV-097,Secretaría G,48070.0
OC-02077,2019-01-31,PROV-097,Secretaría G,48070.0
OC-02078,2019-01-31,PROV-023,Secretaría G,74963.0
OC-02079,2019-01-31,PROV-097,Secretaría G,48070.0
OC-02080,2019-01-31,PROV-109,Secretaría C,2864.0
OC-02081,2019-01-31,PROV-097,Secretaría G,48070.0
OC-02082,2019-01-31,PROV-109,Secretaría C,2864.0
OC-02083,2019-01-31,PROV-109,Secretaría C,2864.0
OC-02084,2019-01-31,PROV-109,Secretaría C,2097.0
OC-02085,2019-01-31,PROV-109,Secretaría C,15856.0
OC-02086,2019-01-31,PROV-109,Secretaría C,15856.0
OC-02087,2019-01-31,PROV-109,Secretaría C,15856.0
OC-02088,2019-01-31,PROV-109,Secretaría C,15856.0
OC-02089,2019-01-31,PROV-194,Secretaría B,10200.0
OC-02090,2019-01-31,PROV-109,Secretaría C,2097.0
OC-02091,2019-01-31,PROV-194,Secretaría B,10200.0
OC-02092,2019-01-31,PROV-194,Secretaría B,10200.0
OC-02093,2019-01-31,PROV-097,Secretaría G,48070.0
OC-02094,2019-01-31,PROV-100,Secretaría B,1100.0
OC-02095,2019-01-31,PROV-135,Secretaría D,23700.0
OC-02096,2019-01-31,PROV-091,Secretaría E,653400.0
OC-02097,2019-01-31,PROV-100,Secretaría B,1100.0
OC-02098,2019-01-31,PROV-088,Secretaría C,2500.0
OC-02099,2019-01-31,PROV-112,Secretaría E,502740.0
OC-02100,2019-01-31,PROV-088,Secretaría I,13800.0
OC-02101,2019-01-31,PROV-194,Secretaría A,5250.0
OC-02102,2019-02-01,PROV-049,Secretaría B,10489.48
OC-02103,2019-02-01,PROV-049,Secretaría B,10489.48
OC-02104,2019-02-01,PROV-019,Secretaría B,88440.0
OC-02105,2019-02-01,PROV-019,Secretaría B,88440.0
OC-02106,2019-02-01,PROV-049,Secretaría B,10489.48
OC-02107,2019-02-01,PROV-019,Secretaría B,88440.0
OC-02108,2019-02-01,PROV-019,Secretaría B,88440.0
OC-02109,2019-02-01,PROV-019,Secretaría B,88440.0
OC-02110,2019-02-01,PROV-019,Secretaría B,88440.0
OC-02111,2019-02-01,PROV-019,Secretaría B,88440.0
OC-02112,2019-02-01,PROV-019,Secretaría B,88440.0
OC-02113,2019-02-01,PROV-062,Secretaría B,21757.58
OC-02114,2019-02-01,PROV-019,Secretaría B,88440.0
OC-02115,2019-02-01,PROV-019,Secretaría B,88440.0
OC-02116,2019-02-01,PROV-062,Secretaría B,21757.58
OC-02117,2019-02-01,PROV-175,Secretaría C,11227.0
OC-02118,2019-02-01,PROV-062,Secretaría B,21757.58
OC-02119,2019-02-01,PROV-020,Secretaría A,5036.0
OC-02120,2019-02-01,PROV-020,Secretaría A,5036.0
OC-02121,2019-02-01,PROV-209,Secretaría B,110400.0
OC-02122,2019-02-01,PROV-101,Secretaría B,110400.0
OC-02123,2019-02-01,PROV-389,Secretaría C,31750.0
OC-02124,2019-02-01,PROV-266,Secretaría E,66000.0
OC-02125,2019-02-01,PROV-030,Secretaría D,820.0
OC-02126,2019-02-01,PROV-175,Secretaría C,11227.0
OC-02127,2019-02-01,PROV-175,Secretaría C,11227.0
OC-02128,2019-02-01,PROV-175,Secretaría C,11227.0
OC-02129,2019-02-01,PROV-175,Secretaría C,11227.0
OC-02130,2019-02-01,PROV-175,Secretaría C,11227.0
OC-02131,2019-02-01,PROV-019,Secretaría B,88440.0
OC-02132,2019-02-01,PROV-062,Secretaría B,21757.58
OC-02133,2019-02-01,PROV-019,Secretaría B,88440.0
OC-02134,2019-02-01,PROV-020,Secretaría A,5028.0
OC-02135,2019-02-01,PROV-019,Secretaría B,88440.0
OC-02136,2019-02-01,PROV-055,Secretaría F,16952.32
OC-02137,2019-02-01,PROV-135,Secretaría A,640.0
OC-02138,2019-02-01,PROV-195,Secretaría C,8340.0
OC-02139,2019-02-01,PROV-020,Secretaría A,3928.74
OC-02140,2019-02-01,PROV-020,Secretaría A,3928.74
OC-02141,2019-02-01,PROV-020,Secretaría A,3928.74
OC-02142,2019-02-01,PROV-020,Secretaría A,3050.77
OC-02143,2019-02-01,PROV-020,Secretaría A,3050.77
OC-02144,2019-02-01,PROV-020,Secretaría A,3050.77
OC-02145,2019-02-01,PROV-020,Secretaría A,5028.0
OC-02146,2019-02-01,PROV-020,Secretaría A,5028.0
OC-02147,2019-02-01,PROV-020,Secretaría A,934.64
OC-02148,2019-02-01,PROV-020,Secretaría A,934.64
OC-02149,2019-02-01,PROV-020,Secretaría A,934.64
OC-02150,2019-02-01,PROV-020,Secretaría A,934.64
OC-02151,2019-02-01,PROV-034,Secretaría A,1050.0
OC-02152,2019-02-01,PROV-020,Secretaría A,1690.0
OC-02153,2019-02-01,PROV-019,Secretaría B,88440.0
OC-02154,2019-02-01,PROV-019,Secretaría B,88440.0
OC-02155,2019-02-01,PROV-019,Secretaría B,88440.0
OC-02156,2019-02-01,PROV-019,Secretaría B,88440.0
OC-02157,2019-02-01,PROV-019,Secretaría B,88440.0
OC-02158,2019-02-01,PROV-019,Secretaría B,88440.0
OC-02159,2019-02-01,PROV-019,Secretaría B,88440.0
OC-02160,2019-02-01,PROV-019,Secretaría B,88440.0
OC-02161,2019-02-01,PROV-019,Secretaría B,88440.0
OC-02162,2019-02-01,PROV-019,Secretaría B,88440.0
OC-02163,2019-02-01,PROV-019,Secretaría B,88440.0
OC-02164,2019-02-01,PROV-019,Secretaría B,88440.0
OC-02165,2019-02-01,PROV-019,Secretaría B,88440.0
OC-02166,2019-02-01,PROV-019,Secretaría B,88440.0
OC-02167,2019-02-01,PROV-019,Secretaría B,88440.0
OC-02168,2019-02-01,PROV-288,Secretaría F,17977.16
OC-02169,2019-02-01,PROV-017,Secretaría B,4314.7
OC-02170,2019-02-01,PROV-147,Secretaría B,9340.0
OC-02171,2019-02-01,PROV-057,Secretaría A,18900.0
OC-02172,2019-02-01,PROV-057,Secretaría A,18900.0
OC-02173,2019-02-01,PROV-057,Secretaría A,18900.0
OC-02174,2019-02-01,PROV-057,Secretaría A,18900.0
OC-02175,2019-02-01,PROV-030,Secretaría D,12480.0
OC-02176,2019-02-01,PROV-030,Secretaría D,12480.0
OC-02177,2019-02-01,PROV-030,Secretaría D,12480.0
OC-02178,2019-02-01,PROV-030,Secretaría D,12480.0
OC-02179,2019-02-01,PROV-030,Secretaría D,12480.0
OC-02180,2019-02-01,PROV-030,Secretaría D,12480.0
OC-02181,2019-02-01,PROV-087,Secretaría F,38550.0
OC-02182,2019-02-01,PROV-087,Secretaría F,38550.0
OC-02183,2019-02-01,PROV-087,Secretaría F,38550.0
OC-02184,2019-02-01,PROV-099,Secretaría D,637812.5
OC-02185,2019-02-01,PROV-057,Secretaría A,18900.0
OC-02186,2019-02-01,PROV-065,Secretaría C,45890.0
OC-02187,2019-02-01,PROV-065,Secretaría C,45890.0
OC-02188,2019-02-01,PROV-065,Secretaría C,45890.0
OC-02189,2019-02-01,PROV-065,Secretaría C,45890.0
OC-02190,2019-02-01,PROV-065,Secretaría C,45890.0
OC-02191,2019-02-01,PROV-065,Secretaría C,45890.0
OC-02192,2019-02-01,PROV-065,Secretaría C,45890.0
OC-02193,2019-02-01,PROV-065,Secretaría C,45890.0
OC-02194,2019-02-01,PROV-059,Secretaría E,49580.0
OC-02195,2019-02-01,PROV-218,Secretaría C,3148.0
OC-02196,2019-02-01,PROV-218,Secretaría C,6296.0
OC-02197,2019-02-01,PROV-077,Secretaría B,448.0
OC-02198,2019-02-01,PROV-103,Secretaría C,19200.0
OC-02199,2019-02-01,PROV-103,Secretaría B,6000.0
OC-02200,2019-02-01,PROV-095,Secretaría B,2307.0
OC-02201,2019-02-01,PROV-065,Secretaría C,45890.0
OC-02202,2019-02-01,PROV-057,Secretaría A,18900.0
OC-02203,2019-02-01,PROV-059,Secretaría E,49580.0
OC-02204,2019-02-01,PROV-040,Secretaría E,85800.0
OC-02205,2019-02-01,PROV-057,Secretaría A,18900.0
OC-02206,2019-02-01,PROV-144,Secretaría C,50636.8
OC-02207,2019-02-01,PROV-027,Secretaría C,1416.0
OC-02208,2019-02-01,PROV-592,Secretaría C,5055.0
OC-02209,2019-02-01,PROV-025,Secretaría D,43026.39
OC-02210,2019-02-01,PROV-025,Secretaría D,55116.59
OC-02211,2019-02-01,PROV-025,Secretaría D,55116.59
OC-02212,2019-02-01,PROV-025,Secretaría D,55116.59
OC-02213,2019-02-01,PROV-025,Secretaría D,55116.59
OC-02214,2019-02-01,PROV-025,Secretaría D,55116.59
OC-02215,2019-02-01,PROV-025,Secretaría D,55116.59
OC-02216,2019-02-01,PROV-088,Secretaría I,3800.0
OC-02217,2019-02-01,PROV-087,Secretaría B,14210.0
OC-02218,2019-02-01,PROV-087,Secretaría B,14210.0
OC-02219,2019-02-01,PROV-017,Secretaría B,4314.7
OC-02220,2019-02-01,PROV-055,Secretaría I,5520.0
OC-02221,2019-02-01,PROV-017,Secretaría B,4314.7
OC-02222,2019-02-01,PROV-017,Secretaría B,4314.7
OC-02223,2019-02-01,PROV-207,Secretaría C,5455.65
OC-02224,2019-02-01,PROV-201,Secretaría G,198548.52
OC-02225,2019-02-01,PROV-039,Secretaría A,151400.0
OC-02226,2019-02-01,PROV-222,Secretaría B,1645.0
OC-02227,2019-02-01,PROV-017,Secretaría B,4314.7
OC-02228,2019-02-01,PROV-289,Secretaría F,17977.16
OC-02229,2019-02-01,PROV-017,Secretaría B,1191.6
OC-02230,2019-02-01,PROV-017,Secretaría B,4314.7
OC-02231,2019-02-01,PROV-017,Secretaría B,4314.7
OC-02232,2019-02-01,PROV-017,Secretaría B,4314.7
OC-02233,2019-02-01,PROV-017,Secretaría B,4314.7
OC-02234,2019-02-01,PROV-017,Secretaría B,4314.7
OC-02235,2019-02-01,PROV-017,Secretaría B,4314.7
OC-02236,2019-02-01,PROV-017,Secretaría B,4314.7
OC-02237,2019-02-04,PROV-034,Secretaría F,24340.0
OC-02238,2019-02-04,PROV-034,Secretaría F,7705.0
OC-02239,2019-02-04,PROV-034,Secretaría F,7705.0
OC-02240,2019-02-04,PROV-034,Secretaría F,7705.0
OC-02241,2019-02-04,PROV-034,Secretaría F,7705.0
OC-02242,2019-02-04,PROV-034,Secretaría F,24340.0
OC-02243,2019-02-04,PROV-034,Secretaría F,24340.0
OC-02244,2019-02-04,PROV-034,Secretaría F,24340.0
OC-02245,2019-02-04,PROV-034,Secretaría F,24340.0
OC-02246,2019-02-04,PROV-034,Secretaría F,24340.0
OC-02247,2019-02-04,PROV-034,Secretaría F,7705.0
OC-02248,2019-02-04,PROV-034,Secretaría F,7705.0
OC-02249,2019-02-04,PROV-017,Secretaría C,14766.6
OC-02250,2019-02-04,PROV-401,Secretaría B,8065.0
OC-02251,2019-02-04,PROV-059,Secretaría B,2430.0
OC-02252,2019-02-04,PROV-017,Secretaría C,14766.6
OC-02253,2019-02-04,PROV-017,Secretaría C,14766.6
OC-02254,2019-02-04,PROV-017,Secretaría C,14766.6
OC-02255,2019-02-04,PROV-017,Secretaría C,14766.6
OC-02256,2019-02-04,PROV-017,Secretaría C,14766.6
OC-02257,2019-02-04,PROV-017,Secretaría C,14766.6
OC-02258,2019-02-04,PROV-017,Secretaría C,14766.6
OC-02259,2019-02-04,PROV-034,Secretaría F,24340.0
OC-02260,2019-02-04,PROV-017,Secretaría C,14766.6
OC-02261,2019-02-04,PROV-401,Secretaría B,8065.0
OC-02262,2019-02-04,PROV-034,Secretaría F,24340.0
OC-02263,2019-02-04,PROV-030,Secretaría C,5040.0
OC-02264,2019-02-04,PROV-034,Secretaría F,24340.0
OC-02265,2019-02-04,PROV-017,Secretaría C,14766.6
OC-02266,2019-02-04,PROV-061,Secretaría B,15600.0
OC-02267,2019-02-04,PROV-030,Secretaría B,4156.0
OC-02268,2019-02-04,PROV-030,Secretaría B,4156.0
OC-02269,2019-02-04,PROV-030,Secretaría B,4156.0
OC-02270,2019-02-04,PROV-030,Secretaría B,4156.0
OC-02271,2019-02-04,PROV-030,Secretaría B,4156.0
OC-02272,2019-02-04,PROV-030,Secretaría B,4156.0
OC-02273,2019-02-04,PROV-030,Secretaría B,4156.0
OC-02274,2019-02-04,PROV-017,Secretaría B,705.0
OC-02275,2019-02-04,PROV-017,Secretaría B,705.0
OC-02276,2019-02-04,PROV-148,Secretaría A,22480.0
OC-02277,2019-02-04,PROV-148,Secretaría A,22480.0
OC-02278,2019-02-04,PROV-057,Secretaría A,2200.0
OC-02279,2019-02-04,PROV-057,Secretaría A,2200.0
OC-02280,2019-02-04,PROV-045,Secretaría C,4290.06
OC-02281,2019-02-04,PROV-045,Secretaría C,4290.06
OC-02282,2019-02-04,PROV-045,Secretaría C,4290.06
OC-02283,2019-02-04,PROV-045,Secretaría C,4290.06
OC-02284,2019-02-04,PROV-088,Secretaría B,3292.0
OC-02285,2019-02-04,PROV-500,Secretaría I,9500.0
OC-02286,2019-02-04,PROV-034,Secretaría I,2385.0
OC-02287,2019-02-04,PROV-034,Secretaría I,2385.0
OC-02288,2019-02-04,PROV-034,Secretaría F,24340.0
OC-02289,2019-02-04,PROV-034,Secretaría F,24340.0
OC-02290,2019-02-04,PROV-034,Secretaría F,24340.0
OC-02291,2019-02-04,PROV-062,Secretaría B,38900.5
OC-02292,2019-02-04,PROV-034,Secretaría F,7705.0
OC-02293,2019-02-04,PROV-142,Secretaría B,3150.0
OC-02294,2019-02-04,PROV-206,Secretaría B,75000.0
OC-02295,2019-02-04,PROV-034,Secretaría A,775.0
OC-02296,2019-02-04,PROV-034,Secretaría A,775.0
OC-02297,2019-02-04,PROV-034,Secretaría A,3400.0
OC-02298,2019-02-04,PROV-034,Secretaría A,3400.0
OC-02299,2019-02-04,PROV-034,Secretaría A,3400.0
OC-02300,2019-02-04,PROV-034,Secretaría A,760.0
OC-02301,2019-02-04,PROV-020,Secretaría A,6126.54
OC-02302,2019-02-04,PROV-020,Secretaría A,6126.54
OC-02303,2019-02-04,PROV-020,Secretaría A,6126.54
OC-02304,2019-02-04,PROV-020,Secretaría A,6126.54
OC-02305,2019-02-04,PROV-020,Secretaría A,2344.0
OC-02306,2019-02-04,PROV-135,Secretaría A,980.0
OC-02307,2019-02-04,PROV-135,Secretaría A,560.0
OC-02308,2019-02-04,PROV-222,Secretaría B,7594.0
OC-02309,2019-02-04,PROV-222,Secretaría B,7594.0
OC-02310,2019-02-04,PROV-222,Secretaría B,7594.0
OC-02311,2019-02-04,PROV-222,Secretaría B,7594.0
OC-02312,2019-02-04,PROV-222,Secretaría B,7594.0
OC-02313,2019-02-04,PROV-222,Secretaría B,7594.0
OC-02314,2019-02-04,PROV-222,Secretaría B,7594.0
OC-02315,2019-02-04,PROV-222,Secretaría B,7594.0
OC-02316,2019-02-04,PROV-222,Secretaría B,7594.0
OC-02317,2019-02-04,PROV-222,Secretaría B,7594.0
OC-02318,2019-02-04,PROV-059,Secretaría F,9149.0
OC-02319,2019-02-04,PROV-147,Secretaría B,7360.0
OC-02320,2019-02-04,PROV-147,Secretaría B,3950.0
OC-02321,2019-02-04,PROV-222,Secretaría B,7594.0
OC-02322,2019-02-04,PROV-113,Secretaría C,15362.98
OC-02323,2019-02-04,PROV-113,Secretaría C,15362.98
OC-02324,2019-02-04,PROV-030,Secretaría A,2950.0
OC-02325,2019-02-04,PROV-030,Secretaría A,2950.0
OC-02326,2019-02-04,PROV-142,Secretaría B,3375.0
OC-02327,2019-02-04,PROV-070,Secretaría E,61299.0
OC-02328,2019-02-04,PROV-070,Secretaría E,61299.0
OC-02329,2019-02-04,PROV-070,Secretaría E,61299.0
OC-02330,2019-02-04,PROV-070,Secretaría E,61299.0
OC-02331,2019-02-04,PROV-006,Secretaría E,44739.75
OC-02332,2019-02-04,PROV-050,Secretaría E,13321.0
OC-02333,2019-02-04,PROV-050,Secretaría E,13321.0
OC-02334,2019-02-04,PROV-050,Secretaría E,13321.0
OC-02335,2019-02-04,PROV-110,Secretaría E,7000.0
OC-02336,2019-02-04,PROV-030,Secretaría A,2950.0
OC-02337,2019-02-04,PROV-050,Secretaría C,9860.0
OC-02338,2019-02-04,PROV-059,Secretaría H,4190.0
OC-02339,2019-02-04,PROV-113,Secretaría C,15362.98
OC-02340,2019-02-04,PROV-113,Secretaría C,15362.98
OC-02341,2019-02-04,PROV-113,Secretaría C,15362.98
OC-02342,2019-02-04,PROV-113,Secretaría C,15362.98
OC-02343,2019-02-04,PROV-113,Secretaría C,15362.98
OC-02344,2019-02-04,PROV-113,Secretaría C,15362.98
OC-02345,2019-02-04,PROV-050,Secretaría C,9860.0
OC-02346,2019-02-04,PROV-050,Secretaría C,9860.0
OC-02347,2019-02-04,PROV-113,Secretaría C,15362.98
OC-02348,2019-02-04,PROV-113,Secretaría C,15362.98
OC-02349,2019-02-05,PROV-001,Secretaría C,68651.2
OC-02350,2019-02-05,PROV-001,Secretaría C,68651.2
OC-02351,2019-02-05,PROV-001,Secretaría C,68651.2
OC-02352,2019-02-05,PROV-001,Secretaría C,68651.2
OC-02353,2019-02-05,PROV-001,Secretaría C,68651.2
OC-02354,2019-02-05,PROV-001,Secretaría C,68651.2
OC-02355,2019-02-05,PROV-001,Secretaría C,68651.2
OC-02356,2019-02-05,PROV-001,Secretaría C,68651.2
OC-02357,2019-02-05,PROV-001,Secretaría C,68651.2
OC-02358,2019-02-05,PROV-001,Secretaría C,68651.2
OC-02359,2019-02-05,PROV-001,Secretaría C,68651.2
OC-02360,2019-02-05,PROV-001,Secretaría C,68651.2
OC-02361,2019-02-05,PROV-001,Secretaría C,68651.2
OC-02362,2019-02-05,PROV-001,Secretaría C,68651.2
OC-02363,2019-02-05,PROV-001,Secretaría C,68651.2
OC-02364,2019-02-05,PROV-001,Secretaría C,68651.2
OC-02365,2019-02-05,PROV-001,Secretaría C,10321.2
OC-02366,2019-02-05,PROV-001,Secretaría C,10321.2
OC-02367,2019-02-05,PROV-001,Secretaría C,10321.2
OC-02368,2019-02-05,PROV-001,Secretaría C,10321.2
OC-02369,2019-02-05,PROV-001,Secretaría C,10321.2
OC-02370,2019-02-05,PROV-001,Secretaría C,68651.2
OC-02371,2019-02-05,PROV-001,Secretaría C,68651.2
OC-02372,2019-02-05,PROV-001,Secretaría C,68651.2
OC-02373,2019-02-05,PROV-001,Secretaría C,68651.2
OC-02374,2019-02-05,PROV-001,Secretaría C,71590.3
OC-02375,2019-02-05,PROV-001,Secretaría C,10321.2
OC-02376,2019-02-05,PROV-001,Secretaría C,71590.3
OC-02377,2019-02-05,PROV-001,Secretaría C,68651.2
OC-02378,2019-02-05,PROV-001,Secretaría C,68651.2
OC-02379,2019-02-05,PROV-001,Secretaría C,68651.2
OC-02380,2019-02-05,PROV-001,Secretaría C,68651.2
OC-02381,2019-02-05,PROV-001,Secretaría C,68651.2
OC-02382,2019-02-05,PROV-001,Secretaría C,68651.2
OC-02383,2019-02-05,PROV-001,Secretaría C,68651.2
OC-02384,2019-02-05,PROV-001,Secretaría C,68651.2
OC-02385,2019-02-05,PROV-001,Secretaría C,68651.2
OC-02386,2019-02-05,PROV-001,Secretaría C,68651.2
OC-02387,2019-02-05,PROV-001,Secretaría C,68651.2
OC-02388,2019-02-05,PROV-001,Secretaría C,68651.2
OC-02389,2019-02-05,PROV-001,Secretaría C,68651.2
OC-02390,2019-02-05,PROV-001,Secretaría C,68651.2
OC-02391,2019-02-05,PROV-001,Secretaría C,68651.2
OC-02392,2019-02-05,PROV-001,Secretaría C,68651.2
OC-02393,2019-02-05,PROV-001,Secretaría C,68651.2
OC-02394,2019-02-05,PROV-001,Secretaría C,68651.2
OC-02395,2019-02-05,PROV-001,Secretaría C,68651.2
OC-02396,2019-02-05,PROV-001,Secretaría C,68651.2
OC-02397,2019-02-05,PROV-001,Secretaría C,10321.2
OC-02398,2019-02-05,PROV-001,Secretaría C,11160.2
OC-02399,2019-02-05,PROV-001,Secretaría C,10321.2
OC-02400,2019-02-05,PROV-001,Secretaría C,11160.2
OC-02401,2019-02-05,PROV-001,Secretaría C,11160.2
OC-02402,2019-02-05,PROV-001,Secretaría C,11160.2
OC-02403,2019-02-05,PROV-001,Secretaría C,11160.2
OC-02404,2019-02-05,PROV-001,Secretaría C,11160.2
OC-02405,2019-02-05,PROV-001,Secretaría C,11160.2
OC-02406,2019-02-05,PROV-001,Secretaría C,11160.2
OC-02407,2019-02-05,PROV-001,Secretaría C,11160.2
OC-02408,2019-02-05,PROV-001,Secretaría C,34760.0
OC-02409,2019-02-05,PROV-001,Secretaría C,242320.0
OC-02410,2019-02-05,PROV-001,Secretaría C,242320.0
OC-02411,2019-02-05,PROV-001,Secretaría C,242320.0
OC-02412,2019-02-05,PROV-001,Secretaría C,242320.0
OC-02413,2019-02-05,PROV-001,Secretaría C,242320.0
OC-02414,2019-02-05,PROV-001,Secretaría C,242320.0
OC-02415,2019-02-05,PROV-001,Secretaría C,242320.0
OC-02416,2019-02-05,PROV-001,Secretaría C,242320.0
OC-02417,2019-02-05,PROV-001,Secretaría C,242320.0
OC-02418,2019-02-05,PROV-001,Secretaría C,242320.0
OC-02419,2019-02-05,PROV-001,Secretaría C,242320.0
OC-02420,2019-02-05,PROV-001,Secretaría C,71590.3
OC-02421,2019-02-05,PROV-001,Secretaría C,11160.2
OC-02422,2019-02-05,PROV-001,Secretaría C,11160.2
OC-02423,2019-02-05,PROV-001,Secretaría C,11160.2
OC-02424,2019-02-05,PROV-001,Secretaría C,11160.2
OC-02425,2019-02-05,PROV-001,Secretaría C,10321.2
OC-02426,2019-02-05,PROV-001,Secretaría C,10321.2
OC-02427,2019-02-05,PROV-001,Secretaría C,10321.2
OC-02428,2019-02-05,PROV-001,Secretaría C,10321.2
OC-02429,2019-02-05,PROV-001,Secretaría C,10321.2
OC-02430,2019-02-05,PROV-001,Secretaría C,10321.2
OC-02431,2019-02-05,PROV-001,Secretaría C,11160.2
OC-02432,2019-02-05,PROV-001,Secretaría C,11160.2
OC-02433,2019-02-05,PROV-001,Secretaría C,11160.2
OC-02434,2019-02-05,PROV-001,Secretaría C,11160.2
OC-02435,2019-02-05,PROV-001,Secretaría C,10321.2
OC-02436,2019-02-05,PROV-001,Secretaría C,11160.2
OC-02437,2019-02-05,PROV-001,Secretaría C,11160.2
OC-02438,2019-02-05,PROV-001,Secretaría C,11160.2
OC-02439,2019-02-05,PROV-001,Secretaría C,242320.0
OC-02440,2019-02-05,PROV-001,Secretaría C,11160.2
OC-02441,2019-02-05,PROV-001,Secretaría C,11160.2
OC-02442,2019-02-05,PROV-001,Secretaría C,11160.2
OC-02443,2019-02-05,PROV-001,Secretaría C,11160.2
OC-02444,2019-02-05,PROV-001,Secretaría C,11160.2
OC-02445,2019-02-05,PROV-001,Secretaría C,11160.2
OC-02446,2019-02-05,PROV-001,Secretaría C,11160.2
OC-02447,2019-02-05,PROV-001,Secretaría C,11160.2
OC-02448,2019-02-05,PROV-001,Secretaría C,71590.3
OC-02449,2019-02-05,PROV-001,Secretaría B,58942.1
OC-02450,2019-02-05,PROV-001,Secretaría C,71590.3
OC-02451,2019-02-05,PROV-001,Secretaría B,58942.1
OC-02452,2019-02-05,PROV-001,Secretaría C,71590.3
OC-02453,2019-02-05,PROV-001,Secretaría B,58942.1
OC-02454,2019-02-05,PROV-001,Secretaría B,58942.1
OC-02455,2019-02-05,PROV-001,Secretaría B,58942.1
OC-02456,2019-02-05,PROV-001,Secretaría B,58942.1
OC-02457,2019-02-05,PROV-001,Secretaría B,58942.1
OC-02458,2019-02-05,PROV-001,Secretaría B,58942.1
OC-02459,2019-02-05,PROV-001,Secretaría B,58942.1
OC-02460,2019-02-05,PROV-001,Secretaría B,58942.1
OC-02461,2019-02-05,PROV-001,Secretaría B,58942.1
OC-02462,2019-02-05,PROV-001,Secretaría B,58942.1
OC-02463,2019-02-05,PROV-001,Secretaría B,58942.1
OC-02464,2019-02-05,PROV-001,Secretaría B,58942.1
OC-02465,2019-02-05,PROV-001,Secretaría B,58942.1
OC-02466,2019-02-05,PROV-001,Secretaría B,58942.1
OC-02467,2019-02-05,PROV-001,Secretaría B,58942.1
OC-02468,2019-02-05,PROV-001,Secretaría B,58942.1
OC-02469,2019-02-05,PROV-001,Secretaría B,58942.1
OC-02470,2019-02-05,PROV-001,Secretaría B,58942.1
OC-02471,2019-02-05,PROV-001,Secretaría B,58942.1
OC-02472,2019-02-05,PROV-001,Secretaría B,58942.1
OC-02473,2019-02-05,PROV-001,Secretaría B,58942.1
OC-02474,2019-02-05,PROV-001,Secretaría B,58942.1
OC-02475,2019-02-05,PROV-001,Secretaría B,58942.1
OC-02476,2019-02-05,PROV-097,Secretaría C,8410.0
OC-02477,2019-02-05,PROV-097,Secretaría C,8410.0
OC-02478,2019-02-05,PROV-033,Secretaría C,10875.0
OC-02479,2019-02-05,PROV-033,Secretaría C,10875.0
OC-02480,2019-02-05,PROV-033,Secretaría C,10875.0
OC-02481,2019-02-05,PROV-001,Secretaría B,58942.1
OC-02482,2019-02-05,PROV-001,Secretaría B,58942.1
OC-02483,2019-02-05,PROV-001,Secretaría B,58942.1
OC-02484,2019-02-05,PROV-001,Secretaría B,58942.1
OC-02485,2019-02-05,PROV-001,Secretaría B,58942.1
OC-02486,2019-02-05,PROV-001,Secretaría B,58942.1
OC-02487,2019-02-05,PROV-001,Secretaría B,58942.1
OC-02488,2019-02-05,PROV-001,Secretaría B,58942.1
OC-02489,2019-02-05,PROV-001,Secretaría B,58942.1
OC-02490,2019-02-05,PROV-001,Secretaría B,58942.1
OC-02491,2019-02-05,PROV-001,Secretaría B,58942.1
OC-02492,2019-02-05,PROV-001,Secretaría B,58942.1
OC-02493,2019-02-05,PROV-001,Secretaría B,58942.1
OC-02494,2019-02-05,PROV-001,Secretaría B,58942.1
OC-02495,2019-02-05,PROV-001,Secretaría B,58942.1
OC-02496,2019-02-05,PROV-001,Secretaría B,58942.1
OC-02497,2019-02-05,PROV-001,Secretaría B,58942.1
OC-02498,2019-02-05,PROV-001,Secretaría B,58942.1
OC-02499,2019-02-05,PROV-001,Secretaría J,3559.0
OC-02500,2019-02-05,PROV-001,Secretaría B,58942.1
OC-02501,2019-02-05,PROV-001,Secretaría C,71590.3
OC-02502,2019-02-05,PROV-001,Secretaría C,71590.3
OC-02503,2019-02-05,PROV-001,Secretaría C,71590.3
OC-02504,2019-02-05,PROV-001,Secretaría C,71590.3
OC-02505,2019-02-05,PROV-001,Secretaría C,71590.3
OC-02506,2019-02-05,PROV-001,Secretaría C,71590.3
OC-02507,2019-02-05,PROV-001,Secretaría C,71590.3
OC-02508,2019-02-05,PROV-001,Secretaría C,71590.3
OC-02509,2019-02-05,PROV-001,Secretaría C,71590.3
OC-02510,2019-02-05,PROV-001,Secretaría C,71590.3
OC-02511,2019-02-05,PROV-001,Secretaría C,71590.3
OC-02512,2019-02-05,PROV-001,Secretaría C,71590.3
OC-02513,2019-02-05,PROV-001,Secretaría C,71590.3
OC-02514,2019-02-05,PROV-001,Secretaría C,71590.3
OC-02515,2019-02-05,PROV-001,Secretaría C,71590.3
OC-02516,2019-02-05,PROV-001,Secretaría C,71590.3
OC-02517,2019-02-05,PROV-001,Secretaría C,71590.3
OC-02518,2019-02-05,PROV-001,Secretaría C,71590.3
OC-02519,2019-02-05,PROV-001,Secretaría C,71590.3
OC-02520,2019-02-05,PROV-001,Secretaría C,71590.3
OC-02521,2019-02-05,PROV-001,Secretaría J,3559.0
OC-02522,2019-02-05,PROV-001,Secretaría C,71590.3
OC-02523,2019-02-05,PROV-001,Secretaría C,71590.3
OC-02524,2019-02-05,PROV-001,Secretaría C,71590.3
OC-02525,2019-02-05,PROV-001,Secretaría C,71590.3
OC-02526,2019-02-05,PROV-001,Secretaría C,71590.3
OC-02527,2019-02-05,PROV-001,Secretaría C,71590.3
OC-02528,2019-02-05,PROV-001,Secretaría C,71590.3
OC-02529,2019-02-05,PROV-001,Secretaría C,71590.3
OC-02530,2019-02-05,PROV-001,Secretaría C,71590.3
OC-02531,2019-02-05,PROV-001,Secretaría C,71590.3
OC-02532,2019-02-05,PROV-001,Secretaría C,71590.3
OC-02533,2019-02-05,PROV-001,Secretaría C,71590.3
OC-02534,2019-02-05,PROV-001,Secretaría C,71590.3
OC-02535,2019-02-05,PROV-001,Secretaría C,71590.3
OC-02536,2019-02-05,PROV-001,Secretaría C,71590.3
OC-02537,2019-02-05,PROV-001,Secretaría C,71590.3
OC-02538,2019-02-05,PROV-001,Secretaría C,71590.3
OC-02539,2019-02-05,PROV-001,Secretaría C,71590.3
OC-02540,2019-02-05,PROV-001,Secretaría C,71590.3
OC-02541,2019-02-05,PROV-001,Secretaría C,71590.3
OC-02542,2019-02-05,PROV-001,Secretaría C,71590.3
OC-02543,2019-02-05,PROV-001,Secretaría C,71590.3
OC-02544,2019-02-05,PROV-001,Secretaría C,71590.3
OC-02545,2019-02-05,PROV-001,Secretaría C,71590.3
OC-02546,2019-02-05,PROV-001,Secretaría C,71590.3
OC-02547,2019-02-05,PROV-001,Secretaría C,71590.3
OC-02548,2019-02-05,PROV-001,Secretaría C,71590.3
OC-02549,2019-02-05,PROV-001,Secretaría C,71590.3
OC-02550,2019-02-06,PROV-024,Secretaría B,61844.0
OC-02551,2019-02-06,PROV-384,Secretaría B,65400.0
OC-02552,2019-02-06,PROV-139,Secretaría C,1940.0
OC-02553,2019-02-06,PROV-371,Secretaría C,1940.0
OC-02554,2019-02-06,PROV-124,Secretaría B,4900.0
OC-02555,2019-02-06,PROV-142,Secretaría C,1750.0
OC-02556,2019-02-06,PROV-142,Secretaría C,1750.0
OC-02557,2019-02-06,PROV-007,Secretaría C,2050.0
OC-02558,2019-02-06,PROV-421,Secretaría B,50100.0
OC-02559,2019-02-06,PROV-024,Secretaría B,61844.0
OC-02560,2019-02-06,PROV-024,Secretaría B,61844.0
OC-02561,2019-02-06,PROV-024,Secretaría B,61844.0
OC-02562,2019-02-06,PROV-024,Secretaría B,61844.0
OC-02563,2019-02-06,PROV-024,Secretaría B,61844.0
OC-02564,2019-02-06,PROV-024,Secretaría B,61844.0
OC-02565,2019-02-06,PROV-024,Secretaría B,61844.0
OC-02566,2019-02-06,PROV-024,Secretaría B,61844.0
OC-02567,2019-02-06,PROV-058,Secretaría B,82986.0
OC-02568,2019-02-06,PROV-236,Secretaría B,50100.0
OC-02569,2019-02-06,PROV-024,Secretaría B,61844.0
OC-02570,2019-02-06,PROV-132,Secretaría B,102300.0
OC-02571,2019-02-06,PROV-165,Secretaría B,120000.0
OC-02572,2019-02-06,PROV-239,Secretaría B,53250.0
OC-02573,2019-02-06,PROV-058,Secretaría B,82986.0
OC-02574,2019-02-06,PROV-134,Secretaría B,115000.0
OC-02575,2019-02-06,PROV-129,Secretaría B,130000.0
OC-02576,2019-02-06,PROV-154,Secretaría B,128000.0
OC-02577,2019-02-06,PROV-163,Secretaría B,120000.0
OC-02578,2019-02-06,PROV-143,Secretaría B,90000.0
OC-02579,2019-02-06,PROV-264,Secretaría B,80000.0
OC-02580,2019-02-06,PROV-160,Secretaría B,90000.0
OC-02581,2019-02-06,PROV-182,Secretaría B,90000.0
OC-02582,2019-02-06,PROV-215,Secretaría B,120000.0
OC-02583,2019-02-06,PROV-126,Secretaría B,127500.0
OC-02584,2019-02-06,PROV-156,Secretaría B,53000.0
OC-02585,2019-02-06,PROV-117,Secretaría B,127500.0
OC-02586,2019-02-06,PROV-216,Secretaría B,80000.0
OC-02587,2019-02-06,PROV-385,Secretaría B,65000.0
OC-02588,2019-02-06,PROV-118,Secretaría B,127500.0
OC-02589,2019-02-06,PROV-174,Secretaría B,110000.0
OC-02590,2019-02-06,PROV-179,Secretaría B,105000.0
OC-02591,2019-02-06,PROV-180,Secretaría B,105000.0
OC-02592,2019-02-06,PROV-519,Secretaría B,17750.0
OC-02593,2019-02-06,PROV-058,Secretaría B,82986.0
OC-02594,2019-02-06,PROV-370,Secretaría C,5819.69
OC-02595,2019-02-06,PROV-058,Secretaría B,82986.0
OC-02596,2019-02-06,PROV-005,Secretaría B,91077.2
OC-02597,2019-02-06,PROV-005,Secretaría B,91077.2
OC-02598,2019-02-06,PROV-005,Secretaría B,91077.2
OC-02599,2019-02-06,PROV-005,Secretaría B,91077.2
OC-02600,2019-02-06,PROV-005,Secretaría B,91077.2
OC-02601,2019-02-06,PROV-005,Secretaría B,91077.2
OC-02602,2019-02-06,PROV-005,Secretaría B,91077.2
OC-02603,2019-02-06,PROV-005,Secretaría B,91077.2
OC-02604,2019-02-06,PROV-370,Secretaría D,3290.29
OC-02605,2019-02-06,PROV-370,Secretaría D,3290.29
OC-02606,2019-02-06,PROV-370,Secretaría C,5819.69
OC-02607,2019-02-06,PROV-370,Secretaría C,5819.69
OC-02608,2019-02-06,PROV-370,Secretaría C,5819.69
OC-02609,2019-02-06,PROV-370,Secretaría C,5819.69
OC-02610,2019-02-06,PROV-370,Secretaría C,5819.69
OC-02611,2019-02-06,PROV-370,Secretaría C,5819.69
OC-02612,2019-02-06,PROV-370,Secretaría C,5819.69
OC-02613,2019-02-06,PROV-370,Secretaría C,5819.69
OC-02614,2019-02-06,PROV-058,Secretaría B,82986.0
OC-02615,2019-02-06,PROV-005,Secretaría B,91077.2
OC-02616,2019-02-06,PROV-005,Secretaría B,91077.2
OC-02617,2019-02-06,PROV-370,Secretaría D,3290.29
OC-02618,2019-02-06,PROV-005,Secretaría B,91077.2
OC-02619,2019-02-06,PROV-005,Secretaría B,91077.2
OC-02620,2019-02-06,PROV-008,Secretaría B,301091.76
OC-02621,2019-02-06,PROV-008,Secretaría B,301091.76
OC-02622,2019-02-06,PROV-008,Secretaría B,301091.76
OC-02623,2019-02-06,PROV-008,Secretaría B,301091.76
OC-02624,2019-02-06,PROV-008,Secretaría B,301091.76
OC-02625,2019-02-06,PROV-008,Secretaría B,301091.76
OC-02626,2019-02-06,PROV-008,Secretaría B,301091.76
OC-02627,2019-02-06,PROV-008,Secretaría B,301091.76
OC-02628,2019-02-06,PROV-008,Secretaría B,301091.76
OC-02629,2019-02-06,PROV-058,Secretaría B,82986.0
OC-02630,2019-02-06,PROV-008,Secretaría B,301091.76
OC-02631,2019-02-06,PROV-008,Secretaría B,301091.76
OC-02632,2019-02-06,PROV-008,Secretaría B,301091.76
OC-02633,2019-02-06,PROV-008,Secretaría B,301091.76
OC-02634,2019-02-06,PROV-008,Secretaría B,301091.76
OC-02635,2019-02-06,PROV-008,Secretaría B,301091.76
OC-02636,2019-02-06,PROV-008,Secretaría B,301091.76
OC-02637,2019-02-06,PROV-008,Secretaría B,301091.76
OC-02638,2019-02-06,PROV-008,Secretaría B,301091.76
OC-02639,2019-02-07,PROV-080,Secretaría C,1145.94
OC-02640,2019-02-07,PROV-139,Secretaría C,6074.0
OC-02641,2019-02-07,PROV-139,Secretaría C,6074.0
OC-02642,2019-02-07,PROV-139,Secretaría C,6074.0
OC-02643,2019-02-07,PROV-080,Secretaría C,1145.94
OC-02644,2019-02-07,PROV-080,Secretaría C,1145.94
OC-02645,2019-02-07,PROV-080,Secretaría C,1145.94
OC-02646,2019-02-07,PROV-139,Secretaría C,6074.0
OC-02647,2019-02-07,PROV-139,Secretaría C,6074.0
OC-02648,2019-02-07,PROV-139,Secretaría C,6074.0
OC-02649,2019-02-07,PROV-032,Secretaría C,4942.69
OC-02650,2019-02-07,PROV-139,Secretaría C,6074.0
OC-02651,2019-02-07,PROV-139,Secretaría C,6074.0
OC-02652,2019-02-07,PROV-139,Secretaría C,6074.0
OC-02653,2019-02-07,PROV-032,Secretaría C,4942.69
OC-02654,2019-02-07,PROV-032,Secretaría C,4942.69
OC-02655,2019-02-07,PROV-032,Secretaría C,4942.69
OC-02656,2019-02-07,PROV-032,Secretaría C,4942.69
OC-02657,2019-02-07,PROV-032,Secretaría C,4942.69
OC-02658,2019-02-07,PROV-139,Secretaría C,6074.0
OC-02659,2019-02-07,PROV-080,Secretaría C,1145.94
OC-02660,2019-02-07,PROV-139,Secretaría C,18450.0
OC-02661,2019-02-07,PROV-077,Secretaría C,1840.0
OC-02662,2019-02-07,PROV-032,Secretaría C,4942.69
OC-02663,2019-02-07,PROV-139,Secretaría C,18450.0
OC-02664,2019-02-07,PROV-139,Secretaría C,18450.0
OC-02665,2019-02-07,PROV-032,Secretaría C,10966.2
OC-02666,2019-02-07,PROV-032,Secretaría C,10966.2
OC-02667,2019-02-07,PROV-032,Secretaría C,10966.2
OC-02668,2019-02-07,PROV-032,Secretaría C,10966.2
OC-02669,2019-02-07,PROV-032,Secretaría C,10966.2
OC-02670,2019-02-07,PROV-032,Secretaría C,10966.2
OC-02671,2019-02-07,PROV-080,Secretaría C,1145.94
OC-02672,2019-02-07,PROV-032,Secretaría C,10966.2
OC-02673,2019-02-07,PROV-032,Secretaría C,10966.2
OC-02674,2019-02-07,PROV-032,Secretaría C,10966.2
OC-02675,2019-02-07,PROV-032,Secretaría C,10966.2
OC-02676,2019-02-07,PROV-032,Secretaría C,10966.2
OC-02677,2019-02-07,PROV-032,Secretaría C,10966.2
OC-02678,2019-02-07,PROV-032,Secretaría C,10966.2
OC-02679,2019-02-07,PROV-032,Secretaría C,10966.2
OC-02680,2019-02-07,PROV-077,Secretaría C,1840.0
OC-02681,2019-02-07,PROV-077,Secretaría C,1840.0
OC-02682,2019-02-07,PROV-032,Secretaría C,10966.2
OC-02683,2019-02-07,PROV-032,Secretaría C,4942.69
OC-02684,2019-02-07,PROV-077,Secretaría G,7032.0
OC-02685,2019-02-07,PROV-032,Secretaría C,4942.69
OC-02686,2019-02-07,PROV-077,Secretaría G,7032.0
OC-02687,2019-02-07,PROV-077,Secretaría G,7032.0
OC-02688,2019-02-07,PROV-077,Secretaría G,7032.0
OC-02689,2019-02-07,PROV-077,Secretaría G,7032.0
OC-02690,2019-02-07,PROV-077,Secretaría G,7032.0
OC-02691,2019-02-07,PROV-077,Secretaría G,7032.0
OC-02692,2019-02-07,PROV-077,Secretaría F,2310.0
OC-02693,2019-02-07,PROV-077,Secretaría F,2310.0
OC-02694,2019-02-07,PROV-077,Secretaría F,2310.0
OC-02695,2019-02-07,PROV-077,Secretaría G,7032.0
OC-02696,2019-02-07,PROV-077,Secretaría F,2310.0
OC-02697,2019-02-07,PROV-077,Secretaría F,2310.0
OC-02698,2019-02-07,PROV-077,Secretaría F,2310.0
OC-02699,2019-02-07,PROV-077,Secretaría F,2310.0
OC-02700,2019-02-07,PROV-077,Secretaría F,2310.0
OC-02701,2019-02-07,PROV-080,Secretaría F,1408.07
OC-02702,2019-02-07,PROV-080,Secretaría F,1408.07
OC-02703,2019-02-07,PROV-080,Secretaría F,1408.07
OC-02704,2019-02-07,PROV-080,Secretaría F,1408.07
OC-02705,2019-02-07,PROV-080,Secretaría F,1408.07
OC-02706,2019-02-07,PROV-077,Secretaría F,2310.0
OC-02707,2019-02-07,PROV-032,Secretaría C,4942.69
OC-02708,2019-02-07,PROV-077,Secretaría G,7032.0
OC-02709,2019-02-07,PROV-077,Secretaría G,7032.0
OC-02710,2019-02-07,PROV-032,Secretaría C,4942.69
OC-02711,2019-02-07,PROV-032,Secretaría C,4942.69
OC-02712,2019-02-07,PROV-032,Secretaría C,4942.69
OC-02713,2019-02-07,PROV-032,Secretaría C,4942.69
OC-02714,2019-02-07,PROV-032,Secretaría C,4942.69
OC-02715,2019-02-07,PROV-032,Secretaría C,4942.69
OC-02716,2019-02-07,PROV-032,Secretaría C,4942.69
OC-02717,2019-02-07,PROV-032,Secretaría C,4942.69
OC-02718,2019-02-07,PROV-077,Secretaría C,896.0
OC-02719,2019-02-07,PROV-077,Secretaría G,7032.0
OC-02720,2019-02-07,PROV-077,Secretaría C,896.0
OC-02721,2019-02-07,PROV-080,Secretaría C,1993.96
OC-02722,2019-02-07,PROV-080,Secretaría C,1993.96
OC-02723,2019-02-07,PROV-139,Secretaría J,1299.5
OC-02724,2019-02-07,PROV-139,Secretaría J,1299.5
OC-02725,2019-02-07,PROV-139,Secretaría J,1299.5
OC-02726,2019-02-07,PROV-139,Secretaría J,1299.5
OC-02727,2019-02-07,PROV-139,Secretaría J,1299.5
OC-02728,2019-02-07,PROV-139,Secretaría J,1299.5
OC-02729,2019-02-07,PROV-139,Secretaría C,18450.0
OC-02730,2019-02-07,PROV-080,Secretaría C,1993.96
OC-02731,2019-02-07,PROV-139,Secretaría C,18450.0
OC-02732,2019-02-07,PROV-080,Secretaría C,1993.96
OC-02733,2019-02-07,PROV-139,Secretaría C,18450.0
OC-02734,2019-02-07,PROV-077,Secretaría E,4316.0
OC-02735,2019-02-07,PROV-077,Secretaría E,4316.0
OC-02736,2019-02-07,PROV-077,Secretaría E,4316.0
OC-02737,2019-02-07,PROV-077,Secretaría E,4316.0
OC-02738,2019-02-07,PROV-077,Secretaría E,4316.0
OC-02739,2019-02-07,PROV-077,Secretaría E,4316.0
OC-02740,2019-02-07,PROV-077,Secretaría E,4316.0
OC-02741,2019-02-07,PROV-032,Secretaría B,17726.1
OC-02742,2019-02-07,PROV-032,Secretaría C,4680.0
OC-02743,2019-02-07,PROV-371,Secretaría C,4642.0
OC-02744,2019-02-07,PROV-139,Secretaría C,4600.0
OC-02745,2019-02-07,PROV-003,Secretaría C,21526.85
OC-02746,2019-02-07,PROV-003,Secretaría C,21526.85
OC-02747,2019-02-07,PROV-003,Secretaría C,21526.85
OC-02748,2019-02-07,PROV-139,Secretaría B,10855.0
OC-02749,2019-02-07,PROV-139,Secretaría B,10855.0
OC-02750,2019-02-07,PROV-139,Secretaría B,10855.0
OC-02751,2019-02-07,PROV-139,Secretaría B,10855.0
OC-02752,2019-02-07,PROV-139,Secretaría B,10855.0
OC-02753,2019-02-07,PROV-077,Secretaría E,4316.0
OC-02754,2019-02-07,PROV-077,Secretaría E,4316.0
OC-02755,2019-02-07,PROV-077,Secretaría E,4316.0
OC-02756,2019-02-07,PROV-077,Secretaría E,4316.0
OC-02757,2019-02-07,PROV-139,Secretaría C,18450.0
OC-02758,2019-02-07,PROV-055,Secretaría G,3540.0
OC-02759,2019-02-07,PROV-055,Secretaría G,3540.0
OC-02760,2019-02-07,PROV-413,Secretaría E,23380.0
OC-02761,2019-02-07,PROV-017,Secretaría E,85733.8
OC-02762,2019-02-07,PROV-017,Secretaría E,85733.8
OC-02763,2019-02-07,PROV-017,Secretaría E,85733.8
OC-02764,2019-02-07,PROV-017,Secretaría E,85733.8
OC-02765,2019-02-07,PROV-017,Secretaría E,85733.8
OC-02766,2019-02-07,PROV-139,Secretaría B,10855.0
OC-02767,2019-02-07,PROV-017,Secretaría E,85733.8
OC-02768,2019-02-07,PROV-017,Secretaría E,85733.8
OC-02769,2019-02-07,PROV-017,Secretaría E,85733.8
OC-02770,2019-02-07,PROV-017,Secretaría E,85733.8
OC-02771,2019-02-07,PROV-077,Secretaría E,4316.0
OC-02772,2019-02-07,PROV-077,Secretaría E,4316.0
OC-02773,2019-02-07,PROV-077,Secretaría E,4316.0
OC-02774,2019-02-07,PROV-077,Secretaría E,4316.0
OC-02775,2019-02-07,PROV-077,Secretaría E,4316.0
OC-02776,2019-02-07,PROV-077,Secretaría E,4316.0
OC-02777,2019-02-07,PROV-017,Secretaría E,85733.8
OC-02778,2019-02-07,PROV-139,Secretaría B,10855.0
OC-02779,2019-02-07,PROV-077,Secretaría E,4316.0
OC-02780,2019-02-07,PROV-032,Secretaría B,7303.8
OC-02781,2019-02-07,PROV-065,Secretaría C,4998.0
OC-02782,2019-02-07,PROV-065,Secretaría C,4998.0
OC-02783,2019-02-07,PROV-569,Secretaría C,8900.0
OC-02784,2019-02-07,PROV-105,Secretaría E,6505.6
OC-02785,2019-02-07,PROV-105,Secretaría E,6505.6
OC-02786,2019-02-07,PROV-105,Secretaría E,6505.6
OC-02787,2019-02-07,PROV-105,Secretaría E,6505.6
OC-02788,2019-02-07,PROV-017,Secretaría E,14381.66
OC-02789,2019-02-07,PROV-017,Secretaría E,14381.66
OC-02790,2019-02-07,PROV-017,Secretaría E,14381.66
OC-02791,2019-02-07,PROV-017,Secretaría E,14381.66
OC-02792,2019-02-07,PROV-017,Secretaría E,14381.66
OC-02793,2019-02-07,PROV-017,Secretaría E,14381.66
OC-02794,2019-02-07,PROV-231,Secretaría E,132000.0
OC-02795,2019-02-07,PROV-139,Secretaría C,18450.0
OC-02796,2019-02-07,PROV-139,Secretaría C,18450.0
OC-02797,2019-02-07,PROV-139,Secretaría B,10855.0
OC-02798,2019-02-07,PROV-139,Secretaría C,18450.0
OC-02799,2019-02-07,PROV-139,Secretaría C,18450.0
OC-02800,2019-02-07,PROV-139,Secretaría C,18450.0
OC-02801,2019-02-07,PROV-139,Secretaría C,18450.0
OC-02802,2019-02-07,PROV-067,Secretaría E,122850.0
OC-02803,2019-02-07,PROV-045,Secretaría C,521.15
OC-02804,2019-02-07,PROV-139,Secretaría C,18450.0
OC-02805,2019-02-07,PROV-045,Secretaría C,521.15
OC-02806,2019-02-07,PROV-045,Secretaría C,521.15
OC-02807,2019-02-07,PROV-032,Secretaría B,7303.8
OC-02808,2019-02-07,PROV-032,Secretaría B,7303.8
OC-02809,2019-02-07,PROV-032,Secretaría B,7303.8
OC-02810,2019-02-07,PROV-032,Secretaría B,7303.8
OC-02811,2019-02-07,PROV-032,Secretaría B,7303.8
OC-02812,2019-02-07,PROV-032,Secretaría B,7303.8
OC-02813,2019-02-07,PROV-032,Secretaría B,7303.8
OC-02814,2019-02-07,PROV-032,Secretaría B,7303.8
OC-02815,2019-02-07,PROV-077,Secretaría B,29975.0
OC-02816,2019-02-07,PROV-032,Secretaría B,7303.8
OC-02817,2019-02-07,PROV-077,Secretaría B,29975.0
OC-02818,2019-02-07,PROV-077,Secretaría B,29975.0
OC-02819,2019-02-07,PROV-077,Secretaría B,29975.0
OC-02820,2019-02-07,PROV-077,Secretaría B,29975.0
OC-02821,2019-02-07,PROV-077,Secretaría B,29975.0
OC-02822,2019-02-07,PROV-077,Secretaría B,29975.0
OC-02823,2019-02-07,PROV-080,Secretaría B,2727.6
OC-02824,2019-02-07,PROV-080,Secretaría B,2727.6
OC-02825,2019-02-07,PROV-080,Secretaría B,2727.6
OC-02826,2019-02-08,PROV-024,Secretaría B,23437.0
OC-02827,2019-02-08,PROV-024,Secretaría B,23437.0
OC-02828,2019-02-08,PROV-024,Secretaría B,23437.0
OC-02829,2019-02-08,PROV-008,Secretaría B,51172.0
OC-02830,2019-02-08,PROV-008,Secretaría B,51172.0
OC-02831,2019-02-08,PROV-008,Secretaría B,51172.0
OC-02832,2019-02-08,PROV-008,Secretaría B,51172.0
OC-02833,2019-02-08,PROV-008,Secretaría B,51172.0
OC-02834,2019-02-08,PROV-008,Secretaría B,51172.0
OC-02835,2019-02-08,PROV-008,Secretaría B,51172.0
OC-02836,2019-02-08,PROV-183,Secretaría B,2320.0
OC-02837,2019-02-08,PROV-008,Secretaría B,51172.0
OC-02838,2019-02-08,PROV-008,Secretaría B,51172.0
OC-02839,2019-02-08,PROV-183,Secretaría B,2320.0
OC-02840,2019-02-08,PROV-024,Secretaría B,23437.0
OC-02841,2019-02-08,PROV-080,Secretaría C,389.25
OC-02842,2019-02-08,PROV-008,Secretaría B,51172.0
OC-02843,2019-02-08,PROV-225,Secretaría B,1827.2
OC-02844,2019-02-08,PROV-059,Secretaría G,11870.0
OC-02845,2019-02-08,PROV-078,Secretaría B,107115.84
OC-02846,2019-02-08,PROV-080,Secretaría C,389.25
OC-02847,2019-02-08,PROV-086,Secretaría C,13860.0
OC-02848,2019-02-08,PROV-086,Secretaría C,13860.0
OC-02849,2019-02-08,PROV-124,Secretaría C,15680.0
OC-02850,2019-02-08,PROV-142,Secretaría C,2400.0
OC-02851,2019-02-08,PROV-055,Secretaría D,11800.0
OC-02852,2019-02-08,PROV-059,Secretaría G,11870.0
OC-02853,2019-02-08,PROV-059,Secretaría G,11870.0
OC-02854,2019-02-08,PROV-059,Secretaría G,11870.0
OC-02855,2019-02-08,PROV-059,Secretaría G,11870.0
OC-02856,2019-02-08,PROV-108,Secretaría B,52570.0
OC-02857,2019-02-08,PROV-108,Secretaría B,52570.0
OC-02858,2019-02-08,PROV-108,Secretaría B,52570.0
OC-02859,2019-02-08,PROV-078,Secretaría B,107115.84
OC-02860,2019-02-08,PROV-078,Secretaría B,107115.84
OC-02861,2019-02-08,PROV-078,Secretaría B,107115.84
OC-02862,2019-02-08,PROV-078,Secretaría B,107115.84
OC-02863,2019-02-08,PROV-078,Secretaría B,107115.84
OC-02864,2019-02-08,PROV-080,Secretaría C,389.25
OC-02865,2019-02-08,PROV-032,Secretaría C,2016.05
OC-02866,2019-02-08,PROV-077,Secretaría C,946.0
OC-02867,2019-02-08,PROV-077,Secretaría C,1005.0
OC-02868,2019-02-08,PROV-077,Secretaría C,1005.0
OC-02869,2019-02-08,PROV-077,Secretaría C,1005.0
OC-02870,2019-02-08,PROV-077,Secretaría G,2742.0
OC-02871,2019-02-08,PROV-077,Secretaría G,2742.0
OC-02872,2019-02-08,PROV-077,Secretaría G,2742.0
OC-02873,2019-02-08,PROV-077,Secretaría G,2742.0
OC-02874,2019-02-08,PROV-077,Secretaría C,1005.0
OC-02875,2019-02-08,PROV-077,Secretaría G,2742.0
OC-02876,2019-02-08,PROV-077,Secretaría G,2742.0
OC-02877,2019-02-08,PROV-077,Secretaría G,2742.0
OC-02878,2019-02-08,PROV-273,Secretaría B,47500.0
OC-02879,2019-02-08,PROV-192,Secretaría B,83000.0
OC-02880,2019-02-08,PROV-101,Secretaría B,130000.0
OC-02881,2019-02-08,PROV-177,Secretaría B,90000.0
OC-02882,2019-02-08,PROV-077,Secretaría C,946.0
OC-02883,2019-02-08,PROV-077,Secretaría G,2742.0
OC-02884,2019-02-08,PROV-077,Secretaría C,1005.0
OC-02885,2019-02-08,PROV-077,Secretaría G,2742.0
OC-02886,2019-02-08,PROV-080,Secretaría C,588.78
OC-02887,2019-02-08,PROV-077,Secretaría C,946.0
OC-02888,2019-02-08,PROV-077,Secretaría C,1005.0
OC-02889,2019-02-08,PROV-032,Secretaría C,2016.05
OC-02890,2019-02-08,PROV-032,Secretaría C,2016.05
OC-02891,2019-02-08,PROV-032,Secretaría C,2016.05
OC-02892,2019-02-08,PROV-032,Secretaría C,2016.05
OC-02893,2019-02-08,PROV-032,Secretaría C,2016.05
OC-02894,2019-02-08,PROV-032,Secretaría C,2016.05
OC-02895,2019-02-08,PROV-032,Secretaría C,2016.05
OC-02896,2019-02-08,PROV-032,Secretaría C,2016.05
OC-02897,2019-02-08,PROV-032,Secretaría C,2016.05
OC-02898,2019-02-08,PROV-032,Secretaría C,2016.05
OC-02899,2019-02-08,PROV-371,Secretaría C,120.0
OC-02900,2019-02-08,PROV-080,Secretaría C,588.78
OC-02901,2019-02-08,PROV-080,Secretaría C,588.78
OC-02902,2019-02-08,PROV-080,Secretaría C,588.78
OC-02903,2019-02-08,PROV-032,Secretaría C,2016.05
OC-02904,2019-02-11,PROV-021,Secretaría B,2936.0
OC-02905,2019-02-11,PROV-021,Secretaría B,2936.0
OC-02906,2019-02-11,PROV-021,Secretaría B,2936.0
OC-02907,2019-02-11,PROV-021,Secretaría B,2936.0
OC-02908,2019-02-11,PROV-021,Secretaría B,2936.0
OC-02909,2019-02-11,PROV-021,Secretaría B,2936.0
OC-02910,2019-02-11,PROV-021,Secretaría B,2936.0
OC-02911,2019-02-11,PROV-021,Secretaría B,2936.0
OC-02912,2019-02-11,PROV-047,Secretaría G,3697.6
OC-02913,2019-02-11,PROV-021,Secretaría B,2936.0
OC-02914,2019-02-11,PROV-021,Secretaría B,2936.0
OC-02915,2019-02-11,PROV-021,Secretaría B,2936.0
OC-02916,2019-02-11,PROV-021,Secretaría B,2936.0
OC-02917,2019-02-11,PROV-047,Secretaría G,3697.6
OC-02918,2019-02-11,PROV-047,Secretaría G,3697.6
OC-02919,2019-02-11,PROV-047,Secretaría G,3697.6
OC-02920,2019-02-11,PROV-021,Secretaría B,2936.0
OC-02921,2019-02-11,PROV-021,Secretaría B,2936.0
OC-02922,2019-02-11,PROV-021,Secretaría B,2936.0
OC-02923,2019-02-11,PROV-021,Secretaría G,12048.0
OC-02924,2019-02-11,PROV-021,Secretaría B,2936.0
OC-02925,2019-02-11,PROV-021,Secretaría G,12048.0
OC-02926,2019-02-11,PROV-021,Secretaría G,12048.0
OC-02927,2019-02-11,PROV-047,Secretaría G,3697.6
OC-02928,2019-02-11,PROV-021,Secretaría G,12048.0
OC-02929,2019-02-11,PROV-021,Secretaría G,12048.0
OC-02930,2019-02-11,PROV-021,Secretaría G,12048.0
OC-02931,2019-02-11,PROV-021,Secretaría G,12048.0
OC-02932,2019-02-11,PROV-021,Secretaría G,12048.0
OC-02933,2019-02-11,PROV-021,Secretaría B,2936.0
OC-02934,2019-02-11,PROV-021,Secretaría G,12048.0
OC-02935,2019-02-11,PROV-246,Secretaría A,7500.0
OC-02936,2019-02-11,PROV-018,Secretaría B,3024.82
OC-02937,2019-02-11,PROV-018,Secretaría B,3024.82
OC-02938,2019-02-11,PROV-018,Secretaría B,3024.82
OC-02939,2019-02-11,PROV-021,Secretaría B,2936.0
OC-02940,2019-02-11,PROV-021,Secretaría B,2936.0
OC-02941,2019-02-11,PROV-021,Secretaría B,2936.0
OC-02942,2019-02-11,PROV-021,Secretaría B,2936.0
OC-02943,2019-02-11,PROV-021,Secretaría G,12048.0
OC-02944,2019-02-11,PROV-047,Secretaría G,3697.6
OC-02945,2019-02-11,PROV-047,Secretaría H,3110.08
OC-02946,2019-02-11,PROV-047,Secretaría G,3697.6
OC-02947,2019-02-11,PROV-047,Secretaría C,1048.8
OC-02948,2019-02-11,PROV-047,Secretaría C,1048.8
OC-02949,2019-02-11,PROV-047,Secretaría C,1048.8
OC-02950,2019-02-11,PROV-047,Secretaría C,1048.8
OC-02951,2019-02-11,PROV-149,Secretaría F,5980.0
OC-02952,2019-02-11,PROV-149,Secretaría F,5980.0
OC-02953,2019-02-11,PROV-149,Secretaría F,5980.0
OC-02954,2019-02-11,PROV-055,Secretaría G,3990.0
OC-02955,2019-02-11,PROV-047,Secretaría C,1048.8
OC-02956,2019-02-11,PROV-034,Secretaría F,1040.0
OC-02957,2019-02-11,PROV-254,Secretaría D,55000.0
OC-02958,2019-02-11,PROV-017,Secretaría D,18192.0
OC-02959,2019-02-11,PROV-017,Secretaría D,18192.0
OC-02960,2019-02-11,PROV-017,Secretaría D,18192.0
OC-02961,2019-02-11,PROV-114,Secretaría D,7610.7
OC-02962,2019-02-11,PROV-020,Secretaría A,2030.0
OC-02963,2019-02-11,PROV-020,Secretaría A,2030.0
OC-02964,2019-02-11,PROV-021,Secretaría G,12048.0
OC-02965,2019-02-11,PROV-034,Secretaría F,1040.0
OC-02966,2019-02-11,PROV-047,Secretaría G,3697.6
OC-02967,2019-02-11,PROV-047,Secretaría C,1048.8
OC-02968,2019-02-11,PROV-047,Secretaría H,3110.08
OC-02969,2019-02-11,PROV-047,Secretaría G,3697.6
OC-02970,2019-02-11,PROV-047,Secretaría G,3697.6
OC-02971,2019-02-11,PROV-047,Secretaría G,3697.6
OC-02972,2019-02-11,PROV-047,Secretaría G,3697.6
OC-02973,2019-02-11,PROV-047,Secretaría G,3697.6
OC-02974,2019-02-11,PROV-047,Secretaría G,3697.6
OC-02975,2019-02-11,PROV-047,Secretaría G,3697.6
OC-02976,2019-02-11,PROV-056,Secretaría A,43650.45
OC-02977,2019-02-11,PROV-047,Secretaría C,1048.8
OC-02978,2019-02-11,PROV-056,Secretaría A,43650.45
OC-02979,2019-02-11,PROV-056,Secretaría A,43650.45
OC-02980,2019-02-11,PROV-097,Secretaría C,2076.0
OC-02981,2019-02-11,PROV-047,Secretaría H,3110.08
OC-02982,2019-02-11,PROV-047,Secretaría H,3110.08
OC-02983,2019-02-11,PROV-047,Secretaría H,3110.08
OC-02984,2019-02-11,PROV-047,Secretaría H,3110.08
OC-02985,2019-02-11,PROV-047,Secretaría H,3110.08
OC-02986,2019-02-11,PROV-047,Secretaría H,3110.08
OC-02987,2019-02-11,PROV-056,Secretaría A,43650.45
OC-02988,2019-02-11,PROV-021,Secretaría G,12048.0
OC-02989,2019-02-11,PROV-113,Secretaría B,6590.1
OC-02990,2019-02-11,PROV-021,Secretaría G,12048.0
OC-02991,2019-02-11,PROV-018,Secretaría A,5311.0
OC-02992,2019-02-11,PROV-060,Secretaría D,129850.0
OC-02993,2019-02-11,PROV-398,Secretaría D,920.0
OC-02994,2019-02-11,PROV-398,Secretaría D,920.0
OC-02995,2019-02-11,PROV-398,Secretaría D,920.0
OC-02996,2019-02-11,PROV-047,Secretaría D,3878.0
OC-02997,2019-02-11,PROV-393,Secretaría G,23450.0
OC-02998,2019-02-11,PROV-393,Secretaría G,23450.0
OC-02999,2019-02-11,PROV-030,Secretaría D,1616.0
OC-03000,2019-02-11,PROV-030,Secretaría D,1616.0
OC-03001,2019-02-11,PROV-030,Secretaría D,1616.0
OC-03002,2019-02-11,PROV-030,Secretaría D,1616.0
OC-03003,2019-02-11,PROV-047,Secretaría H,8727.27
OC-03004,2019-02-11,PROV-047,Secretaría H,8727.27
OC-03005,2019-02-11,PROV-047,Secretaría H,8727.27
OC-03006,2019-02-11,PROV-047,Secretaría H,8727.27
OC-03007,2019-02-11,PROV-047,Secretaría H,8727.27
OC-03008,2019-02-11,PROV-018,Secretaría A,5311.0
OC-03009,2019-02-11,PROV-017,Secretaría F,937.7
OC-03010,2019-02-11,PROV-017,Secretaría F,937.7
OC-03011,2019-02-11,PROV-017,Secretaría F,937.7
OC-03012,2019-02-11,PROV-021,Secretaría G,12048.0
OC-03013,2019-02-11,PROV-048,Secretaría A,27000.0
OC-03014,2019-02-11,PROV-048,Secretaría A,27000.0
OC-03015,2019-02-11,PROV-048,Secretaría A,75200.0
OC-03016,2019-02-11,PROV-048,Secretaría A,75200.0
OC-03017,2019-02-11,PROV-048,Secretaría A,75200.0
OC-03018,2019-02-11,PROV-048,Secretaría A,75200.0
OC-03019,2019-02-11,PROV-048,Secretaría A,75200.0
OC-03020,2019-02-11,PROV-047,Secretaría H,8727.27
OC-03021,2019-02-11,PROV-048,Secretaría A,70000.0
OC-03022,2019-02-11,PROV-105,Secretaría A,11105.0
OC-03023,2019-02-11,PROV-084,Secretaría G,3200.0
OC-03024,2019-02-11,PROV-322,Secretaría H,101640.0
OC-03025,2019-02-11,PROV-404,Secretaría G,21000.0
OC-03026,2019-02-11,PROV-017,Secretaría F,937.7
OC-03027,2019-02-11,PROV-017,Secretaría F,937.7
OC-03028,2019-02-11,PROV-017,Secretaría F,937.7
OC-03029,2019-02-11,PROV-017,Secretaría F,937.7
OC-03030,2019-02-11,PROV-105,Secretaría A,11105.0
OC-03031,2019-02-11,PROV-047,Secretaría H,8727.27
OC-03032,2019-02-11,PROV-003,Secretaría E,1612.2
OC-03033,2019-02-11,PROV-047,Secretaría H,8727.27
OC-03034,2019-02-11,PROV-021,Secretaría G,12048.0
OC-03035,2019-02-11,PROV-021,Secretaría G,12048.0
OC-03036,2019-02-11,PROV-021,Secretaría G,12048.0
OC-03037,2019-02-11,PROV-021,Secretaría G,12048.0
OC-03038,2019-02-11,PROV-021,Secretaría G,12048.0
OC-03039,2019-02-11,PROV-021,Secretaría G,12048.0
OC-03040,2019-02-11,PROV-021,Secretaría G,12048.0
OC-03041,2019-02-11,PROV-021,Secretaría G,12048.0
OC-03042,2019-02-11,PROV-021,Secretaría G,12048.0
OC-03043,2019-02-11,PROV-021,Secretaría G,12048.0
OC-03044,2019-02-11,PROV-021,Secretaría G,12048.0
OC-03045,2019-02-11,PROV-021,Secretaría G,12048.0
OC-03046,2019-02-11,PROV-021,Secretaría G,12048.0
OC-03047,2019-02-11,PROV-021,Secretaría G,12048.0
OC-03048,2019-02-11,PROV-021,Secretaría G,12048.0
OC-03049,2019-02-11,PROV-021,Secretaría G,12048.0
OC-03050,2019-02-11,PROV-021,Secretaría G,12048.0
OC-03051,2019-02-11,PROV-047,Secretaría H,8727.27
OC-03052,2019-02-11,PROV-021,Secretaría G,12048.0
OC-03053,2019-02-11,PROV-021,Secretaría G,12048.0
OC-03054,2019-02-11,PROV-021,Secretaría G,12048.0
OC-03055,2019-02-11,PROV-021,Secretaría G,493.0
OC-03056,2019-02-11,PROV-047,Secretaría H,8727.27
OC-03057,2019-02-11,PROV-003,Secretaría C,981.1
OC-03058,2019-02-11,PROV-047,Secretaría H,8727.27
OC-03059,2019-02-11,PROV-047,Secretaría H,8727.27
OC-03060,2019-02-11,PROV-047,Secretaría H,8727.27
OC-03061,2019-02-11,PROV-047,Secretaría H,8727.27
OC-03062,2019-02-11,PROV-047,Secretaría H,8727.27
OC-03063,2019-02-11,PROV-047,Secretaría H,8727.27
OC-03064,2019-02-11,PROV-047,Secretaría H,8727.27
OC-03065,2019-02-11,PROV-047,Secretaría H,8727.27
OC-03066,2019-02-11,PROV-047,Secretaría H,8727.27
OC-03067,2019-02-11,PROV-021,Secretaría G,493.0
OC-03068,2019-02-11,PROV-021,Secretaría G,493.0
OC-03069,2019-02-11,PROV-047,Secretaría H,8727.27
OC-03070,2019-02-11,PROV-030,Secretaría A,4560.0
OC-03071,2019-02-11,PROV-047,Secretaría H,8727.27
OC-03072,2019-02-11,PROV-021,Secretaría G,493.0
OC-03073,2019-02-11,PROV-047,Secretaría H,8727.27
OC-03074,2019-02-11,PROV-047,Secretaría H,8727.27
OC-03075,2019-02-12,PROV-003,Secretaría D,1850.56
OC-03076,2019-02-12,PROV-507,Secretaría A,3637.0
OC-03077,2019-02-12,PROV-507,Secretaría A,3637.0
OC-03078,2019-02-12,PROV-507,Secretaría A,3637.0
OC-03079,2019-02-12,PROV-003,Secretaría D,1850.56
OC-03080,2019-02-12,PROV-507,Secretaría A,3637.0
OC-03081,2019-02-12,PROV-507,Secretaría A,3637.0
OC-03082,2019-02-12,PROV-342,Secretaría F,5000.0
OC-03083,2019-02-12,PROV-207,Secretaría C,5272.02
OC-03084,2019-02-12,PROV-020,Secretaría A,2550.0
OC-03085,2019-02-12,PROV-003,Secretaría D,1850.56
OC-03086,2019-02-12,PROV-020,Secretaría A,2189.89
OC-03087,2019-02-12,PROV-020,Secretaría A,2189.89
OC-03088,2019-02-12,PROV-020,Secretaría A,2189.89
OC-03089,2019-02-12,PROV-020,Secretaría A,1885.0
OC-03090,2019-02-12,PROV-020,Secretaría A,2611.99
OC-03091,2019-02-12,PROV-020,Secretaría A,2611.99
OC-03092,2019-02-12,PROV-020,Secretaría A,2611.99
OC-03093,2019-02-12,PROV-020,Secretaría A,2611.99
OC-03094,2019-02-12,PROV-020,Secretaría A,1284.2
OC-03095,2019-02-12,PROV-020,Secretaría A,1284.2
OC-03096,2019-02-12,PROV-020,Secretaría A,1885.0
OC-03097,2019-02-12,PROV-045,Secretaría D,7754.0
OC-03098,2019-02-12,PROV-067,Secretaría E,97000.0
OC-03099,2019-02-12,PROV-256,Secretaría E,8450.0
OC-03100,2019-02-12,PROV-020,Secretaría A,3689.0
OC-03101,2019-02-12,PROV-003,Secretaría D,1850.56
OC-03102,2019-02-12,PROV-020,Secretaría A,3689.0
OC-03103,2019-02-12,PROV-020,Secretaría A,2189.89
OC-03104,2019-02-12,PROV-003,Secretaría D,1850.56
OC-03105,2019-02-12,PROV-021,Secretaría G,4658.0
OC-03106,2019-02-12,PROV-105,Secretaría B,2244.0
OC-03107,2019-02-12,PROV-064,Secretaría A,41460.0
OC-03108,2019-02-12,PROV-017,Secretaría C,10440.5
OC-03109,2019-02-12,PROV-017,Secretaría C,10440.5
OC-03110,2019-02-12,PROV-017,Secretaría C,10440.5
OC-03111,2019-02-12,PROV-017,Secretaría C,10440.5
OC-03112,2019-02-12,PROV-017,Secretaría C,10440.5
OC-03113,2019-02-12,PROV-021,Secretaría G,4658.0
OC-03114,2019-02-12,PROV-021,Secretaría G,4658.0
OC-03115,2019-02-12,PROV-021,Secretaría G,4658.0
OC-03116,2019-02-12,PROV-021,Secretaría G,4658.0
OC-03117,2019-02-12,PROV-021,Secretaría G,4658.0
OC-03118,2019-02-12,PROV-021,Secretaría G,4658.0
OC-03119,2019-02-12,PROV-021,Secretaría G,4658.0
OC-03120,2019-02-12,PROV-021,Secretaría G,4658.0
OC-03121,2019-02-12,PROV-021,Secretaría G,4658.0
OC-03122,2019-02-12,PROV-021,Secretaría G,4658.0
OC-03123,2019-02-12,PROV-021,Secretaría G,4658.0
OC-03124,2019-02-12,PROV-021,Secretaría G,4658.0
OC-03125,2019-02-12,PROV-021,Secretaría G,4658.0
OC-03126,2019-02-12,PROV-021,Secretaría G,4658.0
OC-03127,2019-02-12,PROV-021,Secretaría G,4658.0
OC-03128,2019-02-12,PROV-021,Secretaría G,4658.0
OC-03129,2019-02-12,PROV-021,Secretaría G,4658.0
OC-03130,2019-02-12,PROV-021,Secretaría G,4658.0
OC-03131,2019-02-12,PROV-021,Secretaría G,4658.0
OC-03132,2019-02-12,PROV-021,Secretaría G,4658.0
OC-03133,2019-02-12,PROV-021,Secretaría D,2800.0
OC-03134,2019-02-12,PROV-352,Secretaría C,9600.0
OC-03135,2019-02-12,PROV-105,Secretaría B,2244.0
OC-03136,2019-02-12,PROV-105,Secretaría B,2244.0
OC-03137,2019-02-12,PROV-064,Secretaría A,41460.0
OC-03138,2019-02-12,PROV-020,Secretaría A,1016.78
OC-03139,2019-02-12,PROV-162,Secretaría A,28677.0
OC-03140,2019-02-12,PROV-093,Secretaría B,7156.0
OC-03141,2019-02-12,PROV-093,Secretaría B,7156.0
OC-03142,2019-02-12,PROV-093,Secretaría B,7156.0
OC-03143,2019-02-12,PROV-093,Secretaría B,7156.0
OC-03144,2019-02-12,PROV-020,Secretaría A,1016.78
OC-03145,2019-02-12,PROV-017,Secretaría C,10440.5
OC-03146,2019-02-12,PROV-020,Secretaría A,1016.78
OC-03147,2019-02-12,PROV-020,Secretaría A,1016.78
OC-03148,2019-02-12,PROV-020,Secretaría D,1752.0
OC-03149,2019-02-12,PROV-020,Secretaría D,1752.0
OC-03150,2019-02-12,PROV-045,Secretaría B,1793.0
OC-03151,2019-02-12,PROV-500,Secretaría B,2200.0
OC-03152,2019-02-12,PROV-020,Secretaría A,737.22
OC-03153,2019-02-12,PROV-020,Secretaría A,737.22
OC-03154,2019-02-12,PROV-020,Secretaría A,737.22
OC-03155,2019-02-12,PROV-020,Secretaría A,3540.0
OC-03156,2019-02-12,PROV-020,Secretaría A,1730.0
OC-03157,2019-02-12,PROV-020,Secretaría A,1730.0
OC-03158,2019-02-12,PROV-020,Secretaría A,1730.0
OC-03159,2019-02-12,PROV-020,Secretaría A,1730.0
OC-03160,2019-02-12,PROV-113,Secretaría D,3563.0
OC-03161,2019-02-12,PROV-034,Secretaría F,1485.0
OC-03162,2019-02-12,PROV-034,Secretaría F,1485.0
OC-03163,2019-02-12,PROV-034,Secretaría F,1485.0
OC-03164,2019-02-12,PROV-034,Secretaría F,3300.0
OC-03165,2019-02-12,PROV-020,Secretaría A,2215.0
OC-03166,2019-02-12,PROV-034,Secretaría A,560.0
OC-03167,2019-02-12,PROV-034,Secretaría A,560.0
OC-03168,2019-02-12,PROV-034,Secretaría A,560.0
OC-03169,2019-02-12,PROV-093,Secretaría B,7156.0
OC-03170,2019-02-12,PROV-093,Secretaría B,7156.0
OC-03171,2019-02-12,PROV-093,Secretaría B,7156.0
OC-03172,2019-02-12,PROV-093,Secretaría B,7156.0
OC-03173,2019-02-12,PROV-141,Secretaría A,584.57
OC-03174,2019-02-12,PROV-141,Secretaría A,584.57
OC-03175,2019-02-12,PROV-141,Secretaría A,1374.57
OC-03176,2019-02-12,PROV-141,Secretaría A,1374.57
OC-03177,2019-02-12,PROV-141,Secretaría A,1374.57
OC-03178,2019-02-12,PROV-141,Secretaría A,1374.57
OC-03179,2019-02-12,PROV-141,Secretaría A,1374.57
OC-03180,2019-02-12,PROV-141,Secretaría A,4406.4
OC-03181,2019-02-12,PROV-141,Secretaría A,3034.51
OC-03182,2019-02-12,PROV-141,Secretaría A,3034.51
OC-03183,2019-02-12,PROV-141,Secretaría A,3034.51
OC-03184,2019-02-12,PROV-141,Secretaría A,3034.51
OC-03185,2019-02-12,PROV-141,Secretaría A,3034.51
OC-03186,2019-02-12,PROV-020,Secretaría A,4108.23
OC-03187,2019-02-12,PROV-064,Secretaría A,41460.0
OC-03188,2019-02-12,PROV-020,Secretaría A,4108.23
OC-03189,2019-02-12,PROV-020,Secretaría A,4350.0
OC-03190,2019-02-12,PROV-020,Secretaría A,4350.0
OC-03191,2019-02-12,PROV-020,Secretaría A,636.51
OC-03192,2019-02-12,PROV-020,Secretaría A,636.51
OC-03193,2019-02-12,PROV-020,Secretaría A,636.51
OC-03194,2019-02-12,PROV-074,Secretaría A,700.0
OC-03195,2019-02-12,PROV-034,Secretaría A,1010.0
OC-03196,2019-02-12,PROV-034,Secretaría A,920.0
OC-03197,2019-02-12,PROV-034,Secretaría A,1730.0
OC-03198,2019-02-12,PROV-034,Secretaría A,1730.0
OC-03199,2019-02-12,PROV-034,Secretaría A,1010.0
OC-03200,2019-02-12,PROV-034,Secretaría A,1010.0
OC-03201,2019-02-12,PROV-093,Secretaría B,7156.0
OC-03202,2019-02-12,PROV-093,Secretaría B,7156.0
OC-03203,2019-02-12,PROV-020,Secretaría A,2450.0
OC-03204,2019-02-12,PROV-029,Secretaría D,918219.39
OC-03205,2019-02-12,PROV-021,Secretaría B,10590.0
OC-03206,2019-02-12,PROV-021,Secretaría B,10590.0
OC-03207,2019-02-12,PROV-021,Secretaría B,48721.0
OC-03208,2019-02-12,PROV-021,Secretaría B,48721.0
OC-03209,2019-02-12,PROV-021,Secretaría B,48721.0
OC-03210,2019-02-12,PROV-021,Secretaría B,48721.0
OC-03211,2019-02-12,PROV-021,Secretaría B,48721.0
OC-03212,2019-02-12,PROV-021,Secretaría B,48721.0
OC-03213,2019-02-12,PROV-021,Secretaría B,48721.0
OC-03214,2019-02-12,PROV-021,Secretaría E,2999.0
OC-03215,2019-02-12,PROV-021,Secretaría E,2999.0
OC-03216,2019-02-12,PROV-021,Secretaría E,2999.0
OC-03217,2019-02-12,PROV-021,Secretaría E,2999.0
OC-03218,2019-02-12,PROV-021,Secretaría E,2999.0
OC-03219,2019-02-12,PROV-021,Secretaría E,2999.0
OC-03220,2019-02-12,PROV-021,Secretaría E,2999.0
OC-03221,2019-02-12,PROV-021,Secretaría E,2999.0
OC-03222,2019-02-12,PROV-021,Secretaría E,2999.0
OC-03223,2019-02-12,PROV-021,Secretaría E,2999.0
OC-03224,2019-02-12,PROV-021,Secretaría E,2999.0
OC-03225,2019-02-12,PROV-021,Secretaría E,2999.0
OC-03226,2019-02-12,PROV-021,Secretaría E,2999.0
OC-03227,2019-02-12,PROV-240,Secretaría C,46800.0
OC-03228,2019-02-12,PROV-021,Secretaría C,11805.0
OC-03229,2019-02-12,PROV-021,Secretaría C,11805.0
OC-03230,2019-02-12,PROV-021,Secretaría C,11805.0
OC-03231,2019-02-12,PROV-021,Secretaría C,11805.0
OC-03232,2019-02-12,PROV-021,Secretaría C,11805.0
OC-03233,2019-02-12,PROV-021,Secretaría C,11805.0
OC-03234,2019-02-12,PROV-021,Secretaría C,11805.0
OC-03235,2019-02-12,PROV-021,Secretaría C,11805.0
OC-03236,2019-02-12,PROV-021,Secretaría B,48721.0
OC-03237,2019-02-12,PROV-021,Secretaría C,11805.0
OC-03238,2019-02-12,PROV-021,Secretaría B,48721.0
OC-03239,2019-02-12,PROV-021,Secretaría B,48721.0
OC-03240,2019-02-12,PROV-217,Secretaría C,7184.0
OC-03241,2019-02-12,PROV-217,Secretaría C,7184.0
OC-03242,2019-02-12,PROV-030,Secretaría A,730.0
OC-03243,2019-02-12,PROV-021,Secretaría B,48721.0
OC-03244,2019-02-12,PROV-021,Secretaría B,48721.0
OC-03245,2019-02-12,PROV-021,Secretaría B,48721.0
OC-03246,2019-02-12,PROV-021,Secretaría B,48721.0
OC-03247,2019-02-12,PROV-021,Secretaría B,48721.0
OC-03248,2019-02-12,PROV-021,Secretaría B,48721.0
OC-03249,2019-02-12,PROV-021,Secretaría B,48721.0
OC-03250,2019-02-12,PROV-021,Secretaría B,48721.0
OC-03251,2019-02-12,PROV-021,Secretaría B,48721.0
OC-03252,2019-02-12,PROV-021,Secretaría B,48721.0
OC-03253,2019-02-12,PROV-021,Secretaría B,48721.0
OC-03254,2019-02-12,PROV-021,Secretaría B,48721.0
OC-03255,2019-02-12,PROV-021,Secretaría B,48721.0
OC-03256,2019-02-12,PROV-021,Secretaría B,48721.0
OC-03257,2019-02-12,PROV-021,Secretaría B,48721.0
OC-03258,2019-02-12,PROV-021,Secretaría B,48721.0
OC-03259,2019-02-12,PROV-021,Secretaría B,48721.0
OC-03260,2019-02-12,PROV-021,Secretaría B,48721.0
OC-03261,2019-02-12,PROV-021,Secretaría B,48721.0
OC-03262,2019-02-12,PROV-021,Secretaría B,48721.0
OC-03263,2019-02-12,PROV-021,Secretaría B,48721.0
OC-03264,2019-02-12,PROV-021,Secretaría B,48721.0
OC-03265,2019-02-12,PROV-021,Secretaría B,48721.0
OC-03266,2019-02-12,PROV-021,Secretaría B,48721.0
OC-03267,2019-02-12,PROV-021,Secretaría B,10590.0
OC-03268,2019-02-12,PROV-021,Secretaría B,48721.0
OC-03269,2019-02-12,PROV-021,Secretaría B,48721.0
OC-03270,2019-02-12,PROV-021,Secretaría C,11805.0
OC-03271,2019-02-12,PROV-021,Secretaría B,48721.0
OC-03272,2019-02-12,PROV-021,Secretaría C,11805.0
OC-03273,2019-02-12,PROV-021,Secretaría C,9280.8
OC-03274,2019-02-12,PROV-021,Secretaría C,9280.8
OC-03275,2019-02-12,PROV-021,Secretaría C,9280.8
OC-03276,2019-02-12,PROV-021,Secretaría C,9280.8
OC-03277,2019-02-12,PROV-021,Secretaría C,9280.8
OC-03278,2019-02-12,PROV-021,Secretaría C,9280.8
OC-03279,2019-02-12,PROV-021,Secretaría C,9280.8
OC-03280,2019-02-12,PROV-021,Secretaría C,9280.8
OC-03281,2019-02-12,PROV-021,Secretaría C,9280.8
OC-03282,2019-02-12,PROV-021,Secretaría C,9280.8
OC-03283,2019-02-12,PROV-021,Secretaría B,10590.0
OC-03284,2019-02-12,PROV-021,Secretaría B,10590.0
OC-03285,2019-02-12,PROV-021,Secretaría B,10590.0
OC-03286,2019-02-12,PROV-021,Secretaría B,10590.0
OC-03287,2019-02-12,PROV-021,Secretaría B,10590.0
OC-03288,2019-02-12,PROV-021,Secretaría B,10590.0
OC-03289,2019-02-12,PROV-021,Secretaría B,10590.0
OC-03290,2019-02-12,PROV-021,Secretaría B,10590.0
OC-03291,2019-02-12,PROV-021,Secretaría B,10590.0
OC-03292,2019-02-12,PROV-021,Secretaría B,10590.0
OC-03293,2019-02-12,PROV-021,Secretaría B,10590.0
OC-03294,2019-02-12,PROV-021,Secretaría B,10590.0
OC-03295,2019-02-12,PROV-021,Secretaría B,10590.0
OC-03296,2019-02-12,PROV-021,Secretaría B,10590.0
OC-03297,2019-02-12,PROV-021,Secretaría B,10590.0
OC-03298,2019-02-12,PROV-021,Secretaría B,10590.0
OC-03299,2019-02-12,PROV-021,Secretaría B,10590.0
OC-03300,2019-02-12,PROV-021,Secretaría B,10590.0
OC-03301,2019-02-12,PROV-021,Secretaría C,11805.0
OC-03302,2019-02-12,PROV-021,Secretaría C,9280.8
OC-03303,2019-02-12,PROV-021,Secretaría C,9280.8
OC-03304,2019-02-12,PROV-021,Secretaría B,10590.0
OC-03305,2019-02-12,PROV-021,Secretaría C,9280.8
OC-03306,2019-02-12,PROV-021,Secretaría C,11805.0
OC-03307,2019-02-12,PROV-021,Secretaría C,9280.8
OC-03308,2019-02-12,PROV-021,Secretaría C,11805.0
OC-03309,2019-02-12,PROV-021,Secretaría C,11805.0
OC-03310,2019-02-12,PROV-021,Secretaría C,11805.0
OC-03311,2019-02-12,PROV-021,Secretaría C,11805.0
OC-03312,2019-02-12,PROV-021,Secretaría C,11805.0
OC-03313,2019-02-12,PROV-021,Secretaría C,11805.0
OC-03314,2019-02-12,PROV-021,Secretaría C,11805.0
OC-03315,2019-02-12,PROV-021,Secretaría C,11805.0
OC-03316,2019-02-12,PROV-021,Secretaría C,11805.0
OC-03317,2019-02-12,PROV-021,Secretaría C,11805.0
OC-03318,2019-02-12,PROV-021,Secretaría C,11805.0
OC-03319,2019-02-12,PROV-021,Secretaría C,11805.0
OC-03320,2019-02-12,PROV-021,Secretaría C,11805.0
OC-03321,2019-02-12,PROV-021,Secretaría C,9280.8
OC-03322,2019-02-12,PROV-021,Secretaría C,9280.8
OC-03323,2019-02-12,PROV-021,Secretaría C,9280.8
OC-03324,2019-02-12,PROV-021,Secretaría C,9280.8
OC-03325,2019-02-12,PROV-021,Secretaría C,9280.8
OC-03326,2019-02-12,PROV-021,Secretaría C,11805.0
OC-03327,2019-02-12,PROV-021,Secretaría C,9280.8
OC-03328,2019-02-12,PROV-021,Secretaría C,9280.8
OC-03329,2019-02-12,PROV-021,Secretaría C,9280.8
OC-03330,2019-02-12,PROV-021,Secretaría C,9280.8
OC-03331,2019-02-12,PROV-346,Secretaría E,8000.0
OC-03332,2019-02-12,PROV-047,Secretaría G,1855.0
OC-03333,2019-02-12,PROV-092,Secretaría E,8200.05
OC-03334,2019-02-12,PROV-021,Secretaría C,9280.8
OC-03335,2019-02-12,PROV-021,Secretaría C,9280.8
OC-03336,2019-02-13,PROV-059,Secretaría C,782.35
OC-03337,2019-02-13,PROV-059,Secretaría C,1240.95
OC-03338,2019-02-13,PROV-059,Secretaría B,553.05
OC-03339,2019-02-13,PROV-059,Secretaría C,782.35
OC-03340,2019-02-13,PROV-059,Secretaría H,737.4
OC-03341,2019-02-13,PROV-059,Secretaría C,1240.95
OC-03342,2019-02-13,PROV-059,Secretaría F,6906.3
OC-03343,2019-02-13,PROV-059,Secretaría C,1196.0
OC-03344,2019-02-13,PROV-059,Secretaría G,7374.0
OC-03345,2019-02-13,PROV-059,Secretaría G,2212.2
OC-03346,2019-02-13,PROV-059,Secretaría B,782.35
OC-03347,2019-02-13,PROV-059,Secretaría B,782.35
OC-03348,2019-02-13,PROV-059,Secretaría C,1196.0
OC-03349,2019-02-13,PROV-059,Secretaría H,1290.45
OC-03350,2019-02-13,PROV-059,Secretaría F,6906.3
OC-03351,2019-02-13,PROV-059,Secretaría D,1106.1
OC-03352,2019-02-13,PROV-021,Secretaría B,5592.0
OC-03353,2019-02-13,PROV-059,Secretaría C,782.35
OC-03354,2019-02-13,PROV-059,Secretaría B,3309.2
OC-03355,2019-02-13,PROV-021,Secretaría B,5592.0
OC-03356,2019-02-13,PROV-021,Secretaría B,5592.0
OC-03357,2019-02-13,PROV-021,Secretaría B,5592.0
OC-03358,2019-02-13,PROV-021,Secretaría B,5592.0
OC-03359,2019-02-13,PROV-021,Secretaría B,5592.0
OC-03360,2019-02-13,PROV-021,Secretaría G,3000.0
OC-03361,2019-02-13,PROV-059,Secretaría B,15647.0
OC-03362,2019-02-13,PROV-059,Secretaría B,15647.0
OC-03363,2019-02-13,PROV-059,Secretaría C,4604.2
OC-03364,2019-02-13,PROV-059,Secretaría C,4604.2
OC-03365,2019-02-13,PROV-059,Secretaría C,782.35
OC-03366,2019-02-13,PROV-059,Secretaría C,782.35
OC-03367,2019-02-13,PROV-059,Secretaría C,1564.7
OC-03368,2019-02-13,PROV-059,Secretaría C,1564.7
OC-03369,2019-02-13,PROV-059,Secretaría C,782.35
OC-03370,2019-02-13,PROV-059,Secretaría B,3309.2
OC-03371,2019-02-13,PROV-020,Secretaría A,1141.39
OC-03372,2019-02-13,PROV-059,Secretaría B,598.0
OC-03373,2019-02-13,PROV-020,Secretaría A,5854.6
OC-03374,2019-02-13,PROV-020,Secretaría A,4673.49
OC-03375,2019-02-13,PROV-020,Secretaría A,4673.49
OC-03376,2019-02-13,PROV-020,Secretaría A,4673.49
OC-03377,2019-02-13,PROV-020,Secretaría A,3600.0
OC-03378,2019-02-13,PROV-020,Secretaría A,4250.0
OC-03379,2019-02-13,PROV-020,Secretaría A,1925.0
OC-03380,2019-02-13,PROV-020,Secretaría A,890.0
OC-03381,2019-02-13,PROV-020,Secretaría A,3895.0
OC-03382,2019-02-13,PROV-020,Secretaría A,1141.39
OC-03383,2019-02-13,PROV-020,Secretaría A,1141.39
OC-03384,2019-02-13,PROV-034,Secretaría A,2155.0
OC-03385,2019-02-13,PROV-034,Secretaría A,2155.0
OC-03386,2019-02-13,PROV-141,Secretaría A,1450.0
OC-03387,2019-02-13,PROV-021,Secretaría B,5592.0
OC-03388,2019-02-13,PROV-020,Secretaría A,5854.6
OC-03389,2019-02-13,PROV-059,Secretaría B,598.0
OC-03390,2019-02-13,PROV-020,Secretaría A,5854.6
OC-03391,2019-02-13,PROV-020,Secretaría A,996.0
OC-03392,2019-02-13,PROV-059,Secretaría G,1011.65
OC-03393,2019-02-13,PROV-059,Secretaría G,1011.65
OC-03394,2019-02-13,PROV-059,Secretaría G,553.05
OC-03395,2019-02-13,PROV-059,Secretaría G,368.7
OC-03396,2019-02-13,PROV-045,Secretaría D,1321.19
OC-03397,2019-02-13,PROV-100,Secretaría D,15600.0
OC-03398,2019-02-13,PROV-017,Secretaría E,4608.0
OC-03399,2019-02-13,PROV-017,Secretaría E,4608.0
OC-03400,2019-02-13,PROV-017,Secretaría E,4608.0
OC-03401,2019-02-13,PROV-030,Secretaría C,2127.0
OC-03402,2019-02-13,PROV-030,Secretaría C,2127.0
OC-03403,2019-02-13,PROV-030,Secretaría C,2127.0
OC-03404,2019-02-13,PROV-030,Secretaría C,2127.0
OC-03405,2019-02-13,PROV-017,Secretaría C,10699.02
OC-03406,2019-02-13,PROV-020,Secretaría A,996.0
OC-03407,2019-02-13,PROV-045,Secretaría C,1882.2
OC-03408,2019-02-13,PROV-021,Secretaría B,5592.0
OC-03409,2019-02-13,PROV-047,Secretaría F,3713.24
OC-03410,2019-02-13,PROV-021,Secretaría B,5592.0
OC-03411,2019-02-13,PROV-047,Secretaría F,3713.24
OC-03412,2019-02-13,PROV-047,Secretaría F,3713.24
OC-03413,2019-02-13,PROV-047,Secretaría F,3713.24
OC-03414,2019-02-13,PROV-047,Secretaría F,3713.24
OC-03415,2019-02-13,PROV-047,Secretaría F,3713.24
OC-03416,2019-02-13,PROV-047,Secretaría F,3713.24
OC-03417,2019-02-13,PROV-047,Secretaría F,3713.24
OC-03418,2019-02-13,PROV-047,Secretaría F,3713.24
OC-03419,2019-02-13,PROV-047,Secretaría F,3713.24
OC-03420,2019-02-13,PROV-047,Secretaría F,3713.24
OC-03421,2019-02-13,PROV-021,Secretaría B,5592.0
OC-03422,2019-02-13,PROV-047,Secretaría F,3713.24
OC-03423,2019-02-13,PROV-047,Secretaría F,3713.24
OC-03424,2019-02-13,PROV-047,Secretaría F,3713.24
OC-03425,2019-02-13,PROV-047,Secretaría F,3713.24
OC-03426,2019-02-13,PROV-047,Secretaría F,3713.24
OC-03427,2019-02-13,PROV-021,Secretaría B,4433.0
OC-03428,2019-02-13,PROV-021,Secretaría B,4433.0
OC-03429,2019-02-13,PROV-021,Secretaría B,4433.0
OC-03430,2019-02-13,PROV-021,Secretaría B,4433.0
OC-03431,2019-02-13,PROV-021,Secretaría B,4433.0
OC-03432,2019-02-13,PROV-021,Secretaría B,4433.0
OC-03433,2019-02-13,PROV-021,Secretaría B,4433.0
OC-03434,2019-02-13,PROV-021,Secretaría B,4433.0
OC-03435,2019-02-13,PROV-021,Secretaría B,4433.0
OC-03436,2019-02-13,PROV-021,Secretaría B,4433.0
OC-03437,2019-02-13,PROV-021,Secretaría B,4433.0
OC-03438,2019-02-13,PROV-021,Secretaría B,4433.0
OC-03439,2019-02-13,PROV-021,Secretaría B,4433.0
OC-03440,2019-02-13,PROV-021,Secretaría B,4433.0
OC-03441,2019-02-13,PROV-021,Secretaría B,4433.0
OC-03442,2019-02-13,PROV-021,Secretaría B,4433.0
OC-03443,2019-02-13,PROV-021,Secretaría B,4433.0
OC-03444,2019-02-13,PROV-047,Secretaría F,3713.24
OC-03445,2019-02-13,PROV-021,Secretaría F,7508.0
OC-03446,2019-02-13,PROV-021,Secretaría B,4433.0
OC-03447,2019-02-13,PROV-021,Secretaría F,7508.0
OC-03448,2019-02-13,PROV-021,Secretaría F,7508.0
OC-03449,2019-02-13,PROV-021,Secretaría F,7508.0
OC-03450,2019-02-13,PROV-021,Secretaría F,7508.0
OC-03451,2019-02-13,PROV-021,Secretaría F,7508.0
OC-03452,2019-02-13,PROV-021,Secretaría B,5592.0
OC-03453,2019-02-13,PROV-021,Secretaría B,5592.0
OC-03454,2019-02-13,PROV-021,Secretaría B,5592.0
OC-03455,2019-02-13,PROV-021,Secretaría B,5592.0
OC-03456,2019-02-13,PROV-021,Secretaría B,5592.0
OC-03457,2019-02-13,PROV-021,Secretaría B,5592.0
OC-03458,2019-02-13,PROV-021,Secretaría B,5592.0
OC-03459,2019-02-13,PROV-021,Secretaría B,5592.0
OC-03460,2019-02-13,PROV-021,Secretaría B,5592.0
OC-03461,2019-02-13,PROV-021,Secretaría B,5592.0
OC-03462,2019-02-13,PROV-021,Secretaría F,7508.0
OC-03463,2019-02-13,PROV-021,Secretaría F,7508.0
OC-03464,2019-02-13,PROV-021,Secretaría F,7508.0
OC-03465,2019-02-13,PROV-021,Secretaría B,5592.0
OC-03466,2019-02-13,PROV-021,Secretaría F,7508.0
OC-03467,2019-02-13,PROV-021,Secretaría F,7508.0
OC-03468,2019-02-13,PROV-021,Secretaría F,7508.0
OC-03469,2019-02-13,PROV-021,Secretaría F,7508.0
OC-03470,2019-02-13,PROV-021,Secretaría F,7508.0
OC-03471,2019-02-13,PROV-021,Secretaría F,7508.0
OC-03472,2019-02-13,PROV-021,Secretaría F,7508.0
OC-03473,2019-02-13,PROV-021,Secretaría F,7508.0
OC-03474,2019-02-13,PROV-021,Secretaría F,7508.0
OC-03475,2019-02-13,PROV-021,Secretaría F,7508.0
OC-03476,2019-02-13,PROV-021,Secretaría F,7508.0
OC-03477,2019-02-13,PROV-021,Secretaría F,7508.0
OC-03478,2019-02-13,PROV-021,Secretaría F,7508.0
OC-03479,2019-02-13,PROV-021,Secretaría F,7508.0
OC-03480,2019-02-13,PROV-021,Secretaría F,7508.0
OC-03481,2019-02-13,PROV-021,Secretaría F,7508.0
OC-03482,2019-02-14,PROV-077,Secretaría C,5138.0
OC-03483,2019-02-14,PROV-309,Secretaría E,12000.0
OC-03484,2019-02-14,PROV-077,Secretaría C,5138.0
OC-03485,2019-02-14,PROV-077,Secretaría C,5138.0
OC-03486,2019-02-14,PROV-077,Secretaría C,5138.0
OC-03487,2019-02-14,PROV-077,Secretaría C,5138.0
OC-03488,2019-02-14,PROV-077,Secretaría C,5138.0
OC-03489,2019-02-14,PROV-429,Secretaría G,18500.0
OC-03490,2019-02-14,PROV-001,Secretaría C,2983.5
OC-03491,2019-02-14,PROV-045,Secretaría E,34428.35
OC-03492,2019-02-14,PROV-045,Secretaría E,34428.35
OC-03493,2019-02-14,PROV-045,Secretaría E,34428.35
OC-03494,2019-02-14,PROV-001,Secretaría C,2983.5
OC-03495,2019-02-14,PROV-001,Secretaría C,2983.5
OC-03496,2019-02-14,PROV-001,Secretaría C,2983.5
OC-03497,2019-02-14,PROV-077,Secretaría C,5138.0
OC-03498,2019-02-14,PROV-045,Secretaría E,34428.35
OC-03499,2019-02-14,PROV-077,Secretaría C,5138.0
OC-03500,2019-02-14,PROV-047,Secretaría C,25057.82
OC-03501,2019-02-14,PROV-077,Secretaría C,5138.0
OC-03502,2019-02-14,PROV-001,Secretaría C,2983.5
OC-03503,2019-02-14,PROV-047,Secretaría C,25057.82
OC-03504,2019-02-14,PROV-047,Secretaría C,25057.82
OC-03505,2019-02-14,PROV-020,Secretaría A,807.0
OC-03506,2019-02-14,PROV-020,Secretaría A,807.0
OC-03507,2019-02-14,PROV-020,Secretaría A,807.0
OC-03508,2019-02-14,PROV-195,Secretaría J,28200.0
OC-03509,2019-02-14,PROV-077,Secretaría C,5138.0
OC-03510,2019-02-14,PROV-371,Secretaría C,1277.06
OC-03511,2019-02-14,PROV-371,Secretaría C,1277.06
OC-03512,2019-02-14,PROV-077,Secretaría C,5138.0
OC-03513,2019-02-14,PROV-077,Secretaría C,5138.0
OC-03514,2019-02-14,PROV-077,Secretaría C,5138.0
OC-03515,2019-02-14,PROV-077,Secretaría C,5138.0
OC-03516,2019-02-14,PROV-077,Secretaría C,5138.0
OC-03517,2019-02-14,PROV-077,Secretaría C,5138.0
OC-03518,2019-02-14,PROV-371,Secretaría C,1277.06
OC-03519,2019-02-14,PROV-001,Secretaría C,2983.5
OC-03520,2019-02-14,PROV-141,Secretaría A,8459.65
OC-03521,2019-02-14,PROV-603,Secretaría A,720.0
OC-03522,2019-02-14,PROV-105,Secretaría A,1589.0
OC-03523,2019-02-14,PROV-105,Secretaría A,1589.0
OC-03524,2019-02-14,PROV-105,Secretaría A,1589.0
OC-03525,2019-02-14,PROV-105,Secretaría A,1589.0
OC-03526,2019-02-14,PROV-105,Secretaría A,1589.0
OC-03527,2019-02-14,PROV-151,Secretaría A,78585.0
OC-03528,2019-02-14,PROV-151,Secretaría A,78585.0
OC-03529,2019-02-14,PROV-105,Secretaría A,1589.0
OC-03530,2019-02-14,PROV-047,Secretaría H,7318.08
OC-03531,2019-02-14,PROV-074,Secretaría D,5800.0
OC-03532,2019-02-14,PROV-020,Secretaría A,4580.0
OC-03533,2019-02-14,PROV-020,Secretaría A,4580.0
OC-03534,2019-02-14,PROV-074,Secretaría A,3200.0
OC-03535,2019-02-14,PROV-047,Secretaría C,25057.82
OC-03536,2019-02-14,PROV-342,Secretaría F,8000.0
OC-03537,2019-02-14,PROV-161,Secretaría D,28440.0
OC-03538,2019-02-14,PROV-141,Secretaría A,4642.0
OC-03539,2019-02-14,PROV-001,Secretaría C,2983.5
OC-03540,2019-02-14,PROV-105,Secretaría A,1589.0
OC-03541,2019-02-14,PROV-425,Secretaría D,16625.0
OC-03542,2019-02-14,PROV-100,Secretaría D,840.0
OC-03543,2019-02-14,PROV-100,Secretaría D,840.0
OC-03544,2019-02-14,PROV-100,Secretaría D,840.0
OC-03545,2019-02-14,PROV-100,Secretaría D,840.0
OC-03546,2019-02-14,PROV-100,Secretaría D,840.0
OC-03547,2019-02-14,PROV-100,Secretaría D,840.0
OC-03548,2019-02-14,PROV-100,Secretaría D,840.0
OC-03549,2019-02-14,PROV-105,Secretaría A,1589.0
OC-03550,2019-02-14,PROV-100,Secretaría D,840.0
OC-03551,2019-02-14,PROV-581,Secretaría B,7385.0
OC-03552,2019-02-14,PROV-020,Secretaría A,4813.5
OC-03553,2019-02-14,PROV-020,Secretaría D,545.0
OC-03554,2019-02-14,PROV-020,Secretaría A,8820.0
OC-03555,2019-02-14,PROV-516,Secretaría A,3000.0
OC-03556,2019-02-14,PROV-052,Secretaría A,69750.0
OC-03557,2019-02-14,PROV-074,Secretaría A,20850.0
OC-03558,2019-02-14,PROV-582,Secretaría B,7385.0
OC-03559,2019-02-14,PROV-047,Secretaría C,25057.82
OC-03560,2019-02-14,PROV-020,Secretaría A,4813.5
OC-03561,2019-02-14,PROV-047,Secretaría C,25057.82
OC-03562,2019-02-14,PROV-141,Secretaría A,1331.46
OC-03563,2019-02-14,PROV-140,Secretaría A,115500.0
OC-03564,2019-02-14,PROV-001,Secretaría G,2247.0
OC-03565,2019-02-14,PROV-001,Secretaría G,2247.0
OC-03566,2019-02-14,PROV-001,Secretaría G,2247.0
OC-03567,2019-02-14,PROV-141,Secretaría A,573.52
OC-03568,2019-02-14,PROV-141,Secretaría A,573.52
OC-03569,2019-02-14,PROV-141,Secretaría A,1331.46
OC-03570,2019-02-14,PROV-141,Secretaría A,573.52
OC-03571,2019-02-14,PROV-001,Secretaría C,4187.5
OC-03572,2019-02-14,PROV-001,Secretaría C,4187.5
OC-03573,2019-02-14,PROV-001,Secretaría C,4187.5
OC-03574,2019-02-14,PROV-001,Secretaría C,4187.5
OC-03575,2019-02-14,PROV-001,Secretaría C,4187.5
OC-03576,2019-02-14,PROV-001,Secretaría C,4187.5
OC-03577,2019-02-14,PROV-001,Secretaría C,4187.5
OC-03578,2019-02-14,PROV-141,Secretaría A,573.52
OC-03579,2019-02-14,PROV-020,Secretaría A,4988.73
OC-03580,2019-02-14,PROV-141,Secretaría A,1331.46
OC-03581,2019-02-14,PROV-001,Secretaría C,3237.0
OC-03582,2019-02-14,PROV-047,Secretaría C,25057.82
OC-03583,2019-02-14,PROV-543,Secretaría B,13272.48
OC-03584,2019-02-14,PROV-201,Secretaría G,986.94
OC-03585,2019-02-14,PROV-201,Secretaría G,986.94
OC-03586,2019-02-14,PROV-086,Secretaría C,26700.0
OC-03587,2019-02-14,PROV-342,Secretaría F,5200.0
OC-03588,2019-02-14,PROV-175,Secretaría G,4080.0
OC-03589,2019-02-14,PROV-141,Secretaría A,1331.46
OC-03590,2019-02-14,PROV-100,Secretaría D,930.0
OC-03591,2019-02-14,PROV-100,Secretaría D,930.0
OC-03592,2019-02-14,PROV-113,Secretaría F,2259.5
OC-03593,2019-02-14,PROV-113,Secretaría F,2259.5
OC-03594,2019-02-14,PROV-113,Secretaría F,2259.5
OC-03595,2019-02-14,PROV-338,Secretaría B,24785.0
OC-03596,2019-02-14,PROV-001,Secretaría C,3237.0
OC-03597,2019-02-14,PROV-001,Secretaría C,3237.0
OC-03598,2019-02-14,PROV-100,Secretaría D,930.0
OC-03599,2019-02-14,PROV-020,Secretaría A,4988.73
OC-03600,2019-02-14,PROV-113,Secretaría F,2259.5
OC-03601,2019-02-14,PROV-047,Secretaría C,25057.82
OC-03602,2019-02-14,PROV-047,Secretaría C,25057.82
OC-03603,2019-02-14,PROV-047,Secretaría C,25057.82
OC-03604,2019-02-14,PROV-047,Secretaría C,25057.82
OC-03605,2019-02-14,PROV-047,Secretaría C,25057.82
OC-03606,2019-02-14,PROV-047,Secretaría C,25057.82
OC-03607,2019-02-14,PROV-047,Secretaría C,25057.82
OC-03608,2019-02-14,PROV-047,Secretaría C,25057.82
OC-03609,2019-02-14,PROV-047,Secretaría C,25057.82
OC-03610,2019-02-14,PROV-047,Secretaría C,25057.82
OC-03611,2019-02-14,PROV-047,Secretaría C,25057.82
OC-03612,2019-02-14,PROV-047,Secretaría C,25057.82
OC-03613,2019-02-14,PROV-047,Secretaría C,25057.82
OC-03614,2019-02-14,PROV-047,Secretaría C,25057.82
OC-03615,2019-02-14,PROV-047,Secretaría C,25057.82
OC-03616,2019-02-14,PROV-047,Secretaría C,25057.82
OC-03617,2019-02-14,PROV-047,Secretaría C,25057.82
OC-03618,2019-02-14,PROV-020,Secretaría A,4988.73
OC-03619,2019-02-14,PROV-047,Secretaría C,25057.82
OC-03620,2019-02-14,PROV-047,Secretaría C,25057.82
OC-03621,2019-02-14,PROV-047,Secretaría C,25057.82
OC-03622,2019-02-14,PROV-047,Secretaría C,25057.82
OC-03623,2019-02-14,PROV-047,Secretaría C,25057.82
OC-03624,2019-02-14,PROV-047,Secretaría C,25057.82
OC-03625,2019-02-14,PROV-047,Secretaría C,25057.82
OC-03626,2019-02-14,PROV-047,Secretaría C,25057.82
OC-03627,2019-02-14,PROV-047,Secretaría C,25057.82
OC-03628,2019-02-14,PROV-047,Secretaría C,25057.82
OC-03629,2019-02-14,PROV-047,Secretaría C,25057.82
OC-03630,2019-02-14,PROV-047,Secretaría C,25057.82
OC-03631,2019-02-14,PROV-047,Secretaría C,25057.82
OC-03632,2019-02-14,PROV-047,Secretaría C,25057.82
OC-03633,2019-02-14,PROV-047,Secretaría C,25057.82
OC-03634,2019-02-14,PROV-047,Secretaría C,25057.82
OC-03635,2019-02-14,PROV-047,Secretaría C,25057.82
OC-03636,2019-02-14,PROV-047,Secretaría C,25057.82
OC-03637,2019-02-14,PROV-047,Secretaría C,25057.82
OC-03638,2019-02-14,PROV-047,Secretaría C,25057.82
OC-03639,2019-02-14,PROV-047,Secretaría C,25057.82
OC-03640,2019-02-15,PROV-022,Secretaría C,29776.4
OC-03641,2019-02-15,PROV-389,Secretaría I,2700.0
OC-03642,2019-02-15,PROV-081,Secretaría A,11500.0
OC-03643,2019-02-15,PROV-022,Secretaría C,29776.4
OC-03644,2019-02-15,PROV-498,Secretaría C,16000.0
OC-03645,2019-02-15,PROV-022,Secretaría C,29776.4
OC-03646,2019-02-15,PROV-317,Secretaría C,1350.0
OC-03647,2019-02-15,PROV-010,Secretaría F,16000.0
OC-03648,2019-02-15,PROV-010,Secretaría A,54000.0
OC-03649,2019-02-15,PROV-010,Secretaría A,61875.0
OC-03650,2019-02-15,PROV-389,Secretaría I,3500.0
OC-03651,2019-02-15,PROV-055,Secretaría G,780.0
OC-03652,2019-02-15,PROV-088,Secretaría C,15000.0
OC-03653,2019-02-15,PROV-027,Secretaría C,3400.0
OC-03654,2019-02-15,PROV-055,Secretaría G,1560.0
OC-03655,2019-02-15,PROV-055,Secretaría B,825.0
OC-03656,2019-02-15,PROV-055,Secretaría A,1280.0
OC-03657,2019-02-15,PROV-055,Secretaría C,780.0
OC-03658,2019-02-15,PROV-055,Secretaría E,1840.0
OC-03659,2019-02-15,PROV-055,Secretaría B,1590.0
OC-03660,2019-02-15,PROV-022,Secretaría C,29776.4
OC-03661,2019-02-15,PROV-059,Secretaría B,3054.0
OC-03662,2019-02-15,PROV-055,Secretaría G,1820.0
OC-03663,2019-02-15,PROV-220,Secretaría C,38000.0
OC-03664,2019-02-15,PROV-022,Secretaría C,29776.4
OC-03665,2019-02-15,PROV-022,Secretaría C,14758.66
OC-03666,2019-02-15,PROV-022,Secretaría C,29776.4
OC-03667,2019-02-15,PROV-188,Secretaría C,150000.0
OC-03668,2019-02-15,PROV-059,Secretaría B,777.0
OC-03669,2019-02-15,PROV-187,Secretaría C,150000.0
OC-03670,2019-02-15,PROV-105,Secretaría A,593.0
OC-03671,2019-02-15,PROV-105,Secretaría A,593.0
OC-03672,2019-02-15,PROV-022,Secretaría C,14758.66
OC-03673,2019-02-15,PROV-022,Secretaría C,14758.66
OC-03674,2019-02-15,PROV-022,Secretaría C,14758.66
OC-03675,2019-02-15,PROV-022,Secretaría C,14758.66
OC-03676,2019-02-15,PROV-022,Secretaría C,14758.66
OC-03677,2019-02-15,PROV-022,Secretaría C,14758.66
OC-03678,2019-02-15,PROV-022,Secretaría C,14758.66
OC-03679,2019-02-15,PROV-022,Secretaría C,14758.66
OC-03680,2019-02-15,PROV-412,Secretaría C,54000.0
OC-03681,2019-02-15,PROV-248,Secretaría C,72000.0
OC-03682,2019-02-15,PROV-249,Secretaría C,72000.0
OC-03683,2019-02-15,PROV-247,Secretaría C,72000.0
OC-03684,2019-02-15,PROV-227,Secretaría C,72000.0
OC-03685,2019-02-15,PROV-250,Secretaría C,36000.0
OC-03686,2019-02-15,PROV-022,Secretaría C,29776.4
OC-03687,2019-02-15,PROV-022,Secretaría C,29776.4
OC-03688,2019-02-15,PROV-022,Secretaría C,29776.4
OC-03689,2019-02-15,PROV-022,Secretaría C,29776.4
OC-03690,2019-02-15,PROV-022,Secretaría C,29776.4
OC-03691,2019-02-15,PROV-022,Secretaría C,29776.4
OC-03692,2019-02-15,PROV-022,Secretaría C,29776.4
OC-03693,2019-02-15,PROV-003,Secretaría B,6092.36
OC-03694,2019-02-15,PROV-003,Secretaría B,6092.36
OC-03695,2019-02-15,PROV-003,Secretaría B,6092.36
OC-03696,2019-02-15,PROV-001,Secretaría C,5759.7
OC-03697,2019-02-15,PROV-001,Secretaría C,5759.7
OC-03698,2019-02-15,PROV-001,Secretaría C,5759.7
OC-03699,2019-02-15,PROV-001,Secretaría C,5759.7
OC-03700,2019-02-15,PROV-001,Secretaría C,8008.5
OC-03701,2019-02-15,PROV-001,Secretaría C,8008.5
OC-03702,2019-02-15,PROV-001,Secretaría C,8008.5
OC-03703,2019-02-15,PROV-001,Secretaría C,8008.5
OC-03704,2019-02-15,PROV-001,Secretaría C,8008.5
OC-03705,2019-02-15,PROV-001,Secretaría C,8008.5
OC-03706,2019-02-15,PROV-001,Secretaría C,8008.5
OC-03707,2019-02-15,PROV-001,Secretaría C,5759.7
OC-03708,2019-02-15,PROV-218,Secretaría F,1650.0
OC-03709,2019-02-15,PROV-211,Secretaría C,1400.0
OC-03710,2019-02-15,PROV-021,Secretaría C,27000.0
OC-03711,2019-02-15,PROV-398,Secretaría D,646.16
OC-03712,2019-02-15,PROV-398,Secretaría D,646.16
OC-03713,2019-02-15,PROV-398,Secretaría D,646.16
OC-03714,2019-02-15,PROV-398,Secretaría D,646.16
OC-03715,2019-02-15,PROV-398,Secretaría D,646.16
OC-03716,2019-02-15,PROV-320,Secretaría C,4464.0
OC-03717,2019-02-15,PROV-320,Secretaría C,4464.0
OC-03718,2019-02-15,PROV-320,Secretaría C,4464.0
OC-03719,2019-02-15,PROV-003,Secretaría B,6092.36
OC-03720,2019-02-15,PROV-037,Secretaría G,15000.0
OC-03721,2019-02-15,PROV-001,Secretaría C,5759.7
OC-03722,2019-02-15,PROV-175,Secretaría G,3699.0
OC-03723,2019-02-15,PROV-001,Secretaría C,5759.7
OC-03724,2019-02-15,PROV-003,Secretaría B,6092.36
OC-03725,2019-02-15,PROV-001,Secretaría C,5759.7
OC-03726,2019-02-15,PROV-003,Secretaría B,6092.36
OC-03727,2019-02-15,PROV-003,Secretaría B,6092.36
OC-03728,2019-02-15,PROV-003,Secretaría B,6092.36
OC-03729,2019-02-15,PROV-003,Secretaría B,6092.36
OC-03730,2019-02-15,PROV-003,Secretaría B,6092.36
OC-03731,2019-02-15,PROV-083,Secretaría B,19496.88
OC-03732,2019-02-15,PROV-083,Secretaría B,19496.88
OC-03733,2019-02-15,PROV-083,Secretaría B,19496.88
OC-03734,2019-02-15,PROV-083,Secretaría B,19496.88
OC-03735,2019-02-15,PROV-083,Secretaría B,19496.88
OC-03736,2019-02-15,PROV-003,Secretaría B,6092.36
OC-03737,2019-02-15,PROV-001,Secretaría C,5759.7
OC-03738,2019-02-15,PROV-001,Secretaría C,5759.7
OC-03739,2019-02-15,PROV-001,Secretaría C,5759.7
OC-03740,2019-02-15,PROV-001,Secretaría C,5759.7
OC-03741,2019-02-15,PROV-001,Secretaría C,5759.7
OC-03742,2019-02-15,PROV-001,Secretaría C,5759.7
OC-03743,2019-02-15,PROV-001,Secretaría C,5759.7
OC-03744,2019-02-15,PROV-001,Secretaría C,5759.7
OC-03745,2019-02-15,PROV-001,Secretaría C,5759.7
OC-03746,2019-02-15,PROV-001,Secretaría C,5759.7
OC-03747,2019-02-15,PROV-001,Secretaría C,5759.7
OC-03748,2019-02-15,PROV-001,Secretaría C,5759.7
OC-03749,2019-02-18,PROV-030,Secretaría A,8081.0
OC-03750,2019-02-18,PROV-030,Secretaría A,8081.0
OC-03751,2019-02-18,PROV-030,Secretaría A,8081.0
OC-03752,2019-02-18,PROV-030,Secretaría A,8081.0
OC-03753,2019-02-18,PROV-030,Secretaría A,8081.0
OC-03754,2019-02-18,PROV-030,Secretaría A,8081.0
OC-03755,2019-02-18,PROV-069,Secretaría B,12665.24
OC-03756,2019-02-18,PROV-108,Secretaría B,229.0
OC-03757,2019-02-18,PROV-069,Secretaría B,12665.24
OC-03758,2019-02-18,PROV-069,Secretaría B,12665.24
OC-03759,2019-02-18,PROV-069,Secretaría B,12665.24
OC-03760,2019-02-18,PROV-030,Secretaría A,8081.0
OC-03761,2019-02-18,PROV-069,Secretaría B,12665.24
OC-03762,2019-02-18,PROV-030,Secretaría A,8081.0
OC-03763,2019-02-18,PROV-030,Secretaría A,8081.0
OC-03764,2019-02-18,PROV-066,Secretaría A,2680.0
OC-03765,2019-02-18,PROV-030,Secretaría A,8081.0
OC-03766,2019-02-18,PROV-030,Secretaría A,6520.0
OC-03767,2019-02-18,PROV-020,Secretaría A,1491.51
OC-03768,2019-02-18,PROV-020,Secretaría A,1491.51
OC-03769,2019-02-18,PROV-020,Secretaría A,1491.51
OC-03770,2019-02-18,PROV-020,Secretaría A,675.93
OC-03771,2019-02-18,PROV-141,Secretaría A,1435.01
OC-03772,2019-02-18,PROV-030,Secretaría A,8081.0
OC-03773,2019-02-18,PROV-141,Secretaría A,1435.01
OC-03774,2019-02-18,PROV-141,Secretaría A,1435.01
OC-03775,2019-02-18,PROV-141,Secretaría A,1435.01
OC-03776,2019-02-18,PROV-141,Secretaría A,1435.01
OC-03777,2019-02-18,PROV-030,Secretaría A,8081.0
OC-03778,2019-02-18,PROV-030,Secretaría A,8081.0
OC-03779,2019-02-18,PROV-030,Secretaría A,8081.0
OC-03780,2019-02-18,PROV-141,Secretaría A,1435.01
OC-03781,2019-02-18,PROV-030,Secretaría A,6520.0
OC-03782,2019-02-18,PROV-030,Secretaría A,4759.0
OC-03783,2019-02-18,PROV-030,Secretaría A,6520.0
OC-03784,2019-02-18,PROV-404,Secretaría J,8400.0
OC-03785,2019-02-18,PROV-030,Secretaría A,4759.0
OC-03786,2019-02-18,PROV-030,Secretaría A,4759.0
OC-03787,2019-02-18,PROV-030,Secretaría A,4759.0
OC-03788,2019-02-18,PROV-030,Secretaría A,4759.0
OC-03789,2019-02-18,PROV-030,Secretaría A,4759.0
OC-03790,2019-02-18,PROV-030,Secretaría A,4759.0
OC-03791,2019-02-18,PROV-030,Secretaría A,4759.0
OC-03792,2019-02-18,PROV-030,Secretaría A,4759.0
OC-03793,2019-02-18,PROV-030,Secretaría A,4759.0
OC-03794,2019-02-18,PROV-030,Secretaría A,4759.0
OC-03795,2019-02-18,PROV-030,Secretaría A,4759.0
OC-03796,2019-02-18,PROV-030,Secretaría A,4759.0
OC-03797,2019-02-18,PROV-030,Secretaría A,4759.0
OC-03798,2019-02-18,PROV-030,Secretaría A,2511.0
OC-03799,2019-02-18,PROV-030,Secretaría A,2511.0
OC-03800,2019-02-18,PROV-030,Secretaría A,2511.0
OC-03801,2019-02-18,PROV-030,Secretaría A,6520.0
OC-03802,2019-02-18,PROV-030,Secretaría A,6520.0
OC-03803,2019-02-18,PROV-030,Secretaría A,6520.0
OC-03804,2019-02-18,PROV-030,Secretaría A,6520.0
OC-03805,2019-02-18,PROV-030,Secretaría A,6520.0
OC-03806,2019-02-18,PROV-030,Secretaría A,6520.0
OC-03807,2019-02-18,PROV-030,Secretaría A,6520.0
OC-03808,2019-02-18,PROV-030,Secretaría A,6520.0
OC-03809,2019-02-18,PROV-030,Secretaría A,6520.0
OC-03810,2019-02-18,PROV-030,Secretaría A,6520.0
OC-03811,2019-02-18,PROV-030,Secretaría A,6520.0
OC-03812,2019-02-18,PROV-030,Secretaría A,2511.0
OC-03813,2019-02-18,PROV-030,Secretaría A,2511.0
OC-03814,2019-02-18,PROV-030,Secretaría A,2511.0
OC-03815,2019-02-18,PROV-030,Secretaría A,6520.0
OC-03816,2019-02-18,PROV-020,Secretaría A,6270.0
OC-03817,2019-02-18,PROV-030,Secretaría A,8081.0
OC-03818,2019-02-18,PROV-020,Secretaría A,1852.0
OC-03819,2019-02-18,PROV-149,Secretaría F,14500.0
OC-03820,2019-02-18,PROV-149,Secretaría F,14500.0
OC-03821,2019-02-18,PROV-149,Secretaría F,14500.0
OC-03822,2019-02-18,PROV-149,Secretaría F,14500.0
OC-03823,2019-02-18,PROV-149,Secretaría F,14500.0
OC-03824,2019-02-18,PROV-003,Secretaría A,12916.97
OC-03825,2019-02-18,PROV-149,Secretaría F,14500.0
OC-03826,2019-02-18,PROV-003,Secretaría A,12916.97
OC-03827,2019-02-18,PROV-003,Secretaría A,12916.97
OC-03828,2019-02-18,PROV-003,Secretaría A,12916.97
OC-03829,2019-02-18,PROV-003,Secretaría A,12916.97
OC-03830,2019-02-18,PROV-003,Secretaría A,12916.97
OC-03831,2019-02-18,PROV-003,Secretaría A,12916.97
OC-03832,2019-02-18,PROV-084,Secretaría B,1990.0
OC-03833,2019-02-18,PROV-003,Secretaría A,12916.97
OC-03834,2019-02-18,PROV-070,Secretaría D,2813.6
OC-03835,2019-02-18,PROV-149,Secretaría F,14500.0
OC-03836,2019-02-18,PROV-020,Secretaría A,12410.0
OC-03837,2019-02-18,PROV-020,Secretaría A,6270.0
OC-03838,2019-02-18,PROV-447,Secretaría E,11000.0
OC-03839,2019-02-18,PROV-153,Secretaría E,80000.0
OC-03840,2019-02-18,PROV-526,Secretaría E,6000.0
OC-03841,2019-02-18,PROV-506,Secretaría E,4000.0
OC-03842,2019-02-18,PROV-086,Secretaría C,5120.0
OC-03843,2019-02-18,PROV-020,Secretaría A,12410.0
OC-03844,2019-02-18,PROV-086,Secretaría C,5120.0
OC-03845,2019-02-18,PROV-158,Secretaría E,4000.0
OC-03846,2019-02-18,PROV-496,Secretaría E,6000.0
OC-03847,2019-02-18,PROV-509,Secretaría E,6000.0
OC-03848,2019-02-18,PROV-190,Secretaría E,50000.0
OC-03849,2019-02-18,PROV-050,Secretaría C,51200.0
OC-03850,2019-02-18,PROV-100,Secretaría E,24000.0
OC-03851,2019-02-18,PROV-506,Secretaría E,4000.0
OC-03852,2019-02-18,PROV-122,Secretaría C,60000.0
OC-03853,2019-02-18,PROV-020,Secretaría A,12410.0
OC-03854,2019-02-18,PROV-007,Secretaría B,2655.0
OC-03855,2019-02-18,PROV-021,Secretaría C,2994.0
OC-03856,2019-02-18,PROV-021,Secretaría C,2994.0
OC-03857,2019-02-18,PROV-021,Secretaría C,2994.0
OC-03858,2019-02-18,PROV-021,Secretaría C,2994.0
OC-03859,2019-02-18,PROV-021,Secretaría C,2994.0
OC-03860,2019-02-18,PROV-021,Secretaría C,2994.0
OC-03861,2019-02-18,PROV-057,Secretaría A,37550.0
OC-03862,2019-02-18,PROV-074,Secretaría A,8700.0
OC-03863,2019-02-18,PROV-466,Secretaría C,1125.0
OC-03864,2019-02-18,PROV-034,Secretaría A,930.0
OC-03865,2019-02-18,PROV-034,Secretaría A,930.0
OC-03866,2019-02-18,PROV-034,Secretaría A,930.0
OC-03867,2019-02-18,PROV-007,Secretaría B,2655.0
OC-03868,2019-02-18,PROV-034,Secretaría A,930.0
OC-03869,2019-02-18,PROV-090,Secretaría A,6380.01
OC-03870,2019-02-18,PROV-057,Secretaría A,37550.0
OC-03871,2019-02-18,PROV-021,Secretaría C,2994.0
OC-03872,2019-02-18,PROV-003,Secretaría E,4345.44
OC-03873,2019-02-18,PROV-007,Secretaría B,1075.0
OC-03874,2019-02-18,PROV-414,Secretaría C,4000.0
OC-03875,2019-02-18,PROV-074,Secretaría A,6750.0
OC-03876,2019-02-18,PROV-007,Secretaría B,2655.0
OC-03877,2019-02-18,PROV-562,Secretaría D,10000.0
OC-03878,2019-02-18,PROV-057,Secretaría A,37550.0
OC-03879,2019-02-18,PROV-007,Secretaría B,2655.0
OC-03880,2019-02-18,PROV-057,Secretaría A,37550.0
OC-03881,2019-02-18,PROV-057,Secretaría A,37550.0
OC-03882,2019-02-18,PROV-057,Secretaría A,37550.0
OC-03883,2019-02-18,PROV-057,Secretaría A,37550.0
OC-03884,2019-02-18,PROV-057,Secretaría A,37550.0
OC-03885,2019-02-18,PROV-057,Secretaría A,37550.0
OC-03886,2019-02-18,PROV-057,Secretaría A,37550.0
OC-03887,2019-02-19,PROV-030,Secretaría D,9100.0
OC-03888,2019-02-19,PROV-255,Secretaría B,10500.0
OC-03889,2019-02-19,PROV-084,Secretaría F,14854.0
OC-03890,2019-02-19,PROV-279,Secretaría B,5000.0
OC-03891,2019-02-19,PROV-360,Secretaría B,13000.0
OC-03892,2019-02-19,PROV-105,Secretaría D,5815.0
OC-03893,2019-02-19,PROV-279,Secretaría B,13000.0
OC-03894,2019-02-19,PROV-121,Secretaría B,3700.0
OC-03895,2019-02-19,PROV-084,Secretaría H,5785.0
OC-03896,2019-02-19,PROV-121,Secretaría B,3700.0
OC-03897,2019-02-19,PROV-045,Secretaría C,372.31
OC-03898,2019-02-19,PROV-001,Secretaría A,39750.0
OC-03899,2019-02-19,PROV-084,Secretaría H,5785.0
OC-03900,2019-02-19,PROV-084,Secretaría H,5785.0
OC-03901,2019-02-19,PROV-084,Secretaría F,14854.0
OC-03902,2019-02-19,PROV-105,Secretaría D,5815.0
OC-03903,2019-02-19,PROV-084,Secretaría F,14854.0
OC-03904,2019-02-19,PROV-121,Secretaría B,3700.0
OC-03905,2019-02-19,PROV-105,Secretaría D,5815.0
OC-03906,2019-02-19,PROV-083,Secretaría C,8984.58
OC-03907,2019-02-19,PROV-105,Secretaría D,5815.0
OC-03908,2019-02-19,PROV-083,Secretaría C,8984.58
OC-03909,2019-02-19,PROV-084,Secretaría F,14854.0
OC-03910,2019-02-19,PROV-083,Secretaría C,8984.58
OC-03911,2019-02-19,PROV-083,Secretaría C,8984.58
OC-03912,2019-02-19,PROV-083,Secretaría C,8984.58
OC-03913,2019-02-19,PROV-083,Secretaría C,8984.58
OC-03914,2019-02-19,PROV-083,Secretaría C,8984.58
OC-03915,2019-02-19,PROV-083,Secretaría C,8984.58
OC-03916,2019-02-19,PROV-105,Secretaría D,5815.0
OC-03917,2019-02-19,PROV-083,Secretaría C,8984.58
OC-03918,2019-02-19,PROV-083,Secretaría C,8984.58
OC-03919,2019-02-19,PROV-105,Secretaría B,496.0
OC-03920,2019-02-19,PROV-111,Secretaría D,5394.8
OC-03921,2019-02-19,PROV-105,Secretaría D,5815.0
OC-03922,2019-02-19,PROV-105,Secretaría D,5815.0
OC-03923,2019-02-19,PROV-105,Secretaría D,5815.0
OC-03924,2019-02-19,PROV-105,Secretaría D,5815.0
OC-03925,2019-02-19,PROV-105,Secretaría D,5815.0
OC-03926,2019-02-19,PROV-083,Secretaría C,8984.58
OC-03927,2019-02-19,PROV-084,Secretaría F,14854.0
OC-03928,2019-02-19,PROV-034,Secretaría A,5545.0
OC-03929,2019-02-19,PROV-065,Secretaría C,46380.0
OC-03930,2019-02-19,PROV-034,Secretaría A,1105.0
OC-03931,2019-02-19,PROV-034,Secretaría A,5545.0
OC-03932,2019-02-19,PROV-034,Secretaría A,5545.0
OC-03933,2019-02-19,PROV-034,Secretaría A,5545.0
OC-03934,2019-02-19,PROV-034,Secretaría A,5545.0
OC-03935,2019-02-19,PROV-034,Secretaría A,5545.0
OC-03936,2019-02-19,PROV-034,Secretaría A,5545.0
OC-03937,2019-02-19,PROV-034,Secretaría A,5545.0
OC-03938,2019-02-19,PROV-083,Secretaría C,8984.58
OC-03939,2019-02-19,PROV-034,Secretaría A,5545.0
OC-03940,2019-02-19,PROV-034,Secretaría A,5545.0
OC-03941,2019-02-19,PROV-034,Secretaría A,5545.0
OC-03942,2019-02-19,PROV-034,Secretaría A,1005.0
OC-03943,2019-02-19,PROV-020,Secretaría A,943.45
OC-03944,2019-02-19,PROV-020,Secretaría A,2034.3
OC-03945,2019-02-19,PROV-020,Secretaría A,2034.3
OC-03946,2019-02-19,PROV-141,Secretaría A,597.62
OC-03947,2019-02-19,PROV-034,Secretaría A,1105.0
OC-03948,2019-02-19,PROV-090,Secretaría C,68390.0
OC-03949,2019-02-19,PROV-090,Secretaría C,68390.0
OC-03950,2019-02-19,PROV-211,Secretaría E,12000.0
OC-03951,2019-02-19,PROV-065,Secretaría C,46380.0
OC-03952,2019-02-19,PROV-065,Secretaría C,46380.0
OC-03953,2019-02-19,PROV-065,Secretaría C,46380.0
OC-03954,2019-02-19,PROV-065,Secretaría C,46380.0
OC-03955,2019-02-19,PROV-065,Secretaría C,46380.0
OC-03956,2019-02-19,PROV-065,Secretaría C,46380.0
OC-03957,2019-02-19,PROV-065,Secretaría C,46380.0
OC-03958,2019-02-19,PROV-065,Secretaría C,46380.0
OC-03959,2019-02-19,PROV-065,Secretaría C,46380.0
OC-03960,2019-02-19,PROV-045,Secretaría C,5645.33
OC-03961,2019-02-19,PROV-045,Secretaría C,5645.33
OC-03962,2019-02-19,PROV-045,Secretaría C,5645.33
OC-03963,2019-02-19,PROV-045,Secretaría C,5645.33
OC-03964,2019-02-19,PROV-045,Secretaría C,5645.33
OC-03965,2019-02-19,PROV-045,Secretaría C,5645.33
OC-03966,2019-02-19,PROV-045,Secretaría C,5645.33
OC-03967,2019-02-19,PROV-045,Secretaría C,5645.33
OC-03968,2019-02-19,PROV-045,Secretaría C,5645.33
OC-03969,2019-02-19,PROV-045,Secretaría C,5645.33
OC-03970,2019-02-19,PROV-083,Secretaría C,8984.58
OC-03971,2019-02-19,PROV-034,Secretaría A,5545.0
OC-03972,2019-02-19,PROV-083,Secretaría C,8984.58
OC-03973,2019-02-19,PROV-010,Secretaría A,33360.0
OC-03974,2019-02-19,PROV-010,Secretaría F,16680.0
OC-03975,2019-02-19,PROV-010,Secretaría A,125100.0
OC-03976,2019-02-19,PROV-022,Secretaría C,127998.24
OC-03977,2019-02-19,PROV-022,Secretaría C,127998.24
OC-03978,2019-02-19,PROV-022,Secretaría C,127998.24
OC-03979,2019-02-19,PROV-022,Secretaría C,127998.24
OC-03980,2019-02-19,PROV-022,Secretaría C,127998.24
OC-03981,2019-02-19,PROV-022,Secretaría C,127998.24
OC-03982,2019-02-19,PROV-022,Secretaría C,127998.24
OC-03983,2019-02-19,PROV-022,Secretaría C,127998.24
OC-03984,2019-02-19,PROV-022,Secretaría C,127998.24
OC-03985,2019-02-19,PROV-022,Secretaría C,127998.24
OC-03986,2019-02-19,PROV-022,Secretaría C,127998.24
OC-03987,2019-02-19,PROV-100,Secretaría C,7600.0
OC-03988,2019-02-19,PROV-169,Secretaría C,900.0
OC-03989,2019-02-19,PROV-169,Secretaría G,2700.0
OC-03990,2019-02-19,PROV-169,Secretaría F,25200.0
OC-03991,2019-02-19,PROV-010,Secretaría D,14595.0
OC-03992,2019-02-19,PROV-010,Secretaría D,12510.0
OC-03993,2019-02-19,PROV-010,Secretaría A,75060.0
OC-03994,2019-02-19,PROV-083,Secretaría C,8984.58
OC-03995,2019-02-19,PROV-320,Secretaría D,740.0
OC-03996,2019-02-19,PROV-265,Secretaría B,5214.0
OC-03997,2019-02-19,PROV-061,Secretaría B,101400.0
OC-03998,2019-02-19,PROV-466,Secretaría A,3375.0
OC-03999,2019-02-19,PROV-056,Secretaría A,25397.4
OC-04000,2019-02-19,PROV-056,Secretaría A,25397.4
OC-04001,2019-02-19,PROV-169,Secretaría C,3600.0
OC-04002,2019-02-19,PROV-169,Secretaría C,10500.0
OC-04003,2019-02-19,PROV-169,Secretaría C,4500.0
OC-04004,2019-02-19,PROV-169,Secretaría C,3450.0
OC-04005,2019-02-19,PROV-010,Secretaría B,8340.0
OC-04006,2019-02-19,PROV-010,Secretaría F,208500.0
OC-04007,2019-02-19,PROV-010,Secretaría F,16680.0
OC-04008,2019-02-19,PROV-010,Secretaría I,16680.0
OC-04009,2019-02-19,PROV-010,Secretaría A,158460.0
OC-04010,2019-02-19,PROV-010,Secretaría D,20850.0
OC-04011,2019-02-19,PROV-010,Secretaría A,37530.0
OC-04012,2019-02-19,PROV-169,Secretaría C,3450.0
OC-04013,2019-02-19,PROV-169,Secretaría C,10950.0
OC-04014,2019-02-19,PROV-010,Secretaría A,166800.0
OC-04015,2019-02-19,PROV-012,Secretaría C,12526.5
OC-04016,2019-02-19,PROV-010,Secretaría D,5968.5
OC-04017,2019-02-19,PROV-010,Secretaría D,5968.5
OC-04018,2019-02-19,PROV-010,Secretaría A,5968.5
OC-04019,2019-02-19,PROV-010,Secretaría A,55706.0
OC-04020,2019-02-19,PROV-010,Secretaría D,3979.0
OC-04021,2019-02-19,PROV-010,Secretaría D,6366.4
OC-04022,2019-02-19,PROV-010,Secretaría H,7958.0
OC-04023,2019-02-19,PROV-010,Secretaría B,9947.5
OC-04024,2019-02-19,PROV-141,Secretaría A,4119.97
OC-04025,2019-02-19,PROV-141,Secretaría A,4119.97
OC-04026,2019-02-19,PROV-141,Secretaría A,4119.97
OC-04027,2019-02-19,PROV-141,Secretaría A,4119.97
OC-04028,2019-02-19,PROV-141,Secretaría A,4119.97
OC-04029,2019-02-19,PROV-141,Secretaría A,4119.97
OC-04030,2019-02-19,PROV-141,Secretaría A,4119.97
OC-04031,2019-02-19,PROV-012,Secretaría B,3579.0
OC-04032,2019-02-19,PROV-083,Secretaría C,8984.58
OC-04033,2019-02-19,PROV-010,Secretaría D,3979.0
OC-04034,2019-02-19,PROV-010,Secretaría A,7958.0
OC-04035,2019-02-19,PROV-141,Secretaría A,4119.97
OC-04036,2019-02-19,PROV-010,Secretaría I,19895.0
OC-04037,2019-02-19,PROV-012,Secretaría I,35790.0
OC-04038,2019-02-19,PROV-012,Secretaría A,178950.0
OC-04039,2019-02-19,PROV-010,Secretaría A,15916.0
OC-04040,2019-02-19,PROV-012,Secretaría A,71580.0
OC-04041,2019-02-19,PROV-012,Secretaría A,171792.0
OC-04042,2019-02-19,PROV-012,Secretaría A,107370.0
OC-04043,2019-02-19,PROV-012,Secretaría D,3579.0
OC-04044,2019-02-19,PROV-012,Secretaría D,4294.8
OC-04045,2019-02-19,PROV-012,Secretaría B,3579.0
OC-04046,2019-02-19,PROV-012,Secretaría A,64422.0
OC-04047,2019-02-19,PROV-260,Secretaría E,81200.0
OC-04048,2019-02-19,PROV-588,Secretaría E,6000.0
OC-04049,2019-02-19,PROV-602,Secretaría E,4000.0
OC-04050,2019-02-19,PROV-010,Secretaría C,2387.4
OC-04051,2019-02-19,PROV-010,Secretaría B,9947.5
OC-04052,2019-02-19,PROV-010,Secretaría F,79580.0
OC-04053,2019-02-19,PROV-010,Secretaría F,99475.0
OC-04054,2019-02-19,PROV-012,Secretaría A,107370.0
OC-04055,2019-02-19,PROV-010,Secretaría B,25863.5
OC-04056,2019-02-20,PROV-211,Secretaría C,12000.0
OC-04057,2019-02-20,PROV-046,Secretaría C,1927.05
OC-04058,2019-02-20,PROV-046,Secretaría C,1927.05
OC-04059,2019-02-20,PROV-046,Secretaría C,1927.05
OC-04060,2019-02-20,PROV-046,Secretaría C,1927.05
OC-04061,2019-02-20,PROV-046,Secretaría C,1927.05
OC-04062,2019-02-20,PROV-046,Secretaría C,1927.05
OC-04063,2019-02-20,PROV-139,Secretaría C,387.5
OC-04064,2019-02-20,PROV-046,Secretaría C,1927.05
OC-04065,2019-02-20,PROV-046,Secretaría C,1927.05
OC-04066,2019-02-20,PROV-046,Secretaría C,1927.05
OC-04067,2019-02-20,PROV-139,Secretaría D,1323.0
OC-04068,2019-02-20,PROV-021,Secretaría G,27000.0
OC-04069,2019-02-20,PROV-479,Secretaría E,3440.0
OC-04070,2019-02-20,PROV-211,Secretaría E,11200.0
OC-04071,2019-02-20,PROV-171,Secretaría B,150000.0
OC-04072,2019-02-20,PROV-173,Secretaría B,150000.0
OC-04073,2019-02-20,PROV-029,Secretaría B,70342.14
OC-04074,2019-02-20,PROV-139,Secretaría D,1323.0
OC-04075,2019-02-20,PROV-032,Secretaría D,693.42
OC-04076,2019-02-20,PROV-032,Secretaría D,693.42
OC-04077,2019-02-20,PROV-139,Secretaría C,387.5
OC-04078,2019-02-20,PROV-046,Secretaría D,1734.1
OC-04079,2019-02-20,PROV-046,Secretaría C,1927.05
OC-04080,2019-02-20,PROV-139,Secretaría C,387.5
OC-04081,2019-02-20,PROV-003,Secretaría C,8946.61
OC-04082,2019-02-20,PROV-020,Secretaría F,2584.74
OC-04083,2019-02-20,PROV-046,Secretaría D,1734.1
OC-04084,2019-02-20,PROV-600,Secretaría A,4350.0
OC-04085,2019-02-20,PROV-195,Secretaría C,2899.0
OC-04086,2019-02-20,PROV-010,Secretaría G,11937.0
OC-04087,2019-02-20,PROV-234,Secretaría B,101200.0
OC-04088,2019-02-20,PROV-020,Secretaría A,654.0
OC-04089,2019-02-20,PROV-020,Secretaría A,654.0
OC-04090,2019-02-20,PROV-020,Secretaría A,654.0
OC-04091,2019-02-20,PROV-080,Secretaría C,247.8
OC-04092,2019-02-20,PROV-032,Secretaría C,503.92
OC-04093,2019-02-20,PROV-032,Secretaría C,503.92
OC-04094,2019-02-20,PROV-018,Secretaría C,10898.03
OC-04095,2019-02-20,PROV-018,Secretaría C,10898.03
OC-04096,2019-02-20,PROV-018,Secretaría C,10898.03
OC-04097,2019-02-20,PROV-018,Secretaría C,10898.03
OC-04098,2019-02-20,PROV-018,Secretaría C,10898.03
OC-04099,2019-02-20,PROV-018,Secretaría C,10898.03
OC-04100,2019-02-20,PROV-018,Secretaría C,10898.03
OC-04101,2019-02-20,PROV-018,Secretaría C,10898.03
OC-04102,2019-02-20,PROV-018,Secretaría C,10898.03
OC-04103,2019-02-20,PROV-018,Secretaría C,10898.03
OC-04104,2019-02-20,PROV-018,Secretaría C,10898.03
OC-04105,2019-02-20,PROV-020,Secretaría F,2584.74
OC-04106,2019-02-20,PROV-020,Secretaría F,2584.74
OC-04107,2019-02-20,PROV-020,Secretaría F,2584.74
OC-04108,2019-02-20,PROV-430,Secretaría E,24200.0
OC-04109,2019-02-20,PROV-046,Secretaría D,1734.1
OC-04110,2019-02-20,PROV-211,Secretaría E,2400.0
OC-04111,2019-02-20,PROV-046,Secretaría D,1734.1
OC-04112,2019-02-20,PROV-020,Secretaría A,1619.95
OC-04113,2019-02-20,PROV-020,Secretaría A,1619.95
OC-04114,2019-02-20,PROV-272,Secretaría A,1200.0
OC-04115,2019-02-20,PROV-272,Secretaría A,6829.92
OC-04116,2019-02-20,PROV-272,Secretaría A,690.0
OC-04117,2019-02-20,PROV-272,Secretaría A,690.0
OC-04118,2019-02-20,PROV-272,Secretaría A,1000.0
OC-04119,2019-02-20,PROV-272,Secretaría A,1000.0
OC-04120,2019-02-20,PROV-017,Secretaría B,15173.0
OC-04121,2019-02-20,PROV-017,Secretaría B,15173.0
OC-04122,2019-02-20,PROV-017,Secretaría B,15173.0
OC-04123,2019-02-20,PROV-020,Secretaría A,1619.95
OC-04124,2019-02-20,PROV-017,Secretaría B,15173.0
OC-04125,2019-02-20,PROV-017,Secretaría B,15173.0
OC-04126,2019-02-20,PROV-017,Secretaría B,15173.0
OC-04127,2019-02-20,PROV-020,Secretaría A,635.0
OC-04128,2019-02-20,PROV-141,Secretaría A,866.93
OC-04129,2019-02-20,PROV-024,Secretaría B,80023.0
OC-04130,2019-02-20,PROV-024,Secretaría B,80023.0
OC-04131,2019-02-20,PROV-024,Secretaría B,80023.0
OC-04132,2019-02-20,PROV-489,Secretaría B,5670.0
OC-04133,2019-02-20,PROV-489,Secretaría B,5670.0
OC-04134,2019-02-20,PROV-068,Secretaría B,131000.0
OC-04135,2019-02-20,PROV-046,Secretaría D,1734.1
OC-04136,2019-02-20,PROV-017,Secretaría B,15173.0
OC-04137,2019-02-20,PROV-020,Secretaría A,734.0
OC-04138,2019-02-20,PROV-068,Secretaría B,131000.0
OC-04139,2019-02-20,PROV-083,Secretaría C,11123.27
OC-04140,2019-02-20,PROV-083,Secretaría C,11123.27
OC-04141,2019-02-20,PROV-046,Secretaría D,1734.1
OC-04142,2019-02-20,PROV-080,Secretaría B,922.8
OC-04143,2019-02-20,PROV-272,Secretaría I,690.0
OC-04144,2019-02-20,PROV-027,Secretaría I,1050.0
OC-04145,2019-02-20,PROV-030,Secretaría A,1180.0
OC-04146,2019-02-20,PROV-083,Secretaría C,11123.27
OC-04147,2019-02-20,PROV-083,Secretaría C,11123.27
OC-04148,2019-02-20,PROV-083,Secretaría C,11123.27
OC-04149,2019-02-20,PROV-083,Secretaría C,11123.27
OC-04150,2019-02-20,PROV-083,Secretaría C,11123.27
OC-04151,2019-02-20,PROV-083,Secretaría C,11123.27
OC-04152,2019-02-20,PROV-046,Secretaría D,1734.1
OC-04153,2019-02-20,PROV-083,Secretaría C,11123.27
OC-04154,2019-02-20,PROV-083,Secretaría C,11123.27
OC-04155,2019-02-20,PROV-083,Secretaría C,11123.27
OC-04156,2019-02-20,PROV-083,Secretaría C,11123.27
OC-04157,2019-02-20,PROV-083,Secretaría C,11123.27
OC-04158,2019-02-20,PROV-083,Secretaría C,11123.27
OC-04159,2019-02-20,PROV-046,Secretaría D,1734.1
OC-04160,2019-02-20,PROV-083,Secretaría C,11123.27
OC-04161,2019-02-20,PROV-083,Secretaría C,11123.27
OC-04162,2019-02-20,PROV-083,Secretaría C,11123.27
OC-04163,2019-02-20,PROV-083,Secretaría C,11123.27
OC-04164,2019-02-20,PROV-083,Secretaría C,11123.27
OC-04165,2019-02-20,PROV-083,Secretaría C,11123.27
OC-04166,2019-02-21,PROV-149,Secretaría F,6100.0
OC-04167,2019-02-21,PROV-074,Secretaría A,670.0
OC-04168,2019-02-21,PROV-034,Secretaría A,4120.0
OC-04169,2019-02-21,PROV-034,Secretaría A,4120.0
OC-04170,2019-02-21,PROV-034,Secretaría A,4120.0
OC-04171,2019-02-21,PROV-034,Secretaría A,4120.0
OC-04172,2019-02-21,PROV-034,Secretaría A,4120.0
OC-04173,2019-02-21,PROV-034,Secretaría A,4120.0
OC-04174,2019-02-21,PROV-034,Secretaría A,4120.0
OC-04175,2019-02-21,PROV-034,Secretaría A,4120.0
OC-04176,2019-02-21,PROV-034,Secretaría A,4120.0
OC-04177,2019-02-21,PROV-034,Secretaría A,4120.0
OC-04178,2019-02-21,PROV-074,Secretaría A,840.0
OC-04179,2019-02-21,PROV-020,Secretaría A,2790.0
OC-04180,2019-02-21,PROV-011,Secretaría B,709.0
OC-04181,2019-02-21,PROV-011,Secretaría B,709.0
OC-04182,2019-02-21,PROV-011,Secretaría B,709.0
OC-04183,2019-02-21,PROV-011,Secretaría B,709.0
OC-04184,2019-02-21,PROV-020,Secretaría A,686.14
OC-04185,2019-02-21,PROV-011,Secretaría B,2295.0
OC-04186,2019-02-21,PROV-398,Secretaría C,2967.5
OC-04187,2019-02-21,PROV-011,Secretaría B,2295.0
OC-04188,2019-02-21,PROV-034,Secretaría A,4120.0
OC-04189,2019-02-21,PROV-011,Secretaría B,709.0
OC-04190,2019-02-21,PROV-046,Secretaría A,2509.68
OC-04191,2019-02-21,PROV-398,Secretaría C,2967.5
OC-04192,2019-02-21,PROV-011,Secretaría B,2295.0
OC-04193,2019-02-21,PROV-055,Secretaría H,1780.0
OC-04194,2019-02-21,PROV-134,Secretaría B,115000.0
OC-04195,2019-02-21,PROV-179,Secretaría B,105000.0
OC-04196,2019-02-21,PROV-320,Secretaría D,1440.0
OC-04197,2019-02-21,PROV-080,Secretaría A,783.3
OC-04198,2019-02-21,PROV-139,Secretaría A,560.0
OC-04199,2019-02-21,PROV-077,Secretaría A,255.0
OC-04200,2019-02-21,PROV-046,Secretaría A,2509.68
OC-04201,2019-02-21,PROV-046,Secretaría A,2509.68
OC-04202,2019-02-21,PROV-046,Secretaría A,2509.68
OC-04203,2019-02-21,PROV-046,Secretaría A,2509.68
OC-04204,2019-02-21,PROV-046,Secretaría A,2509.68
OC-04205,2019-02-21,PROV-046,Secretaría A,2509.68
OC-04206,2019-02-21,PROV-040,Secretaría E,33500.0
OC-04207,2019-02-21,PROV-088,Secretaría E,4800.0
OC-04208,2019-02-21,PROV-066,Secretaría A,2822.0
OC-04209,2019-02-21,PROV-100,Secretaría A,1582.0
OC-04210,2019-02-21,PROV-100,Secretaría A,1582.0
OC-04211,2019-02-21,PROV-413,Secretaría A,6599.0
OC-04212,2019-02-21,PROV-413,Secretaría A,6599.0
OC-04213,2019-02-21,PROV-413,Secretaría A,6599.0
OC-04214,2019-02-21,PROV-398,Secretaría C,2967.5
OC-04215,2019-02-21,PROV-398,Secretaría C,2967.5
OC-04216,2019-02-21,PROV-011,Secretaría B,2295.0
OC-04217,2019-02-21,PROV-033,Secretaría D,25662.0
OC-04218,2019-02-21,PROV-020,Secretaría A,2174.0
OC-04219,2019-02-21,PROV-033,Secretaría D,25662.0
OC-04220,2019-02-21,PROV-082,Secretaría C,36430.0
OC-04221,2019-02-21,PROV-082,Secretaría C,36430.0
OC-04222,2019-02-21,PROV-082,Secretaría C,36430.0
OC-04223,2019-02-21,PROV-082,Secretaría C,36430.0
OC-04224,2019-02-21,PROV-082,Secretaría C,36430.0
OC-04225,2019-02-21,PROV-082,Secretaría C,36430.0
OC-04226,2019-02-21,PROV-082,Secretaría C,36430.0
OC-04227,2019-02-21,PROV-082,Secretaría C,36430.0
OC-04228,2019-02-21,PROV-082,Secretaría C,36430.0
OC-04229,2019-02-21,PROV-082,Secretaría C,36430.0
OC-04230,2019-02-21,PROV-082,Secretaría C,36430.0
OC-04231,2019-02-21,PROV-082,Secretaría C,36430.0
OC-04232,2019-02-21,PROV-082,Secretaría C,36430.0
OC-04233,2019-02-21,PROV-082,Secretaría C,36430.0
OC-04234,2019-02-21,PROV-082,Secretaría C,36430.0
OC-04235,2019-02-21,PROV-082,Secretaría C,36430.0
OC-04236,2019-02-21,PROV-082,Secretaría C,36430.0
OC-04237,2019-02-21,PROV-082,Secretaría C,36430.0
OC-04238,2019-02-21,PROV-082,Secretaría C,36430.0
OC-04239,2019-02-21,PROV-082,Secretaría C,36430.0
OC-04240,2019-02-21,PROV-082,Secretaría C,36430.0
OC-04241,2019-02-21,PROV-077,Secretaría A,240.0
OC-04242,2019-02-21,PROV-033,Secretaría D,25662.0
OC-04243,2019-02-21,PROV-011,Secretaría B,2295.0
OC-04244,2019-02-21,PROV-033,Secretaría D,25662.0
OC-04245,2019-02-21,PROV-033,Secretaría D,25662.0
OC-04246,2019-02-21,PROV-020,Secretaría A,1935.0
OC-04247,2019-02-21,PROV-020,Secretaría A,3113.7
OC-04248,2019-02-21,PROV-020,Secretaría A,3113.7
OC-04249,2019-02-21,PROV-020,Secretaría A,3113.7
OC-04250,2019-02-21,PROV-020,Secretaría A,5200.83
OC-04251,2019-02-21,PROV-020,Secretaría A,5200.83
OC-04252,2019-02-21,PROV-020,Secretaría A,5200.83
OC-04253,2019-02-21,PROV-020,Secretaría A,5200.83
OC-04254,2019-02-21,PROV-020,Secretaría A,5200.83
OC-04255,2019-02-21,PROV-020,Secretaría A,1557.83
OC-04256,2019-02-21,PROV-020,Secretaría A,1557.83
OC-04257,2019-02-21,PROV-020,Secretaría A,1557.83
OC-04258,2019-02-21,PROV-020,Secretaría A,3125.0
OC-04259,2019-02-21,PROV-034,Secretaría A,2100.0
OC-04260,2019-02-21,PROV-020,Secretaría A,2655.56
OC-04261,2019-02-21,PROV-020,Secretaría A,2655.56
OC-04262,2019-02-21,PROV-141,Secretaría A,2448.0
OC-04263,2019-02-21,PROV-141,Secretaría A,2448.0
OC-04264,2019-02-21,PROV-033,Secretaría D,25662.0
OC-04265,2019-02-21,PROV-033,Secretaría D,25662.0
OC-04266,2019-02-21,PROV-033,Secretaría D,25662.0
OC-04267,2019-02-21,PROV-033,Secretaría D,25662.0
OC-04268,2019-02-21,PROV-033,Secretaría D,25662.0
OC-04269,2019-02-21,PROV-033,Secretaría D,25662.0
OC-04270,2019-02-21,PROV-371,Secretaría A,388.38
OC-04271,2019-02-21,PROV-139,Secretaría G,139.0
OC-04272,2019-02-21,PROV-046,Secretaría A,1988.4
OC-04273,2019-02-21,PROV-032,Secretaría C,1872.75
OC-04274,2019-02-21,PROV-032,Secretaría C,1872.75
OC-04275,2019-02-21,PROV-032,Secretaría C,1872.75
OC-04276,2019-02-21,PROV-139,Secretaría C,388.0
OC-04277,2019-02-21,PROV-032,Secretaría C,381.34
OC-04278,2019-02-21,PROV-032,Secretaría C,381.34
OC-04279,2019-02-21,PROV-032,Secretaría C,381.34
OC-04280,2019-02-21,PROV-414,Secretaría C,2080.0
OC-04281,2019-02-21,PROV-139,Secretaría B,1206.0
OC-04282,2019-02-21,PROV-139,Secretaría B,1206.0
OC-04283,2019-02-21,PROV-046,Secretaría C,2840.95
OC-04284,2019-02-21,PROV-139,Secretaría B,1206.0
OC-04285,2019-02-21,PROV-077,Secretaría B,1110.0
OC-04286,2019-02-21,PROV-080,Secretaría B,401.7
OC-04287,2019-02-21,PROV-046,Secretaría B,4674.2
OC-04288,2019-02-21,PROV-046,Secretaría B,4674.2
OC-04289,2019-02-21,PROV-046,Secretaría B,4674.2
OC-04290,2019-02-21,PROV-046,Secretaría B,4674.2
OC-04291,2019-02-21,PROV-046,Secretaría B,4674.2
OC-04292,2019-02-21,PROV-046,Secretaría B,4674.2
OC-04293,2019-02-21,PROV-046,Secretaría B,4674.2
OC-04294,2019-02-21,PROV-046,Secretaría B,4674.2
OC-04295,2019-02-21,PROV-139,Secretaría B,1206.0
OC-04296,2019-02-21,PROV-046,Secretaría C,2840.95
OC-04297,2019-02-21,PROV-046,Secretaría C,2840.95
OC-04298,2019-02-21,PROV-046,Secretaría C,2840.95
OC-04299,2019-02-21,PROV-032,Secretaría D,324.36
OC-04300,2019-02-21,PROV-032,Secretaría D,324.36
OC-04301,2019-02-21,PROV-371,Secretaría D,584.54
OC-04302,2019-02-21,PROV-371,Secretaría D,584.54
OC-04303,2019-02-21,PROV-371,Secretaría D,584.54
OC-04304,2019-02-21,PROV-046,Secretaría D,2288.64
OC-04305,2019-02-21,PROV-046,Secretaría D,2288.64
OC-04306,2019-02-21,PROV-046,Secretaría D,2288.64
OC-04307,2019-02-21,PROV-046,Secretaría D,2288.64
OC-04308,2019-02-21,PROV-046,Secretaría D,2288.64
OC-04309,2019-02-21,PROV-046,Secretaría D,2288.64
OC-04310,2019-02-21,PROV-046,Secretaría D,2288.64
OC-04311,2019-02-21,PROV-046,Secretaría D,2288.64
OC-04312,2019-02-21,PROV-046,Secretaría D,2288.64
OC-04313,2019-02-21,PROV-046,Secretaría D,2288.64
OC-04314,2019-02-21,PROV-046,Secretaría D,2288.64
OC-04315,2019-02-21,PROV-046,Secretaría D,2288.64
OC-04316,2019-02-21,PROV-046,Secretaría D,2288.64
OC-04317,2019-02-21,PROV-139,Secretaría D,990.0
OC-04318,2019-02-21,PROV-139,Secretaría D,990.0
OC-04319,2019-02-21,PROV-139,Secretaría D,990.0
OC-04320,2019-02-21,PROV-077,Secretaría D,350.0
OC-04321,2019-02-21,PROV-046,Secretaría C,2840.95
OC-04322,2019-02-21,PROV-046,Secretaría B,4674.2
OC-04323,2019-02-21,PROV-046,Secretaría B,4674.2
OC-04324,2019-02-21,PROV-077,Secretaría B,1110.0
OC-04325,2019-02-21,PROV-046,Secretaría B,4674.2
OC-04326,2019-02-21,PROV-139,Secretaría C,214.0
OC-04327,2019-02-21,PROV-371,Secretaría C,731.44
OC-04328,2019-02-21,PROV-371,Secretaría C,731.44
OC-04329,2019-02-21,PROV-036,Secretaría B,134520.0
OC-04330,2019-02-21,PROV-071,Secretaría B,134050.0
OC-04331,2019-02-21,PROV-180,Secretaría B,105000.0
OC-04332,2019-02-21,PROV-139,Secretaría A,220.0
OC-04333,2019-02-21,PROV-117,Secretaría B,127500.0
OC-04334,2019-02-21,PROV-080,Secretaría A,392.84
OC-04335,2019-02-21,PROV-046,Secretaría B,4674.2
OC-04336,2019-02-21,PROV-032,Secretaría A,936.95
OC-04337,2019-02-21,PROV-032,Secretaría A,936.95
OC-04338,2019-02-21,PROV-032,Secretaría A,936.95
OC-04339,2019-02-21,PROV-046,Secretaría A,1988.4
OC-04340,2019-02-21,PROV-046,Secretaría A,1988.4
OC-04341,2019-02-21,PROV-046,Secretaría A,1988.4
OC-04342,2019-02-21,PROV-046,Secretaría A,1988.4
OC-04343,2019-02-21,PROV-046,Secretaría A,1988.4
OC-04344,2019-02-21,PROV-046,Secretaría A,1988.4
OC-04345,2019-02-21,PROV-046,Secretaría A,1988.4
OC-04346,2019-02-21,PROV-046,Secretaría A,1988.4
OC-04347,2019-02-21,PROV-046,Secretaría A,1988.4
OC-04348,2019-02-21,PROV-046,Secretaría A,1988.4
OC-04349,2019-02-21,PROV-139,Secretaría C,214.0
OC-04350,2019-02-21,PROV-032,Secretaría C,849.26
OC-04351,2019-02-21,PROV-080,Secretaría A,392.84
OC-04352,2019-02-21,PROV-032,Secretaría C,849.26
OC-04353,2019-02-21,PROV-032,Secretaría C,849.26
OC-04354,2019-02-21,PROV-046,Secretaría B,4674.2
OC-04355,2019-02-21,PROV-046,Secretaría B,4674.2
OC-04356,2019-02-21,PROV-032,Secretaría B,689.28
OC-04357,2019-02-21,PROV-032,Secretaría B,689.28
OC-04358,2019-02-21,PROV-032,Secretaría B,689.28
OC-04359,2019-02-21,PROV-046,Secretaría A,1988.4
OC-04360,2019-02-21,PROV-139,Secretaría G,139.0
OC-04361,2019-02-21,PROV-032,Secretaría G,112.32
OC-04362,2019-02-21,PROV-371,Secretaría G,115.2
OC-04363,2019-02-21,PROV-046,Secretaría G,547.61
OC-04364,2019-02-21,PROV-139,Secretaría G,139.0
OC-04365,2019-02-21,PROV-032,Secretaría C,849.26
OC-04366,2019-02-21,PROV-032,Secretaría C,849.26
OC-04367,2019-02-21,PROV-046,Secretaría G,547.61
OC-04368,2019-02-21,PROV-046,Secretaría C,52.5
OC-04369,2019-02-21,PROV-010,Secretaría H,3979.0
OC-04370,2019-02-21,PROV-034,Secretaría B,1580.0
OC-04371,2019-02-21,PROV-034,Secretaría B,1580.0
OC-04372,2019-02-21,PROV-046,Secretaría G,547.61
OC-04373,2019-02-21,PROV-046,Secretaría G,547.61
OC-04374,2019-02-21,PROV-046,Secretaría G,547.61
OC-04375,2019-02-21,PROV-046,Secretaría G,547.61
OC-04376,2019-02-21,PROV-005,Secretaría B,5760.0
OC-04377,2019-02-22,PROV-023,Secretaría G,36136.0
OC-04378,2019-02-22,PROV-023,Secretaría G,36136.0
OC-04379,2019-02-22,PROV-023,Secretaría G,36136.0
OC-04380,2019-02-22,PROV-023,Secretaría G,36136.0
OC-04381,2019-02-22,PROV-023,Secretaría G,36136.0
OC-04382,2019-02-22,PROV-023,Secretaría G,36136.0
OC-04383,2019-02-22,PROV-023,Secretaría G,36136.0
OC-04384,2019-02-22,PROV-023,Secretaría G,36136.0
OC-04385,2019-02-22,PROV-023,Secretaría G,36136.0
OC-04386,2019-02-22,PROV-023,Secretaría G,36136.0
OC-04387,2019-02-22,PROV-023,Secretaría G,36136.0
OC-04388,2019-02-22,PROV-023,Secretaría G,36136.0
OC-04389,2019-02-22,PROV-023,Secretaría G,2275.0
OC-04390,2019-02-22,PROV-023,Secretaría G,36136.0
OC-04391,2019-02-22,PROV-023,Secretaría G,36136.0
OC-04392,2019-02-22,PROV-023,Secretaría G,36136.0
OC-04393,2019-02-22,PROV-023,Secretaría G,36136.0
OC-04394,2019-02-22,PROV-023,Secretaría G,36136.0
OC-04395,2019-02-22,PROV-023,Secretaría G,2275.0
OC-04396,2019-02-22,PROV-023,Secretaría G,2275.0
OC-04397,2019-02-22,PROV-023,Secretaría G,2275.0
OC-04398,2019-02-22,PROV-023,Secretaría G,2275.0
OC-04399,2019-02-22,PROV-023,Secretaría G,2275.0
OC-04400,2019-02-22,PROV-023,Secretaría G,36136.0
OC-04401,2019-02-22,PROV-023,Secretaría G,36136.0
OC-04402,2019-02-22,PROV-023,Secretaría G,36136.0
OC-04403,2019-02-22,PROV-007,Secretaría B,1863.0
OC-04404,2019-02-22,PROV-050,Secretaría B,7142.0
OC-04405,2019-02-22,PROV-050,Secretaría B,7142.0
OC-04406,2019-02-22,PROV-218,Secretaría B,550.0
OC-04407,2019-02-22,PROV-476,Secretaría C,30000.0
OC-04408,2019-02-22,PROV-047,Secretaría D,2026.5
OC-04409,2019-02-22,PROV-113,Secretaría C,3849.46
OC-04410,2019-02-22,PROV-113,Secretaría C,3849.46
OC-04411,2019-02-22,PROV-050,Secretaría C,3571.0
OC-04412,2019-02-22,PROV-050,Secretaría C,3571.0
OC-04413,2019-02-22,PROV-050,Secretaría C,3571.0
OC-04414,2019-02-22,PROV-050,Secretaría C,3571.0
OC-04415,2019-02-22,PROV-050,Secretaría C,3571.0
OC-04416,2019-02-22,PROV-448,Secretaría C,40690.0
OC-04417,2019-02-22,PROV-030,Secretaría C,3350.0
OC-04418,2019-02-22,PROV-050,Secretaría B,7142.0
OC-04419,2019-02-22,PROV-027,Secretaría G,3680.0
OC-04420,2019-02-22,PROV-050,Secretaría B,7142.0
OC-04421,2019-02-22,PROV-050,Secretaría B,7142.0
OC-04422,2019-02-22,PROV-050,Secretaría B,7142.0
OC-04423,2019-02-22,PROV-050,Secretaría B,7142.0
OC-04424,2019-02-22,PROV-246,Secretaría G,5142.34
OC-04425,2019-02-22,PROV-246,Secretaría G,5142.34
OC-04426,2019-02-22,PROV-246,Secretaría G,5142.34
OC-04427,2019-02-22,PROV-007,Secretaría B,1863.0
OC-04428,2019-02-22,PROV-175,Secretaría D,2740.0
OC-04429,2019-02-25,PROV-027,Secretaría B,4134.0
OC-04430,2019-02-25,PROV-096,Secretaría C,3451.48
OC-04431,2019-02-25,PROV-096,Secretaría C,3451.48
OC-04432,2019-02-25,PROV-096,Secretaría C,3451.48
OC-04433,2019-02-25,PROV-096,Secretaría C,3451.48
OC-04434,2019-02-25,PROV-096,Secretaría C,3451.48
OC-04435,2019-02-25,PROV-096,Secretaría C,3451.48
OC-04436,2019-02-25,PROV-096,Secretaría C,3451.48
OC-04437,2019-02-25,PROV-096,Secretaría C,3451.48
OC-04438,2019-02-25,PROV-096,Secretaría C,3451.48
OC-04439,2019-02-25,PROV-096,Secretaría C,3451.48
OC-04440,2019-02-25,PROV-096,Secretaría C,3451.48
OC-04441,2019-02-25,PROV-096,Secretaría C,3451.48
OC-04442,2019-02-25,PROV-096,Secretaría C,3451.48
OC-04443,2019-02-25,PROV-096,Secretaría C,3451.48
OC-04444,2019-02-25,PROV-096,Secretaría C,10535.13
OC-04445,2019-02-25,PROV-096,Secretaría C,3451.48
OC-04446,2019-02-25,PROV-096,Secretaría C,10535.13
OC-04447,2019-02-25,PROV-096,Secretaría C,10535.13
OC-04448,2019-02-25,PROV-096,Secretaría C,10535.13
OC-04449,2019-02-25,PROV-096,Secretaría C,10535.13
OC-04450,2019-02-25,PROV-096,Secretaría C,10535.13
OC-04451,2019-02-25,PROV-096,Secretaría C,10535.13
OC-04452,2019-02-25,PROV-096,Secretaría C,10535.13
OC-04453,2019-02-25,PROV-096,Secretaría C,10535.13
OC-04454,2019-02-25,PROV-096,Secretaría C,10535.13
OC-04455,2019-02-25,PROV-096,Secretaría C,10535.13
OC-04456,2019-02-25,PROV-096,Secretaría C,3451.48
OC-04457,2019-02-25,PROV-096,Secretaría C,10535.13
OC-04458,2019-02-25,PROV-096,Secretaría C,10535.13
OC-04459,2019-02-25,PROV-096,Secretaría C,10535.13
OC-04460,2019-02-25,PROV-096,Secretaría C,10535.13
OC-04461,2019-02-25,PROV-096,Secretaría C,10535.13
OC-04462,2019-02-25,PROV-096,Secretaría C,10535.13
OC-04463,2019-02-25,PROV-096,Secretaría C,10535.13
OC-04464,2019-02-25,PROV-096,Secretaría C,10535.13
OC-04465,2019-02-25,PROV-096,Secretaría C,10535.13
OC-04466,2019-02-25,PROV-096,Secretaría C,10535.13
OC-04467,2019-02-25,PROV-096,Secretaría C,3451.48
OC-04468,2019-02-25,PROV-047,Secretaría H,2784.35
OC-04469,2019-02-25,PROV-096,Secretaría C,3451.48
OC-04470,2019-02-25,PROV-096,Secretaría G,2162.31
OC-04471,2019-02-25,PROV-096,Secretaría G,2162.31
OC-04472,2019-02-25,PROV-096,Secretaría G,2162.31
OC-04473,2019-02-25,PROV-096,Secretaría G,2162.31
OC-04474,2019-02-25,PROV-096,Secretaría G,2162.31
OC-04475,2019-02-25,PROV-096,Secretaría G,2162.31
OC-04476,2019-02-25,PROV-084,Secretaría B,19230.0
OC-04477,2019-02-25,PROV-199,Secretaría E,135000.0
OC-04478,2019-02-25,PROV-084,Secretaría B,22640.0
OC-04479,2019-02-25,PROV-084,Secretaría B,22640.0
OC-04480,2019-02-25,PROV-027,Secretaría B,1921.18
OC-04481,2019-02-25,PROV-320,Secretaría B,2200.0
OC-04482,2019-02-25,PROV-222,Secretaría B,29730.0
OC-04483,2019-02-25,PROV-070,Secretaría C,956.0
OC-04484,2019-02-25,PROV-121,Secretaría C,64200.0
OC-04485,2019-02-25,PROV-389,Secretaría A,2500.0
OC-04486,2019-02-25,PROV-096,Secretaría C,10535.13
OC-04487,2019-02-25,PROV-096,Secretaría G,2162.31
OC-04488,2019-02-25,PROV-096,Secretaría C,3451.48
OC-04489,2019-02-25,PROV-096,Secretaría G,2162.31
OC-04490,2019-02-25,PROV-096,Secretaría G,2162.31
OC-04491,2019-02-25,PROV-096,Secretaría C,3451.48
OC-04492,2019-02-25,PROV-096,Secretaría C,3451.48
OC-04493,2019-02-25,PROV-096,Secretaría C,3451.48
OC-04494,2019-02-25,PROV-096,Secretaría C,3451.48
OC-04495,2019-02-25,PROV-096,Secretaría C,3451.48
OC-04496,2019-02-25,PROV-096,Secretaría C,3451.48
OC-04497,2019-02-25,PROV-096,Secretaría C,3451.48
OC-04498,2019-02-25,PROV-096,Secretaría C,3451.48
OC-04499,2019-02-25,PROV-047,Secretaría H,2784.35
OC-04500,2019-02-25,PROV-047,Secretaría H,2784.35
OC-04501,2019-02-25,PROV-047,Secretaría H,2784.35
OC-04502,2019-02-25,PROV-047,Secretaría H,2784.35
OC-04503,2019-02-25,PROV-047,Secretaría H,2784.35
OC-04504,2019-02-25,PROV-047,Secretaría H,2784.35
OC-04505,2019-02-25,PROV-047,Secretaría H,2784.35
OC-04506,2019-02-25,PROV-047,Secretaría H,2784.35
OC-04507,2019-02-25,PROV-096,Secretaría G,2162.31
OC-04508,2019-02-25,PROV-096,Secretaría G,2162.31
OC-04509,2019-02-25,PROV-096,Secretaría C,10535.13
OC-04510,2019-02-25,PROV-096,Secretaría C,10535.13
OC-04511,2019-02-25,PROV-096,Secretaría C,10535.13
OC-04512,2019-02-25,PROV-096,Secretaría C,1709.42
OC-04513,2019-02-25,PROV-096,Secretaría C,1709.42
OC-04514,2019-02-25,PROV-096,Secretaría C,1709.42
OC-04515,2019-02-25,PROV-096,Secretaría C,1709.42
OC-04516,2019-02-25,PROV-096,Secretaría C,1709.42
OC-04517,2019-02-25,PROV-018,Secretaría C,7813.65
OC-04518,2019-02-25,PROV-018,Secretaría C,7813.65
OC-04519,2019-02-25,PROV-018,Secretaría C,7813.65
OC-04520,2019-02-25,PROV-018,Secretaría C,7813.65
OC-04521,2019-02-25,PROV-018,Secretaría C,7813.65
OC-04522,2019-02-25,PROV-018,Secretaría C,7813.65
OC-04523,2019-02-25,PROV-018,Secretaría C,7813.65
OC-04524,2019-02-25,PROV-033,Secretaría C,6733.02
OC-04525,2019-02-25,PROV-033,Secretaría C,6733.02
OC-04526,2019-02-25,PROV-033,Secretaría C,6733.02
OC-04527,2019-02-25,PROV-033,Secretaría C,6733.02
OC-04528,2019-02-25,PROV-033,Secretaría C,6733.02
OC-04529,2019-02-25,PROV-096,Secretaría C,1709.42
OC-04530,2019-02-25,PROV-033,Secretaría C,6733.02
OC-04531,2019-02-25,PROV-096,Secretaría C,1709.42
OC-04532,2019-02-25,PROV-096,Secretaría C,1709.42
OC-04533,2019-02-25,PROV-096,Secretaría C,10535.13
OC-04534,2019-02-25,PROV-232,Secretaría C,38998.0
OC-04535,2019-02-25,PROV-232,Secretaría C,38998.0
OC-04536,2019-02-25,PROV-055,Secretaría G,490.0
OC-04537,2019-02-25,PROV-472,Secretaría I,2500.0
OC-04538,2019-02-25,PROV-418,Secretaría C,31433.38
OC-04539,2019-02-25,PROV-102,Secretaría D,96800.0
OC-04540,2019-02-25,PROV-218,Secretaría C,1000.0
OC-04541,2019-02-25,PROV-045,Secretaría B,1579.1
OC-04542,2019-02-25,PROV-087,Secretaría B,10970.0
OC-04543,2019-02-25,PROV-127,Secretaría B,34200.0
OC-04544,2019-02-25,PROV-127,Secretaría B,5324.0
OC-04545,2019-02-25,PROV-096,Secretaría C,1709.42
OC-04546,2019-02-25,PROV-096,Secretaría C,1709.42
OC-04547,2019-02-25,PROV-096,Secretaría C,1709.42
OC-04548,2019-02-25,PROV-096,Secretaría C,1709.42
OC-04549,2019-02-25,PROV-096,Secretaría C,1709.42
OC-04550,2019-02-25,PROV-096,Secretaría C,1709.42
OC-04551,2019-02-25,PROV-021,Secretaría G,2000.0
OC-04552,2019-02-25,PROV-096,Secretaría C,1709.42
OC-04553,2019-02-25,PROV-021,Secretaría G,2000.0
OC-04554,2019-02-25,PROV-096,Secretaría C,10535.13
OC-04555,2019-02-25,PROV-096,Secretaría C,10535.13
OC-04556,2019-02-25,PROV-096,Secretaría C,10535.13
OC-04557,2019-02-25,PROV-096,Secretaría C,10535.13
OC-04558,2019-02-25,PROV-096,Secretaría C,10535.13
OC-04559,2019-02-25,PROV-096,Secretaría C,10535.13
OC-04560,2019-02-25,PROV-096,Secretaría C,10535.13
OC-04561,2019-02-25,PROV-096,Secretaría C,10535.13
OC-04562,2019-02-25,PROV-096,Secretaría C,10535.13
OC-04563,2019-02-25,PROV-096,Secretaría C,10535.13
OC-04564,2019-02-25,PROV-096,Secretaría C,10535.13
OC-04565,2019-02-25,PROV-096,Secretaría C,10535.13
OC-04566,2019-02-25,PROV-096,Secretaría C,10535.13
OC-04567,2019-02-25,PROV-096,Secretaría C,10535.13
OC-04568,2019-02-25,PROV-096,Secretaría C,10535.13
OC-04569,2019-02-25,PROV-021,Secretaría G,2000.0
OC-04570,2019-02-25,PROV-096,Secretaría C,10535.13
OC-04571,2019-02-25,PROV-033,Secretaría C,8695.0
OC-04572,2019-02-25,PROV-033,Secretaría C,8695.0
OC-04573,2019-02-25,PROV-096,Secretaría C,10535.13
OC-04574,2019-02-25,PROV-021,Secretaría G,2000.0
OC-04575,2019-02-25,PROV-021,Secretaría G,2000.0
OC-04576,2019-02-25,PROV-021,Secretaría G,2000.0
OC-04577,2019-02-25,PROV-033,Secretaría C,8695.0
OC-04578,2019-02-25,PROV-021,Secretaría G,2000.0
OC-04579,2019-02-25,PROV-021,Secretaría G,2000.0
OC-04580,2019-02-25,PROV-021,Secretaría G,2000.0
OC-04581,2019-02-25,PROV-021,Secretaría G,2000.0
OC-04582,2019-02-25,PROV-021,Secretaría G,2000.0
OC-04583,2019-02-25,PROV-021,Secretaría G,2000.0
OC-04584,2019-02-25,PROV-021,Secretaría G,2000.0
OC-04585,2019-02-25,PROV-096,Secretaría C,1609.2
OC-04586,2019-02-25,PROV-096,Secretaría C,1609.2
OC-04587,2019-02-25,PROV-096,Secretaría C,1609.2
OC-04588,2019-02-25,PROV-127,Secretaría B,20760.0
OC-04589,2019-02-25,PROV-127,Secretaría B,20760.0
OC-04590,2019-02-25,PROV-033,Secretaría C,8695.0
OC-04591,2019-02-25,PROV-033,Secretaría C,8695.0
OC-04592,2019-02-25,PROV-021,Secretaría G,2000.0
OC-04593,2019-02-26,PROV-002,Secretaría C,85401.5
OC-04594,2019-02-26,PROV-002,Secretaría C,85401.5
OC-04595,2019-02-26,PROV-002,Secretaría C,85401.5
OC-04596,2019-02-26,PROV-002,Secretaría C,85401.5
OC-04597,2019-02-26,PROV-002,Secretaría C,85401.5
OC-04598,2019-02-26,PROV-002,Secretaría C,85401.5
OC-04599,2019-02-26,PROV-002,Secretaría C,85401.5
OC-04600,2019-02-26,PROV-002,Secretaría C,85401.5
OC-04601,2019-02-26,PROV-002,Secretaría C,14014.5
OC-04602,2019-02-26,PROV-002,Secretaría C,85401.5
OC-04603,2019-02-26,PROV-002,Secretaría C,85401.5
OC-04604,2019-02-26,PROV-002,Secretaría C,85401.5
OC-04605,2019-02-26,PROV-002,Secretaría C,14014.5
OC-04606,2019-02-26,PROV-002,Secretaría C,14014.5
OC-04607,2019-02-26,PROV-002,Secretaría C,14014.5
OC-04608,2019-02-26,PROV-002,Secretaría C,14014.5
OC-04609,2019-02-26,PROV-002,Secretaría C,85401.5
OC-04610,2019-02-26,PROV-002,Secretaría C,85401.5
OC-04611,2019-02-26,PROV-002,Secretaría C,85401.5
OC-04612,2019-02-26,PROV-002,Secretaría C,85401.5
OC-04613,2019-02-26,PROV-002,Secretaría C,85401.5
OC-04614,2019-02-26,PROV-002,Secretaría C,14014.5
OC-04615,2019-02-26,PROV-002,Secretaría C,85401.5
OC-04616,2019-02-26,PROV-002,Secretaría C,85401.5
OC-04617,2019-02-26,PROV-002,Secretaría C,85401.5
OC-04618,2019-02-26,PROV-002,Secretaría C,85401.5
OC-04619,2019-02-26,PROV-002,Secretaría C,85401.5
OC-04620,2019-02-26,PROV-002,Secretaría C,85401.5
OC-04621,2019-02-26,PROV-002,Secretaría C,85401.5
OC-04622,2019-02-26,PROV-002,Secretaría C,85401.5
OC-04623,2019-02-26,PROV-002,Secretaría C,85401.5
OC-04624,2019-02-26,PROV-002,Secretaría C,85401.5
OC-04625,2019-02-26,PROV-002,Secretaría C,85401.5
OC-04626,2019-02-26,PROV-002,Secretaría C,85401.5
OC-04627,2019-02-26,PROV-002,Secretaría C,85401.5
OC-04628,2019-02-26,PROV-002,Secretaría C,85401.5
OC-04629,2019-02-26,PROV-002,Secretaría C,85401.5
OC-04630,2019-02-26,PROV-002,Secretaría C,85401.5
OC-04631,2019-02-26,PROV-002,Secretaría C,85401.5
OC-04632,2019-02-26,PROV-002,Secretaría C,85401.5
OC-04633,2019-02-26,PROV-002,Secretaría C,14014.5
OC-04634,2019-02-26,PROV-002,Secretaría C,22233.0
OC-04635,2019-02-26,PROV-002,Secretaría C,14014.5
OC-04636,2019-02-26,PROV-002,Secretaría C,22233.0
OC-04637,2019-02-26,PROV-002,Secretaría C,22233.0
OC-04638,2019-02-26,PROV-002,Secretaría C,22233.0
OC-04639,2019-02-26,PROV-002,Secretaría C,22233.0
OC-04640,2019-02-26,PROV-002,Secretaría C,22233.0
OC-04641,2019-02-26,PROV-002,Secretaría C,22233.0
OC-04642,2019-02-26,PROV-002,Secretaría C,22233.0
OC-04643,2019-02-26,PROV-002,Secretaría C,22233.0
OC-04644,2019-02-26,PROV-002,Secretaría C,22233.0
OC-04645,2019-02-26,PROV-002,Secretaría C,22233.0
OC-04646,2019-02-26,PROV-002,Secretaría C,22233.0
OC-04647,2019-02-26,PROV-002,Secretaría C,22233.0
OC-04648,2019-02-26,PROV-002,Secretaría C,22233.0
OC-04649,2019-02-26,PROV-002,Secretaría C,22233.0
OC-04650,2019-02-26,PROV-002,Secretaría C,22233.0
OC-04651,2019-02-26,PROV-002,Secretaría C,85401.5
OC-04652,2019-02-26,PROV-002,Secretaría C,22233.0
OC-04653,2019-02-26,PROV-002,Secretaría C,22233.0
OC-04654,2019-02-26,PROV-002,Secretaría C,22233.0
OC-04655,2019-02-26,PROV-002,Secretaría C,22233.0
OC-04656,2019-02-26,PROV-002,Secretaría C,22233.0
OC-04657,2019-02-26,PROV-002,Secretaría C,22233.0
OC-04658,2019-02-26,PROV-002,Secretaría C,14014.5
OC-04659,2019-02-26,PROV-002,Secretaría C,14014.5
OC-04660,2019-02-26,PROV-002,Secretaría C,14014.5
OC-04661,2019-02-26,PROV-002,Secretaría C,14014.5
OC-04662,2019-02-26,PROV-002,Secretaría C,14014.5
OC-04663,2019-02-26,PROV-002,Secretaría C,14014.5
OC-04664,2019-02-26,PROV-002,Secretaría C,14014.5
OC-04665,2019-02-26,PROV-002,Secretaría C,14014.5
OC-04666,2019-02-26,PROV-002,Secretaría C,14014.5
OC-04667,2019-02-26,PROV-002,Secretaría C,14014.5
OC-04668,2019-02-26,PROV-002,Secretaría C,14014.5
OC-04669,2019-02-26,PROV-002,Secretaría C,14014.5
OC-04670,2019-02-26,PROV-002,Secretaría C,14014.5
OC-04671,2019-02-26,PROV-002,Secretaría C,14014.5
OC-04672,2019-02-26,PROV-002,Secretaría C,22233.0
OC-04673,2019-02-26,PROV-002,Secretaría C,22233.0
OC-04674,2019-02-26,PROV-002,Secretaría C,22233.0
OC-04675,2019-02-26,PROV-002,Secretaría C,22233.0
OC-04676,2019-02-26,PROV-002,Secretaría C,22233.0
OC-04677,2019-02-26,PROV-002,Secretaría C,14014.5
OC-04678,2019-02-26,PROV-002,Secretaría C,85401.5
OC-04679,2019-02-26,PROV-002,Secretaría C,62343.0
OC-04680,2019-02-26,PROV-002,Secretaría C,85401.5
OC-04681,2019-02-26,PROV-002,Secretaría C,62343.0
OC-04682,2019-02-26,PROV-002,Secretaría C,62343.0
OC-04683,2019-02-26,PROV-002,Secretaría C,62343.0
OC-04684,2019-02-26,PROV-002,Secretaría C,62343.0
OC-04685,2019-02-26,PROV-002,Secretaría C,62343.0
OC-04686,2019-02-26,PROV-002,Secretaría C,62343.0
OC-04687,2019-02-26,PROV-002,Secretaría C,62343.0
OC-04688,2019-02-26,PROV-002,Secretaría C,62343.0
OC-04689,2019-02-26,PROV-002,Secretaría C,62343.0
OC-04690,2019-02-26,PROV-002,Secretaría C,62343.0
OC-04691,2019-02-26,PROV-002,Secretaría C,62343.0
OC-04692,2019-02-26,PROV-002,Secretaría C,62343.0
OC-04693,2019-02-26,PROV-002,Secretaría C,62343.0
OC-04694,2019-02-26,PROV-002,Secretaría C,62343.0
OC-04695,2019-02-26,PROV-002,Secretaría C,62343.0
OC-04696,2019-02-26,PROV-002,Secretaría C,62343.0
OC-04697,2019-02-26,PROV-002,Secretaría C,62343.0
OC-04698,2019-02-26,PROV-002,Secretaría C,62343.0
OC-04699,2019-02-26,PROV-002,Secretaría C,62343.0
OC-04700,2019-02-26,PROV-002,Secretaría C,62343.0
OC-04701,2019-02-26,PROV-002,Secretaría C,62343.0
OC-04702,2019-02-26,PROV-002,Secretaría C,1495.0
OC-04703,2019-02-26,PROV-002,Secretaría C,22233.0
OC-04704,2019-02-26,PROV-103,Secretaría B,9450.0
OC-04705,2019-02-26,PROV-090,Secretaría A,5273.54
OC-04706,2019-02-26,PROV-090,Secretaría A,5273.54
OC-04707,2019-02-26,PROV-090,Secretaría A,5273.54
OC-04708,2019-02-26,PROV-050,Secretaría A,7000.0
OC-04709,2019-02-26,PROV-002,Secretaría C,28875.0
OC-04710,2019-02-26,PROV-002,Secretaría C,10115.0
OC-04711,2019-02-26,PROV-002,Secretaría C,62343.0
OC-04712,2019-02-26,PROV-002,Secretaría C,10115.0
OC-04713,2019-02-26,PROV-002,Secretaría C,10115.0
OC-04714,2019-02-26,PROV-002,Secretaría C,10115.0
OC-04715,2019-02-26,PROV-002,Secretaría C,10115.0
OC-04716,2019-02-26,PROV-002,Secretaría C,10115.0
OC-04717,2019-02-26,PROV-002,Secretaría C,10115.0
OC-04718,2019-02-26,PROV-002,Secretaría C,10115.0
OC-04719,2019-02-26,PROV-002,Secretaría C,1495.0
OC-04720,2019-02-26,PROV-002,Secretaría C,1495.0
OC-04721,2019-02-26,PROV-002,Secretaría C,10115.0
OC-04722,2019-02-26,PROV-002,Secretaría C,62343.0
OC-04723,2019-02-26,PROV-002,Secretaría C,62343.0
OC-04724,2019-02-26,PROV-002,Secretaría C,62343.0
OC-04725,2019-02-26,PROV-002,Secretaría C,6642.5
OC-04726,2019-02-26,PROV-002,Secretaría C,6642.5
OC-04727,2019-02-26,PROV-002,Secretaría C,6642.5
OC-04728,2019-02-26,PROV-002,Secretaría C,85401.5
OC-04729,2019-02-26,PROV-002,Secretaría C,85401.5
OC-04730,2019-02-26,PROV-002,Secretaría C,85401.5
OC-04731,2019-02-26,PROV-002,Secretaría C,85401.5
OC-04732,2019-02-26,PROV-002,Secretaría C,85401.5
OC-04733,2019-02-26,PROV-002,Secretaría C,6642.5
OC-04734,2019-02-26,PROV-002,Secretaría C,85401.5
OC-04735,2019-02-26,PROV-002,Secretaría C,85401.5
OC-04736,2019-02-26,PROV-002,Secretaría C,85401.5
OC-04737,2019-02-26,PROV-002,Secretaría C,85401.5
OC-04738,2019-02-26,PROV-002,Secretaría C,85401.5
OC-04739,2019-02-26,PROV-002,Secretaría C,85401.5
OC-04740,2019-02-26,PROV-002,Secretaría C,85401.5
OC-04741,2019-02-26,PROV-002,Secretaría C,85401.5
OC-04742,2019-02-26,PROV-002,Secretaría C,85401.5
OC-04743,2019-02-26,PROV-002,Secretaría C,85401.5
OC-04744,2019-02-26,PROV-002,Secretaría C,6642.5
OC-04745,2019-02-26,PROV-002,Secretaría C,6642.5
OC-04746,2019-02-26,PROV-103,Secretaría C,25380.0
OC-04747,2019-02-26,PROV-002,Secretaría C,62343.0
OC-04748,2019-02-26,PROV-002,Secretaría C,62343.0
OC-04749,2019-02-26,PROV-002,Secretaría C,62343.0
OC-04750,2019-02-26,PROV-002,Secretaría C,62343.0
OC-04751,2019-02-26,PROV-002,Secretaría C,62343.0
OC-04752,2019-02-26,PROV-002,Secretaría C,62343.0
OC-04753,2019-02-26,PROV-002,Secretaría C,62343.0
OC-04754,2019-02-26,PROV-002,Secretaría C,62343.0
OC-04755,2019-02-26,PROV-002,Secretaría C,62343.0
OC-04756,2019-02-26,PROV-002,Secretaría C,62343.0
OC-04757,2019-02-26,PROV-002,Secretaría C,62343.0
OC-04758,2019-02-26,PROV-002,Secretaría C,62343.0
OC-04759,2019-02-26,PROV-002,Secretaría C,62343.0
OC-04760,2019-02-26,PROV-002,Secretaría C,62343.0
OC-04761,2019-02-26,PROV-002,Secretaría C,62343.0
OC-04762,2019-02-26,PROV-002,Secretaría C,6642.5
OC-04763,2019-02-26,PROV-002,Secretaría C,6642.5
OC-04764,2019-02-26,PROV-002,Secretaría C,6642.5
OC-04765,2019-02-26,PROV-002,Secretaría C,6642.5
OC-04766,2019-02-26,PROV-002,Secretaría C,85401.5
OC-04767,2019-02-26,PROV-002,Secretaría C,22233.0
OC-04768,2019-02-26,PROV-020,Secretaría A,984.19
OC-04769,2019-02-26,PROV-002,Secretaría C,52742.0
OC-04770,2019-02-26,PROV-020,Secretaría A,984.19
OC-04771,2019-02-26,PROV-020,Secretaría A,984.19
OC-04772,2019-02-26,PROV-020,Secretaría A,3150.0
OC-04773,2019-02-26,PROV-034,Secretaría A,1885.0
OC-04774,2019-02-26,PROV-034,Secretaría A,1885.0
OC-04775,2019-02-26,PROV-034,Secretaría A,995.0
OC-04776,2019-02-26,PROV-020,Secretaría A,2980.0
OC-04777,2019-02-26,PROV-034,Secretaría A,1100.0
OC-04778,2019-02-26,PROV-020,Secretaría A,984.19
OC-04779,2019-02-26,PROV-034,Secretaría A,1100.0
OC-04780,2019-02-26,PROV-020,Secretaría A,1223.23
OC-04781,2019-02-26,PROV-034,Secretaría A,9335.0
OC-04782,2019-02-26,PROV-034,Secretaría A,9335.0
OC-04783,2019-02-26,PROV-034,Secretaría A,9335.0
OC-04784,2019-02-26,PROV-034,Secretaría A,9335.0
OC-04785,2019-02-26,PROV-034,Secretaría A,9335.0
OC-04786,2019-02-26,PROV-034,Secretaría A,9335.0
OC-04787,2019-02-26,PROV-034,Secretaría A,9335.0
OC-04788,2019-02-26,PROV-020,Secretaría A,1223.23
OC-04789,2019-02-26,PROV-034,Secretaría A,9335.0
OC-04790,2019-02-26,PROV-200,Secretaría E,18338.0
OC-04791,2019-02-26,PROV-027,Secretaría C,39999.0
OC-04792,2019-02-26,PROV-034,Secretaría F,4230.0
OC-04793,2019-02-26,PROV-034,Secretaría F,4230.0
OC-04794,2019-02-26,PROV-034,Secretaría F,4230.0
OC-04795,2019-02-26,PROV-034,Secretaría F,4230.0
OC-04796,2019-02-26,PROV-211,Secretaría C,8400.0
OC-04797,2019-02-26,PROV-466,Secretaría C,12000.0
OC-04798,2019-02-26,PROV-144,Secretaría C,50636.8
OC-04799,2019-02-26,PROV-002,Secretaría C,160000.0
OC-04800,2019-02-26,PROV-027,Secretaría C,39999.0
OC-04801,2019-02-26,PROV-147,Secretaría C,4780.0
OC-04802,2019-02-26,PROV-027,Secretaría C,39999.0
OC-04803,2019-02-26,PROV-027,Secretaría C,39999.0
OC-04804,2019-02-26,PROV-027,Secretaría C,39999.0
OC-04805,2019-02-26,PROV-027,Secretaría C,39999.0
OC-04806,2019-02-26,PROV-027,Secretaría C,39999.0
OC-04807,2019-02-26,PROV-027,Secretaría C,39999.0
OC-04808,2019-02-26,PROV-027,Secretaría C,39999.0
OC-04809,2019-02-26,PROV-027,Secretaría C,39999.0
OC-04810,2019-02-26,PROV-027,Secretaría C,39999.0
OC-04811,2019-02-26,PROV-034,Secretaría F,4230.0
OC-04812,2019-02-26,PROV-034,Secretaría A,9335.0
OC-04813,2019-02-26,PROV-034,Secretaría A,9335.0
OC-04814,2019-02-26,PROV-027,Secretaría D,1680.0
OC-04815,2019-02-26,PROV-027,Secretaría D,1680.0
OC-04816,2019-02-26,PROV-050,Secretaría E,2090.0
OC-04817,2019-02-26,PROV-034,Secretaría F,9450.0
OC-04818,2019-02-26,PROV-040,Secretaría F,650.0
OC-04819,2019-02-26,PROV-020,Secretaría F,27440.0
OC-04820,2019-02-26,PROV-020,Secretaría F,27440.0
OC-04821,2019-02-26,PROV-020,Secretaría F,27440.0
OC-04822,2019-02-26,PROV-033,Secretaría G,5651.0
OC-04823,2019-02-26,PROV-218,Secretaría F,16025.0
OC-04824,2019-02-26,PROV-218,Secretaría F,16025.0
OC-04825,2019-02-26,PROV-218,Secretaría F,16025.0
OC-04826,2019-02-26,PROV-218,Secretaría F,16025.0
OC-04827,2019-02-26,PROV-309,Secretaría C,1750.0
OC-04828,2019-02-26,PROV-207,Secretaría C,5013.46
OC-04829,2019-02-26,PROV-207,Secretaría C,5013.46
OC-04830,2019-02-26,PROV-104,Secretaría C,2400.0
OC-04831,2019-02-26,PROV-169,Secretaría C,6750.0
OC-04832,2019-02-26,PROV-218,Secretaría F,16025.0
OC-04833,2019-02-26,PROV-034,Secretaría A,9335.0
OC-04834,2019-02-26,PROV-033,Secretaría G,5651.0
OC-04835,2019-02-26,PROV-033,Secretaría G,5651.0
OC-04836,2019-02-26,PROV-034,Secretaría A,9335.0
OC-04837,2019-02-26,PROV-064,Secretaría A,20927.0
OC-04838,2019-02-26,PROV-002,Secretaría C,22233.0
OC-04839,2019-02-26,PROV-232,Secretaría B,18598.2
OC-04840,2019-02-26,PROV-065,Secretaría B,5199.0
OC-04841,2019-02-26,PROV-195,Secretaría B,9760.0
OC-04842,2019-02-26,PROV-055,Secretaría G,1490.0
OC-04843,2019-02-26,PROV-055,Secretaría E,1430.0
OC-04844,2019-02-26,PROV-033,Secretaría G,5651.0
OC-04845,2019-02-26,PROV-055,Secretaría E,1430.0
OC-04846,2019-02-26,PROV-055,Secretaría E,1430.0
OC-04847,2019-02-26,PROV-055,Secretaría E,1430.0
OC-04848,2019-02-26,PROV-146,Secretaría E,56000.0
OC-04849,2019-02-26,PROV-485,Secretaría E,1600.0
OC-04850,2019-02-26,PROV-169,Secretaría E,4350.0
OC-04851,2019-02-26,PROV-033,Secretaría G,5651.0
OC-04852,2019-02-26,PROV-033,Secretaría G,5651.0
OC-04853,2019-02-26,PROV-033,Secretaría G,5651.0
OC-04854,2019-02-26,PROV-055,Secretaría E,1430.0
OC-04855,2019-02-26,PROV-034,Secretaría F,4230.0
OC-04856,2019-02-26,PROV-232,Secretaría B,18598.2
OC-04857,2019-02-26,PROV-217,Secretaría C,44717.4
OC-04858,2019-02-26,PROV-002,Secretaría C,52742.0
OC-04859,2019-02-26,PROV-002,Secretaría C,52742.0
OC-04860,2019-02-26,PROV-002,Secretaría C,52742.0
OC-04861,2019-02-26,PROV-002,Secretaría C,52742.0
OC-04862,2019-02-26,PROV-002,Secretaría B,59108.0
OC-04863,2019-02-26,PROV-002,Secretaría B,59108.0
OC-04864,2019-02-26,PROV-002,Secretaría B,59108.0
OC-04865,2019-02-26,PROV-002,Secretaría B,59108.0
OC-04866,2019-02-26,PROV-002,Secretaría C,52742.0
OC-04867,2019-02-26,PROV-002,Secretaría B,59108.0
OC-04868,2019-02-26,PROV-002,Secretaría B,59108.0
OC-04869,2019-02-26,PROV-002,Secretaría B,59108.0
OC-04870,2019-02-26,PROV-002,Secretaría B,59108.0
OC-04871,2019-02-26,PROV-002,Secretaría B,59108.0
OC-04872,2019-02-26,PROV-002,Secretaría B,59108.0
OC-04873,2019-02-26,PROV-002,Secretaría B,59108.0
OC-04874,2019-02-26,PROV-002,Secretaría B,59108.0
OC-04875,2019-02-26,PROV-002,Secretaría B,59108.0
OC-04876,2019-02-26,PROV-002,Secretaría B,59108.0
OC-04877,2019-02-26,PROV-002,Secretaría B,59108.0
OC-04878,2019-02-26,PROV-002,Secretaría C,52742.0
OC-04879,2019-02-26,PROV-002,Secretaría C,52742.0
OC-04880,2019-02-26,PROV-217,Secretaría C,44717.4
OC-04881,2019-02-26,PROV-002,Secretaría C,52742.0
OC-04882,2019-02-26,PROV-002,Secretaría C,52742.0
OC-04883,2019-02-26,PROV-002,Secretaría C,52742.0
OC-04884,2019-02-26,PROV-002,Secretaría C,52742.0
OC-04885,2019-02-26,PROV-002,Secretaría C,52742.0
OC-04886,2019-02-26,PROV-002,Secretaría C,52742.0
OC-04887,2019-02-26,PROV-002,Secretaría C,52742.0
OC-04888,2019-02-26,PROV-002,Secretaría C,52742.0
OC-04889,2019-02-26,PROV-002,Secretaría C,52742.0
OC-04890,2019-02-26,PROV-002,Secretaría C,52742.0
OC-04891,2019-02-26,PROV-002,Secretaría C,52742.0
OC-04892,2019-02-26,PROV-002,Secretaría C,52742.0
OC-04893,2019-02-26,PROV-002,Secretaría C,52742.0
OC-04894,2019-02-26,PROV-002,Secretaría C,52742.0
OC-04895,2019-02-26,PROV-002,Secretaría C,52742.0
OC-04896,2019-02-26,PROV-002,Secretaría C,52742.0
OC-04897,2019-02-26,PROV-002,Secretaría C,52742.0
OC-04898,2019-02-26,PROV-002,Secretaría C,52742.0
OC-04899,2019-02-26,PROV-002,Secretaría B,59108.0
OC-04900,2019-02-26,PROV-002,Secretaría C,52742.0
OC-04901,2019-02-26,PROV-002,Secretaría B,59108.0
OC-04902,2019-02-26,PROV-002,Secretaría B,59108.0
OC-04903,2019-02-26,PROV-002,Secretaría C,239200.0
OC-04904,2019-02-26,PROV-002,Secretaría C,239200.0
OC-04905,2019-02-26,PROV-002,Secretaría C,239200.0
OC-04906,2019-02-26,PROV-002,Secretaría C,239200.0
OC-04907,2019-02-26,PROV-002,Secretaría C,239200.0
OC-04908,2019-02-26,PROV-002,Secretaría C,239200.0
OC-04909,2019-02-26,PROV-002,Secretaría C,239200.0
OC-04910,2019-02-26,PROV-002,Secretaría B,59108.0
OC-04911,2019-02-26,PROV-002,Secretaría C,239200.0
OC-04912,2019-02-26,PROV-002,Secretaría C,239200.0
OC-04913,2019-02-26,PROV-002,Secretaría C,239200.0
OC-04914,2019-02-26,PROV-002,Secretaría C,52000.0
OC-04915,2019-02-26,PROV-017,Secretaría A,36012.0
OC-04916,2019-02-26,PROV-017,Secretaría A,36012.0
OC-04917,2019-02-26,PROV-017,Secretaría A,36012.0
OC-04918,2019-02-26,PROV-002,Secretaría B,59108.0
OC-04919,2019-02-26,PROV-017,Secretaría A,36012.0
OC-04920,2019-02-26,PROV-002,Secretaría C,239200.0
OC-04921,2019-02-26,PROV-002,Secretaría B,59108.0
OC-04922,2019-02-26,PROV-002,Secretaría C,239200.0
OC-04923,2019-02-26,PROV-002,Secretaría B,59108.0
OC-04924,2019-02-26,PROV-002,Secretaría B,59108.0
OC-04925,2019-02-26,PROV-002,Secretaría B,59108.0
OC-04926,2019-02-26,PROV-002,Secretaría B,59108.0
OC-04927,2019-02-26,PROV-002,Secretaría B,59108.0
OC-04928,2019-02-26,PROV-002,Secretaría B,59108.0
OC-04929,2019-02-26,PROV-002,Secretaría B,59108.0
OC-04930,2019-02-26,PROV-002,Secretaría B,59108.0
OC-04931,2019-02-26,PROV-002,Secretaría B,59108.0
OC-04932,2019-02-26,PROV-002,Secretaría B,59108.0
OC-04933,2019-02-26,PROV-002,Secretaría B,59108.0
OC-04934,2019-02-26,PROV-002,Secretaría B,59108.0
OC-04935,2019-02-26,PROV-002,Secretaría B,59108.0
OC-04936,2019-02-26,PROV-002,Secretaría B,59108.0
OC-04937,2019-02-26,PROV-002,Secretaría B,59108.0
OC-04938,2019-02-26,PROV-002,Secretaría B,59108.0
OC-04939,2019-02-26,PROV-002,Secretaría B,59108.0
OC-04940,2019-02-26,PROV-002,Secretaría B,59108.0
OC-04941,2019-02-26,PROV-002,Secretaría B,59108.0
OC-04942,2019-02-26,PROV-002,Secretaría B,59108.0
OC-04943,2019-02-27,PROV-015,Secretaría C,34590.0
OC-04944,2019-02-27,PROV-015,Secretaría C,34590.0
OC-04945,2019-02-27,PROV-015,Secretaría B,56040.0
OC-04946,2019-02-27,PROV-015,Secretaría C,34590.0
OC-04947,2019-02-27,PROV-015,Secretaría B,56040.0
OC-04948,2019-02-27,PROV-097,Secretaría B,6110.0
OC-04949,2019-02-27,PROV-015,Secretaría C,34590.0
OC-04950,2019-02-27,PROV-015,Secretaría B,56040.0
OC-04951,2019-02-27,PROV-015,Secretaría C,34590.0
OC-04952,2019-02-27,PROV-015,Secretaría C,34590.0
OC-04953,2019-02-27,PROV-015,Secretaría B,56040.0
OC-04954,2019-02-27,PROV-015,Secretaría B,56040.0
OC-04955,2019-02-27,PROV-015,Secretaría B,56040.0
OC-04956,2019-02-27,PROV-015,Secretaría B,56040.0
OC-04957,2019-02-27,PROV-015,Secretaría B,56040.0
OC-04958,2019-02-27,PROV-015,Secretaría B,56040.0
OC-04959,2019-02-27,PROV-015,Secretaría B,56040.0
OC-04960,2019-02-27,PROV-015,Secretaría B,56040.0
OC-04961,2019-02-27,PROV-015,Secretaría B,56040.0
OC-04962,2019-02-27,PROV-015,Secretaría B,56040.0
OC-04963,2019-02-27,PROV-015,Secretaría C,34590.0
OC-04964,2019-02-27,PROV-015,Secretaría B,56040.0
OC-04965,2019-02-27,PROV-015,Secretaría C,34590.0
OC-04966,2019-02-27,PROV-015,Secretaría C,19920.0
OC-04967,2019-02-27,PROV-015,Secretaría C,34590.0
OC-04968,2019-02-27,PROV-015,Secretaría B,56040.0
OC-04969,2019-02-27,PROV-015,Secretaría C,19920.0
OC-04970,2019-02-27,PROV-015,Secretaría C,19920.0
OC-04971,2019-02-27,PROV-015,Secretaría C,19920.0
OC-04972,2019-02-27,PROV-015,Secretaría C,19920.0
OC-04973,2019-02-27,PROV-015,Secretaría C,19920.0
OC-04974,2019-02-27,PROV-015,Secretaría C,19920.0
OC-04975,2019-02-27,PROV-015,Secretaría C,19920.0
OC-04976,2019-02-27,PROV-015,Secretaría C,34590.0
OC-04977,2019-02-27,PROV-015,Secretaría C,34590.0
OC-04978,2019-02-27,PROV-015,Secretaría C,34590.0
OC-04979,2019-02-27,PROV-015,Secretaría C,34590.0
OC-04980,2019-02-27,PROV-015,Secretaría C,34590.0
OC-04981,2019-02-27,PROV-015,Secretaría C,34590.0
OC-04982,2019-02-27,PROV-015,Secretaría C,34590.0
OC-04983,2019-02-27,PROV-015,Secretaría C,34590.0
OC-04984,2019-02-27,PROV-015,Secretaría C,34590.0
OC-04985,2019-02-27,PROV-015,Secretaría C,34590.0
OC-04986,2019-02-27,PROV-015,Secretaría C,34590.0
OC-04987,2019-02-27,PROV-015,Secretaría C,34590.0
OC-04988,2019-02-27,PROV-015,Secretaría C,34590.0
OC-04989,2019-02-27,PROV-015,Secretaría C,34590.0
OC-04990,2019-02-27,PROV-015,Secretaría B,56040.0
OC-04991,2019-02-27,PROV-064,Secretaría A,27800.0
OC-04992,2019-02-27,PROV-015,Secretaría B,56040.0
OC-04993,2019-02-27,PROV-015,Secretaría C,5630.0
OC-04994,2019-02-27,PROV-015,Secretaría C,5630.0
OC-04995,2019-02-27,PROV-015,Secretaría C,5630.0
OC-04996,2019-02-27,PROV-015,Secretaría C,5630.0
OC-04997,2019-02-27,PROV-015,Secretaría C,5630.0
OC-04998,2019-02-27,PROV-015,Secretaría C,5630.0
OC-04999,2019-02-27,PROV-015,Secretaría C,5630.0
OC-05000,2019-02-27,PROV-015,Secretaría C,5630.0
OC-05001,2019-02-27,PROV-015,Secretaría C,5630.0
OC-05002,2019-02-27,PROV-015,Secretaría C,5630.0
OC-05003,2019-02-27,PROV-015,Secretaría C,5630.0
OC-05004,2019-02-27,PROV-015,Secretaría C,5630.0
OC-05005,2019-02-27,PROV-056,Secretaría A,4013.1
OC-05006,2019-02-27,PROV-056,Secretaría A,4013.1
OC-05007,2019-02-27,PROV-056,Secretaría A,4013.1
OC-05008,2019-02-27,PROV-075,Secretaría A,389886.0
OC-05009,2019-02-27,PROV-021,Secretaría D,13500.0
OC-05010,2019-02-27,PROV-045,Secretaría A,614.64
OC-05011,2019-02-27,PROV-097,Secretaría B,6110.0
OC-05012,2019-02-27,PROV-097,Secretaría B,6110.0
OC-05013,2019-02-27,PROV-015,Secretaría C,19920.0
OC-05014,2019-02-27,PROV-015,Secretaría C,5630.0
OC-05015,2019-02-27,PROV-015,Secretaría B,56040.0
OC-05016,2019-02-27,PROV-015,Secretaría C,5630.0
OC-05017,2019-02-27,PROV-015,Secretaría C,5630.0
OC-05018,2019-02-27,PROV-015,Secretaría B,56040.0
OC-05019,2019-02-27,PROV-015,Secretaría B,56040.0
OC-05020,2019-02-27,PROV-015,Secretaría B,56040.0
OC-05021,2019-02-27,PROV-015,Secretaría B,56040.0
OC-05022,2019-02-27,PROV-015,Secretaría B,56040.0
OC-05023,2019-02-27,PROV-015,Secretaría B,56040.0
OC-05024,2019-02-27,PROV-015,Secretaría B,56040.0
OC-05025,2019-02-27,PROV-015,Secretaría B,34360.0
OC-05026,2019-02-27,PROV-015,Secretaría B,34360.0
OC-05027,2019-02-27,PROV-015,Secretaría B,34360.0
OC-05028,2019-02-27,PROV-015,Secretaría B,34360.0
OC-05029,2019-02-27,PROV-015,Secretaría B,34360.0
OC-05030,2019-02-27,PROV-015,Secretaría B,34360.0
OC-05031,2019-02-27,PROV-015,Secretaría B,34360.0
OC-05032,2019-02-27,PROV-015,Secretaría B,34360.0
OC-05033,2019-02-27,PROV-015,Secretaría B,34360.0
OC-05034,2019-02-27,PROV-015,Secretaría B,34360.0
OC-05035,2019-02-27,PROV-015,Secretaría B,34360.0
OC-05036,2019-02-27,PROV-015,Secretaría C,5630.0
OC-05037,2019-02-27,PROV-015,Secretaría C,5630.0
OC-05038,2019-02-27,PROV-015,Secretaría C,5630.0
OC-05039,2019-02-27,PROV-015,Secretaría C,5630.0
OC-05040,2019-02-27,PROV-015,Secretaría C,19920.0
OC-05041,2019-02-27,PROV-015,Secretaría C,34590.0
OC-05042,2019-02-27,PROV-015,Secretaría C,19920.0
OC-05043,2019-02-27,PROV-007,Secretaría C,64030.0
OC-05044,2019-02-27,PROV-007,Secretaría C,64030.0
OC-05045,2019-02-27,PROV-007,Secretaría B,22900.0
OC-05046,2019-02-27,PROV-007,Secretaría B,136513.5
OC-05047,2019-02-27,PROV-007,Secretaría B,136513.5
OC-05048,2019-02-27,PROV-007,Secretaría B,136513.5
OC-05049,2019-02-27,PROV-007,Secretaría B,136513.5
OC-05050,2019-02-27,PROV-007,Secretaría B,136513.5
OC-05051,2019-02-27,PROV-007,Secretaría B,136513.5
OC-05052,2019-02-27,PROV-007,Secretaría B,136513.5
OC-05053,2019-02-27,PROV-007,Secretaría B,136513.5
OC-05054,2019-02-27,PROV-007,Secretaría B,136513.5
OC-05055,2019-02-27,PROV-007,Secretaría B,136513.5
OC-05056,2019-02-27,PROV-015,Secretaría C,6610.0
OC-05057,2019-02-27,PROV-015,Secretaría C,6610.0
OC-05058,2019-02-27,PROV-015,Secretaría C,6610.0
OC-05059,2019-02-27,PROV-015,Secretaría C,6610.0
OC-05060,2019-02-27,PROV-015,Secretaría C,6610.0
OC-05061,2019-02-27,PROV-015,Secretaría C,6610.0
OC-05062,2019-02-27,PROV-015,Secretaría C,6610.0
OC-05063,2019-02-27,PROV-015,Secretaría C,6610.0
OC-05064,2019-02-27,PROV-007,Secretaría C,64030.0
OC-05065,2019-02-27,PROV-015,Secretaría C,6610.0
OC-05066,2019-02-27,PROV-007,Secretaría C,64030.0
OC-05067,2019-02-27,PROV-007,Secretaría C,64030.0
OC-05068,2019-02-27,PROV-015,Secretaría C,19920.0
OC-05069,2019-02-27,PROV-211,Secretaría E,4800.0
OC-05070,2019-02-27,PROV-195,Secretaría A,10500.0
OC-05071,2019-02-27,PROV-005,Secretaría B,15815.0
OC-05072,2019-02-27,PROV-005,Secretaría B,15815.0
OC-05073,2019-02-27,PROV-105,Secretaría A,2700.0
OC-05074,2019-02-27,PROV-007,Secretaría A,59000.0
OC-05075,2019-02-27,PROV-007,Secretaría C,56280.0
OC-05076,2019-02-27,PROV-007,Secretaría C,56280.0
OC-05077,2019-02-27,PROV-007,Secretaría C,56280.0
OC-05078,2019-02-27,PROV-007,Secretaría C,56280.0
OC-05079,2019-02-27,PROV-007,Secretaría C,21600.0
OC-05080,2019-02-27,PROV-007,Secretaría C,21600.0
OC-05081,2019-02-27,PROV-007,Secretaría C,9280.0
OC-05082,2019-02-27,PROV-007,Secretaría C,9280.0
OC-05083,2019-02-27,PROV-007,Secretaría C,9280.0
OC-05084,2019-02-27,PROV-007,Secretaría C,64030.0
OC-05085,2019-02-27,PROV-007,Secretaría C,64030.0
OC-05086,2019-02-27,PROV-007,Secretaría C,64030.0
OC-05087,2019-02-27,PROV-007,Secretaría C,64030.0
OC-05088,2019-02-27,PROV-007,Secretaría C,64030.0
OC-05089,2019-02-27,PROV-007,Secretaría C,64030.0
OC-05090,2019-02-27,PROV-015,Secretaría C,6610.0
OC-05091,2019-02-27,PROV-007,Secretaría C,64030.0
OC-05092,2019-02-27,PROV-015,Secretaría C,6610.0
OC-05093,2019-02-27,PROV-015,Secretaría C,60540.0
OC-05094,2019-02-27,PROV-015,Secretaría C,60540.0
OC-05095,2019-02-27,PROV-015,Secretaría C,60540.0
OC-05096,2019-02-27,PROV-015,Secretaría C,60540.0
OC-05097,2019-02-27,PROV-015,Secretaría C,60540.0
OC-05098,2019-02-27,PROV-015,Secretaría C,60540.0
OC-05099,2019-02-27,PROV-015,Secretaría C,60540.0
OC-05100,2019-02-27,PROV-015,Secretaría C,60540.0
OC-05101,2019-02-27,PROV-015,Secretaría C,60540.0
OC-05102,2019-02-27,PROV-015,Secretaría C,60540.0
OC-05103,2019-02-27,PROV-015,Secretaría C,60540.0
OC-05104,2019-02-27,PROV-015,Secretaría C,19920.0
OC-05105,2019-02-27,PROV-015,Secretaría C,19920.0
OC-05106,2019-02-27,PROV-015,Secretaría C,19920.0
OC-05107,2019-02-27,PROV-015,Secretaría C,19920.0
OC-05108,2019-02-27,PROV-015,Secretaría C,19920.0
OC-05109,2019-02-27,PROV-015,Secretaría C,19920.0
OC-05110,2019-02-27,PROV-015,Secretaría C,19920.0
OC-05111,2019-02-27,PROV-015,Secretaría C,19920.0
OC-05112,2019-02-27,PROV-015,Secretaría C,6610.0
OC-05113,2019-02-27,PROV-015,Secretaría C,19920.0
OC-05114,2019-02-27,PROV-015,Secretaría C,60540.0
OC-05115,2019-02-27,PROV-015,Secretaría C,60540.0
OC-05116,2019-02-27,PROV-015,Secretaría C,19920.0
OC-05117,2019-02-27,PROV-015,Secretaría C,60540.0
OC-05118,2019-02-27,PROV-015,Secretaría C,60540.0
OC-05119,2019-02-27,PROV-015,Secretaría C,6610.0
OC-05120,2019-02-27,PROV-015,Secretaría C,6610.0
OC-05121,2019-02-27,PROV-015,Secretaría C,6610.0
OC-05122,2019-02-27,PROV-015,Secretaría C,6610.0
OC-05123,2019-02-27,PROV-015,Secretaría C,6610.0
OC-05124,2019-02-27,PROV-015,Secretaría C,6610.0
OC-05125,2019-02-27,PROV-015,Secretaría C,6610.0
OC-05126,2019-02-27,PROV-015,Secretaría C,6610.0
OC-05127,2019-02-27,PROV-015,Secretaría C,6610.0
OC-05128,2019-02-27,PROV-015,Secretaría C,60540.0
OC-05129,2019-02-27,PROV-015,Secretaría C,6610.0
OC-05130,2019-02-27,PROV-015,Secretaría C,60540.0
OC-05131,2019-02-27,PROV-015,Secretaría C,60540.0
OC-05132,2019-02-27,PROV-015,Secretaría C,60540.0
OC-05133,2019-02-27,PROV-015,Secretaría C,60540.0
OC-05134,2019-02-27,PROV-015,Secretaría C,60540.0
OC-05135,2019-02-27,PROV-015,Secretaría C,60540.0
OC-05136,2019-02-27,PROV-015,Secretaría C,60540.0
OC-05137,2019-02-27,PROV-015,Secretaría C,60540.0
OC-05138,2019-02-27,PROV-015,Secretaría C,60540.0
OC-05139,2019-02-27,PROV-015,Secretaría C,60540.0
OC-05140,2019-02-28,PROV-022,Secretaría C,104092.88
OC-05141,2019-02-28,PROV-022,Secretaría C,104092.88
OC-05142,2019-02-28,PROV-022,Secretaría C,104092.88
OC-05143,2019-02-28,PROV-022,Secretaría C,104092.88
OC-05144,2019-02-28,PROV-022,Secretaría C,104092.88
OC-05145,2019-02-28,PROV-022,Secretaría C,104092.88
OC-05146,2019-02-28,PROV-022,Secretaría C,104092.88
OC-05147,2019-02-28,PROV-022,Secretaría C,104092.88
OC-05148,2019-02-28,PROV-022,Secretaría C,104092.88
OC-05149,2019-02-28,PROV-109,Secretaría C,3430.0
OC-05150,2019-02-28,PROV-022,Secretaría C,104092.88
OC-05151,2019-02-28,PROV-109,Secretaría C,3430.0
OC-05152,2019-02-28,PROV-109,Secretaría C,3430.0
OC-05153,2019-02-28,PROV-109,Secretaría C,2420.0
OC-05154,2019-02-28,PROV-109,Secretaría C,2420.0
OC-05155,2019-02-28,PROV-109,Secretaría C,7415.0
OC-05156,2019-02-28,PROV-109,Secretaría C,7415.0
OC-05157,2019-02-28,PROV-109,Secretaría C,7415.0
OC-05158,2019-02-28,PROV-022,Secretaría C,104092.88
OC-05159,2019-02-28,PROV-109,Secretaría C,2097.0
OC-05160,2019-02-28,PROV-022,Secretaría C,104092.88
OC-05161,2019-02-28,PROV-022,Secretaría C,104092.88
OC-05162,2019-02-28,PROV-033,Secretaría G,36316.99
OC-05163,2019-02-28,PROV-022,Secretaría C,104092.88
OC-05164,2019-02-28,PROV-109,Secretaría C,2097.0
OC-05165,2019-02-28,PROV-304,Secretaría E,88500.0
OC-05166,2019-02-28,PROV-142,Secretaría B,4600.0
OC-05167,2019-02-28,PROV-124,Secretaría B,3108.0
OC-05168,2019-02-28,PROV-194,Secretaría B,11292.0
OC-05169,2019-02-28,PROV-194,Secretaría B,11292.0
OC-05170,2019-02-28,PROV-194,Secretaría B,11292.0
OC-05171,2019-02-28,PROV-274,Secretaría E,30000.0
OC-05172,2019-02-28,PROV-033,Secretaría G,36316.99
OC-05173,2019-02-28,PROV-022,Secretaría C,104092.88
OC-05174,2019-02-28,PROV-033,Secretaría G,36316.99
OC-05175,2019-02-28,PROV-033,Secretaría G,36316.99
OC-05176,2019-02-28,PROV-033,Secretaría G,36316.99
OC-05177,2019-02-28,PROV-033,Secretaría G,36316.99
OC-05178,2019-02-28,PROV-033,Secretaría G,36316.99
OC-05179,2019-02-28,PROV-033,Secretaría G,36316.99
OC-05180,2019-02-28,PROV-033,Secretaría G,36316.99
OC-05181,2019-02-28,PROV-033,Secretaría G,36316.99
OC-05182,2019-02-28,PROV-003,Secretaría C,1209.84
OC-05183,2019-02-28,PROV-003,Secretaría C,1209.84
OC-05184,2019-02-28,PROV-033,Secretaría G,36316.99
OC-05185,2019-02-28,PROV-109,Secretaría C,16165.0
OC-05186,2019-02-28,PROV-024,Secretaría B,7506.2
OC-05187,2019-02-28,PROV-109,Secretaría C,16165.0
OC-05188,2019-02-28,PROV-051,Secretaría B,127832.48
OC-05189,2019-02-28,PROV-051,Secretaría B,127832.48
OC-05190,2019-02-28,PROV-051,Secretaría B,127832.48
OC-05191,2019-02-28,PROV-109,Secretaría C,16165.0
OC-05192,2019-02-28,PROV-051,Secretaría B,127832.48
OC-05193,2019-02-28,PROV-051,Secretaría B,127832.48
OC-05194,2019-02-28,PROV-051,Secretaría B,127832.48
OC-05195,2019-02-28,PROV-051,Secretaría B,127832.48
OC-05196,2019-02-28,PROV-051,Secretaría B,127832.48
OC-05197,2019-02-28,PROV-019,Secretaría B,1980.0
OC-05198,2019-02-28,PROV-005,Secretaría B,18250.0
OC-05199,2019-02-28,PROV-005,Secretaría B,18250.0
OC-05200,2019-02-28,PROV-055,Secretaría B,30200.0
OC-05201,2019-02-28,PROV-055,Secretaría B,30200.0
OC-05202,2019-02-28,PROV-095,Secretaría B,1234.9
OC-05203,2019-02-28,PROV-069,Secretaría B,10502.25
OC-05204,2019-02-28,PROV-183,Secretaría B,1155.0
OC-05205,2019-02-28,PROV-024,Secretaría B,7506.2
OC-05206,2019-02-28,PROV-024,Secretaría B,7506.2
OC-05207,2019-02-28,PROV-051,Secretaría B,127832.48
OC-05208,2019-02-28,PROV-176,Secretaría A,7494.0
OC-05209,2019-02-28,PROV-051,Secretaría B,127832.48
OC-05210,2019-02-28,PROV-176,Secretaría A,7494.0
OC-05211,2019-02-28,PROV-109,Secretaría C,16165.0
OC-05212,2019-02-28,PROV-194,Secretaría A,5130.0
OC-05213,2019-02-28,PROV-030,Secretaría A,29066.0
OC-05214,2019-02-28,PROV-030,Secretaría A,29066.0
OC-05215,2019-02-28,PROV-176,Secretaría A,7494.0
OC-05216,2019-02-28,PROV-030,Secretaría A,29066.0
OC-05217,2019-02-28,PROV-030,Secretaría A,29066.0
OC-05218,2019-02-28,PROV-030,Secretaría A,29066.0
OC-05219,2019-02-28,PROV-030,Secretaría A,29066.0
OC-05220,2019-02-28,PROV-030,Secretaría A,29066.0
OC-05221,2019-02-28,PROV-030,Secretaría A,29066.0
OC-05222,2019-02-28,PROV-030,Secretaría A,29066.0
OC-05223,2019-02-28,PROV-030,Secretaría A,29066.0
OC-05224,2019-02-28,PROV-030,Secretaría A,29066.0
OC-05225,2019-02-28,PROV-030,Secretaría A,29066.0
OC-05226,2019-02-28,PROV-030,Secretaría A,29066.0
OC-05227,2019-02-28,PROV-042,Secretaría C,35000.0
OC-05228,2019-02-28,PROV-045,Secretaría D,1982.8
OC-05229,2019-02-28,PROV-176,Secretaría I,12968.0
OC-05230,2019-02-28,PROV-176,Secretaría I,12968.0
OC-05231,2019-02-28,PROV-030,Secretaría A,29066.0
OC-05232,2019-03-01,PROV-033,Secretaría D,2170.0
OC-05233,2019-03-01,PROV-033,Secretaría D,2170.0
OC-05234,2019-03-01,PROV-175,Secretaría C,4274.0
OC-05235,2019-03-01,PROV-175,Secretaría C,4274.0
OC-05236,2019-03-01,PROV-175,Secretaría C,4274.0
OC-05237,2019-03-01,PROV-017,Secretaría E,17880.0
OC-05238,2019-03-01,PROV-175,Secretaría C,4274.0
OC-05239,2019-03-01,PROV-175,Secretaría C,4274.0
OC-05240,2019-03-01,PROV-175,Secretaría C,4274.0
OC-05241,2019-03-01,PROV-033,Secretaría D,2170.0
OC-05242,2019-03-01,PROV-175,Secretaría C,4274.0
OC-05243,2019-03-01,PROV-045,Secretaría D,8520.0
OC-05244,2019-03-01,PROV-033,Secretaría D,2170.0
OC-05245,2019-03-01,PROV-235,Secretaría A,25300.0
OC-05246,2019-03-01,PROV-020,Secretaría D,1350.0
OC-05247,2019-03-01,PROV-007,Secretaría C,32380.0
OC-05248,2019-03-01,PROV-007,Secretaría C,32380.0
OC-05249,2019-03-01,PROV-007,Secretaría C,32380.0
OC-05250,2019-03-01,PROV-007,Secretaría C,32380.0
OC-05251,2019-03-01,PROV-007,Secretaría C,32380.0
OC-05252,2019-03-01,PROV-158,Secretaría E,80000.0
OC-05253,2019-03-01,PROV-158,Secretaría E,90000.0
OC-05254,2019-03-01,PROV-260,Secretaría E,81200.0
OC-05255,2019-03-01,PROV-235,Secretaría A,18800.0
OC-05256,2019-03-01,PROV-007,Secretaría C,32380.0
OC-05257,2019-03-06,PROV-032,Secretaría C,53405.07
OC-05258,2019-03-06,PROV-032,Secretaría C,53405.07
OC-05259,2019-03-06,PROV-032,Secretaría C,53405.07
OC-05260,2019-03-06,PROV-032,Secretaría C,53405.07
OC-05261,2019-03-06,PROV-032,Secretaría C,53405.07
OC-05262,2019-03-06,PROV-032,Secretaría C,53405.07
OC-05263,2019-03-06,PROV-032,Secretaría C,53405.07
OC-05264,2019-03-06,PROV-032,Secretaría C,53405.07
OC-05265,2019-03-06,PROV-032,Secretaría C,53405.07
OC-05266,2019-03-06,PROV-032,Secretaría C,53405.07
OC-05267,2019-03-06,PROV-032,Secretaría C,53405.07
OC-05268,2019-03-06,PROV-032,Secretaría C,53405.07
OC-05269,2019-03-06,PROV-274,Secretaría C,3600.0
OC-05270,2019-03-06,PROV-048,Secretaría A,35550.0
OC-05271,2019-03-06,PROV-052,Secretaría A,69780.0
OC-05272,2019-03-06,PROV-052,Secretaría A,69780.0
OC-05273,2019-03-06,PROV-074,Secretaría A,87580.0
OC-05274,2019-03-06,PROV-074,Secretaría A,87580.0
OC-05275,2019-03-06,PROV-032,Secretaría C,53405.07
OC-05276,2019-03-06,PROV-048,Secretaría A,35550.0
OC-05277,2019-03-06,PROV-048,Secretaría A,35550.0
OC-05278,2019-03-06,PROV-048,Secretaría A,35550.0
OC-05279,2019-03-06,PROV-048,Secretaría A,35550.0
OC-05280,2019-03-06,PROV-135,Secretaría A,1000.0
OC-05281,2019-03-06,PROV-135,Secretaría A,1000.0
OC-05282,2019-03-06,PROV-135,Secretaría D,1600.0
OC-05283,2019-03-06,PROV-135,Secretaría A,1170.0
OC-05284,2019-03-06,PROV-135,Secretaría A,1170.0
OC-05285,2019-03-06,PROV-052,Secretaría A,69780.0
OC-05286,2019-03-06,PROV-032,Secretaría C,53405.07
OC-05287,2019-03-06,PROV-032,Secretaría C,53405.07
OC-05288,2019-03-06,PROV-032,Secretaría C,53405.07
OC-05289,2019-03-06,PROV-241,Secretaría B,35000.0
OC-05290,2019-03-06,PROV-057,Secretaría H,12200.0
OC-05291,2019-03-06,PROV-057,Secretaría H,12200.0
OC-05292,2019-03-06,PROV-057,Secretaría H,12200.0
OC-05293,2019-03-06,PROV-057,Secretaría H,12200.0
OC-05294,2019-03-06,PROV-033,Secretaría B,1296.0
OC-05295,2019-03-06,PROV-033,Secretaría B,1296.0
OC-05296,2019-03-06,PROV-033,Secretaría B,1296.0
OC-05297,2019-03-06,PROV-033,Secretaría B,1296.0
OC-05298,2019-03-06,PROV-033,Secretaría B,1296.0
OC-05299,2019-03-06,PROV-033,Secretaría B,1296.0
OC-05300,2019-03-06,PROV-345,Secretaría E,10000.0
OC-05301,2019-03-06,PROV-065,Secretaría C,3180.0
OC-05302,2019-03-06,PROV-025,Secretaría D,11422.4
OC-05303,2019-03-06,PROV-169,Secretaría H,3750.0
OC-05304,2019-03-06,PROV-032,Secretaría C,53405.07
OC-05305,2019-03-06,PROV-032,Secretaría C,53405.07
OC-05306,2019-03-06,PROV-032,Secretaría C,53405.07
OC-05307,2019-03-06,PROV-032,Secretaría C,53405.07
OC-05308,2019-03-06,PROV-032,Secretaría C,53405.07
OC-05309,2019-03-06,PROV-032,Secretaría C,53405.07
OC-05310,2019-03-06,PROV-032,Secretaría C,53405.07
OC-05311,2019-03-06,PROV-032,Secretaría C,53405.07
OC-05312,2019-03-06,PROV-032,Secretaría C,53405.07
OC-05313,2019-03-06,PROV-032,Secretaría C,53405.07
OC-05314,2019-03-06,PROV-032,Secretaría C,53405.07
OC-05315,2019-03-06,PROV-032,Secretaría C,23254.69
OC-05316,2019-03-06,PROV-032,Secretaría C,53405.07
OC-05317,2019-03-06,PROV-032,Secretaría C,53405.07
OC-05318,2019-03-06,PROV-032,Secretaría C,53405.07
OC-05319,2019-03-06,PROV-032,Secretaría C,23254.69
OC-05320,2019-03-06,PROV-032,Secretaría C,53405.07
OC-05321,2019-03-06,PROV-032,Secretaría C,23254.69
OC-05322,2019-03-06,PROV-097,Secretaría C,2300.0
OC-05323,2019-03-06,PROV-046,Secretaría B,54400.7
OC-05324,2019-03-06,PROV-046,Secretaría B,54400.7
OC-05325,2019-03-06,PROV-046,Secretaría B,54400.7
OC-05326,2019-03-06,PROV-046,Secretaría B,54400.7
OC-05327,2019-03-06,PROV-046,Secretaría B,54400.7
OC-05328,2019-03-06,PROV-046,Secretaría B,54400.7
OC-05329,2019-03-06,PROV-046,Secretaría B,54400.7
OC-05330,2019-03-06,PROV-046,Secretaría B,54400.7
OC-05331,2019-03-06,PROV-046,Secretaría B,54400.7
OC-05332,2019-03-06,PROV-046,Secretaría B,54400.7
OC-05333,2019-03-06,PROV-046,Secretaría B,54400.7
OC-05334,2019-03-06,PROV-046,Secretaría B,54400.7
OC-05335,2019-03-06,PROV-097,Secretaría C,2300.0
OC-05336,2019-03-06,PROV-046,Secretaría B,54400.7
OC-05337,2019-03-06,PROV-046,Secretaría B,54400.7
OC-05338,2019-03-06,PROV-046,Secretaría B,54400.7
OC-05339,2019-03-06,PROV-046,Secretaría B,54400.7
OC-05340,2019-03-06,PROV-046,Secretaría B,54400.7
OC-05341,2019-03-06,PROV-046,Secretaría B,54400.7
OC-05342,2019-03-06,PROV-046,Secretaría B,54400.7
OC-05343,2019-03-06,PROV-046,Secretaría B,54400.7
OC-05344,2019-03-06,PROV-046,Secretaría B,54400.7
OC-05345,2019-03-06,PROV-046,Secretaría B,54400.7
OC-05346,2019-03-06,PROV-046,Secretaría B,54400.7
OC-05347,2019-03-06,PROV-046,Secretaría B,54400.7
OC-05348,2019-03-06,PROV-314,Secretaría B,108478.45
OC-05349,2019-03-06,PROV-032,Secretaría C,23254.69
OC-05350,2019-03-06,PROV-046,Secretaría B,54400.7
OC-05351,2019-03-06,PROV-097,Secretaría C,2300.0
OC-05352,2019-03-06,PROV-046,Secretaría B,54400.7
OC-05353,2019-03-06,PROV-199,Secretaría E,135000.0
OC-05354,2019-03-06,PROV-032,Secretaría C,23254.69
OC-05355,2019-03-06,PROV-097,Secretaría C,2300.0
OC-05356,2019-03-06,PROV-032,Secretaría C,23254.69
OC-05357,2019-03-06,PROV-032,Secretaría C,23254.69
OC-05358,2019-03-06,PROV-032,Secretaría C,23254.69
OC-05359,2019-03-06,PROV-032,Secretaría C,23254.69
OC-05360,2019-03-06,PROV-032,Secretaría C,23254.69
OC-05361,2019-03-06,PROV-032,Secretaría C,23254.69
OC-05362,2019-03-06,PROV-032,Secretaría C,23254.69
OC-05363,2019-03-06,PROV-032,Secretaría C,23254.69
OC-05364,2019-03-06,PROV-032,Secretaría C,23254.69
OC-05365,2019-03-06,PROV-032,Secretaría C,23254.69
OC-05366,2019-03-06,PROV-032,Secretaría C,23254.69
OC-05367,2019-03-06,PROV-032,Secretaría C,23254.69
OC-05368,2019-03-06,PROV-032,Secretaría C,23254.69
OC-05369,2019-03-06,PROV-032,Secretaría C,23254.69
OC-05370,2019-03-06,PROV-032,Secretaría C,23254.69
OC-05371,2019-03-06,PROV-430,Secretaría E,22000.0
OC-05372,2019-03-06,PROV-130,Secretaría A,206472.0
OC-05373,2019-03-06,PROV-039,Secretaría A,30000.0
OC-05374,2019-03-06,PROV-039,Secretaría A,11000.0
OC-05375,2019-03-06,PROV-032,Secretaría C,23254.69
OC-05376,2019-03-06,PROV-032,Secretaría C,23254.69
OC-05377,2019-03-06,PROV-040,Secretaría F,11500.0
OC-05378,2019-03-06,PROV-032,Secretaría C,23254.69
OC-05379,2019-03-06,PROV-032,Secretaría C,23254.69
OC-05380,2019-03-06,PROV-032,Secretaría C,23254.69
OC-05381,2019-03-06,PROV-032,Secretaría C,23254.69
OC-05382,2019-03-06,PROV-032,Secretaría C,23254.69
OC-05383,2019-03-06,PROV-032,Secretaría C,23254.69
OC-05384,2019-03-07,PROV-153,Secretaría E,90000.0
OC-05385,2019-03-07,PROV-190,Secretaría E,70000.0
OC-05386,2019-03-07,PROV-551,Secretaría E,3000.0
OC-05387,2019-03-07,PROV-200,Secretaría E,11227.0
OC-05388,2019-03-07,PROV-020,Secretaría A,3350.0
OC-05389,2019-03-07,PROV-020,Secretaría A,1202.65
OC-05390,2019-03-07,PROV-020,Secretaría A,3060.0
OC-05391,2019-03-07,PROV-020,Secretaría A,3060.0
OC-05392,2019-03-07,PROV-020,Secretaría A,943.45
OC-05393,2019-03-07,PROV-020,Secretaría A,1450.0
OC-05394,2019-03-07,PROV-020,Secretaría A,2244.66
OC-05395,2019-03-07,PROV-020,Secretaría D,2300.0
OC-05396,2019-03-07,PROV-119,Secretaría E,110000.0
OC-05397,2019-03-07,PROV-020,Secretaría A,1202.65
OC-05398,2019-03-07,PROV-424,Secretaría E,7140.0
OC-05399,2019-03-07,PROV-056,Secretaría D,12537.06
OC-05400,2019-03-07,PROV-424,Secretaría E,1700.0
OC-05401,2019-03-07,PROV-020,Secretaría A,794.88
OC-05402,2019-03-07,PROV-056,Secretaría D,12537.06
OC-05403,2019-03-07,PROV-056,Secretaría D,12537.06
OC-05404,2019-03-07,PROV-056,Secretaría D,12537.06
OC-05405,2019-03-07,PROV-080,Secretaría C,2135.0
OC-05406,2019-03-07,PROV-055,Secretaría G,1590.0
OC-05407,2019-03-07,PROV-282,Secretaría E,11050.0
OC-05408,2019-03-07,PROV-050,Secretaría C,2318.0
OC-05409,2019-03-07,PROV-050,Secretaría C,2318.0
OC-05410,2019-03-07,PROV-050,Secretaría C,2318.0
OC-05411,2019-03-07,PROV-050,Secretaría C,2318.0
OC-05412,2019-03-07,PROV-050,Secretaría C,2318.0
OC-05413,2019-03-07,PROV-040,Secretaría E,12500.0
OC-05414,2019-03-07,PROV-135,Secretaría A,1600.0
OC-05415,2019-03-07,PROV-050,Secretaría C,2318.0
OC-05416,2019-03-07,PROV-020,Secretaría D,10442.82
OC-05417,2019-03-07,PROV-100,Secretaría D,1454.0
OC-05418,2019-03-07,PROV-020,Secretaría D,10442.82
OC-05419,2019-03-07,PROV-034,Secretaría A,590.0
OC-05420,2019-03-07,PROV-020,Secretaría A,8150.0
OC-05421,2019-03-07,PROV-020,Secretaría A,8150.0
OC-05422,2019-03-07,PROV-088,Secretaría C,12000.0
OC-05423,2019-03-07,PROV-088,Secretaría C,24000.0
OC-05424,2019-03-07,PROV-169,Secretaría C,900.0
OC-05425,2019-03-07,PROV-034,Secretaría A,2080.0
OC-05426,2019-03-07,PROV-070,Secretaría D,3256.2
OC-05427,2019-03-07,PROV-100,Secretaría D,1454.0
OC-05428,2019-03-07,PROV-100,Secretaría D,1454.0
OC-05429,2019-03-07,PROV-100,Secretaría D,1454.0
OC-05430,2019-03-07,PROV-100,Secretaría D,1454.0
OC-05431,2019-03-07,PROV-100,Secretaría D,1454.0
OC-05432,2019-03-07,PROV-056,Secretaría D,12537.06
OC-05433,2019-03-07,PROV-070,Secretaría D,3256.2
OC-05434,2019-03-07,PROV-020,Secretaría D,10442.82
OC-05435,2019-03-07,PROV-034,Secretaría A,2080.0
OC-05436,2019-03-07,PROV-034,Secretaría A,3260.0
OC-05437,2019-03-07,PROV-020,Secretaría D,10442.82
OC-05438,2019-03-07,PROV-020,Secretaría D,10442.82
OC-05439,2019-03-07,PROV-020,Secretaría D,10442.82
OC-05440,2019-03-07,PROV-020,Secretaría D,10442.82
OC-05441,2019-03-07,PROV-020,Secretaría D,10442.82
OC-05442,2019-03-07,PROV-020,Secretaría A,1275.82
OC-05443,2019-03-07,PROV-034,Secretaría D,740.0
OC-05444,2019-03-07,PROV-034,Secretaría A,525.0
OC-05445,2019-03-07,PROV-034,Secretaría A,525.0
OC-05446,2019-03-07,PROV-034,Secretaría A,525.0
OC-05447,2019-03-07,PROV-034,Secretaría A,525.0
OC-05448,2019-03-07,PROV-034,Secretaría A,525.0
OC-05449,2019-03-07,PROV-034,Secretaría A,525.0
OC-05450,2019-03-07,PROV-034,Secretaría A,3260.0
OC-05451,2019-03-07,PROV-034,Secretaría A,525.0
OC-05452,2019-03-07,PROV-056,Secretaría D,12537.06
OC-05453,2019-03-07,PROV-200,Secretaría E,28560.0
OC-05454,2019-03-07,PROV-037,Secretaría A,745000.0
OC-05455,2019-03-07,PROV-049,Secretaría B,62624.47
OC-05456,2019-03-07,PROV-049,Secretaría B,62624.47
OC-05457,2019-03-07,PROV-049,Secretaría B,62624.47
OC-05458,2019-03-07,PROV-049,Secretaría B,62624.47
OC-05459,2019-03-07,PROV-049,Secretaría B,62624.47
OC-05460,2019-03-07,PROV-035,Secretaría A,57007.0
OC-05461,2019-03-07,PROV-035,Secretaría A,57007.0
OC-05462,2019-03-07,PROV-035,Secretaría A,57007.0
OC-05463,2019-03-07,PROV-035,Secretaría A,57007.0
OC-05464,2019-03-07,PROV-035,Secretaría A,57007.0
OC-05465,2019-03-07,PROV-035,Secretaría A,57007.0
OC-05466,2019-03-07,PROV-372,Secretaría C,11790.0
OC-05467,2019-03-07,PROV-372,Secretaría C,6359.3
OC-05468,2019-03-07,PROV-033,Secretaría B,9370.04
OC-05469,2019-03-07,PROV-033,Secretaría B,9370.04
OC-05470,2019-03-07,PROV-033,Secretaría B,9370.04
OC-05471,2019-03-07,PROV-033,Secretaría B,9370.04
OC-05472,2019-03-07,PROV-055,Secretaría B,33660.0
OC-05473,2019-03-07,PROV-055,Secretaría B,33660.0
OC-05474,2019-03-07,PROV-055,Secretaría B,33660.0
OC-05475,2019-03-07,PROV-033,Secretaría B,14719.05
OC-05476,2019-03-07,PROV-033,Secretaría B,14719.05
OC-05477,2019-03-07,PROV-033,Secretaría B,14719.05
OC-05478,2019-03-07,PROV-087,Secretaría B,8100.0
OC-05479,2019-03-07,PROV-033,Secretaría B,14719.05
OC-05480,2019-03-07,PROV-033,Secretaría B,1052.0
OC-05481,2019-03-07,PROV-033,Secretaría B,1052.0
OC-05482,2019-03-07,PROV-033,Secretaría B,1052.0
OC-05483,2019-03-07,PROV-033,Secretaría B,1052.0
OC-05484,2019-03-07,PROV-033,Secretaría B,1052.0
OC-05485,2019-03-07,PROV-033,Secretaría B,9370.04
OC-05486,2019-03-07,PROV-033,Secretaría B,14719.05
OC-05487,2019-03-07,PROV-087,Secretaría B,12500.0
OC-05488,2019-03-07,PROV-033,Secretaría B,1052.0
OC-05489,2019-03-07,PROV-025,Secretaría D,127106.27
OC-05490,2019-03-07,PROV-105,Secretaría A,923.0
OC-05491,2019-03-07,PROV-105,Secretaría A,923.0
OC-05492,2019-03-07,PROV-105,Secretaría A,923.0
OC-05493,2019-03-07,PROV-105,Secretaría A,923.0
OC-05494,2019-03-07,PROV-105,Secretaría A,2940.0
OC-05495,2019-03-07,PROV-020,Secretaría A,3438.1
OC-05496,2019-03-07,PROV-105,Secretaría A,923.0
OC-05497,2019-03-07,PROV-020,Secretaría A,3438.1
OC-05498,2019-03-07,PROV-020,Secretaría A,3438.1
OC-05499,2019-03-07,PROV-020,Secretaría A,3438.1
OC-05500,2019-03-07,PROV-020,Secretaría A,3438.1
OC-05501,2019-03-07,PROV-580,Secretaría E,1000.0
OC-05502,2019-03-07,PROV-223,Secretaría E,3750.0
OC-05503,2019-03-07,PROV-025,Secretaría D,127106.27
OC-05504,2019-03-07,PROV-020,Secretaría A,3438.1
OC-05505,2019-03-07,PROV-105,Secretaría A,923.0
OC-05506,2019-03-07,PROV-020,Secretaría A,3438.1
OC-05507,2019-03-07,PROV-105,Secretaría A,1960.0
OC-05508,2019-03-07,PROV-025,Secretaría D,127106.27
OC-05509,2019-03-07,PROV-383,Secretaría A,1800.0
OC-05510,2019-03-07,PROV-025,Secretaría D,127106.27
OC-05511,2019-03-07,PROV-025,Secretaría D,127106.27
OC-05512,2019-03-07,PROV-025,Secretaría D,127106.27
OC-05513,2019-03-07,PROV-020,Secretaría A,2421.5
OC-05514,2019-03-07,PROV-020,Secretaría A,2421.5
OC-05515,2019-03-07,PROV-020,Secretaría A,2421.5
OC-05516,2019-03-07,PROV-025,Secretaría D,127106.27
OC-05517,2019-03-07,PROV-020,Secretaría A,2421.5
OC-05518,2019-03-07,PROV-056,Secretaría D,12537.06
OC-05519,2019-03-07,PROV-020,Secretaría A,2421.5
OC-05520,2019-03-07,PROV-105,Secretaría A,1960.0
OC-05521,2019-03-07,PROV-105,Secretaría A,1960.0
OC-05522,2019-03-07,PROV-105,Secretaría A,1960.0
OC-05523,2019-03-08,PROV-135,Secretaría A,1100.0
OC-05524,2019-03-08,PROV-141,Secretaría A,1349.36
OC-05525,2019-03-08,PROV-141,Secretaría A,1349.36
OC-05526,2019-03-08,PROV-141,Secretaría A,1349.36
OC-05527,2019-03-08,PROV-141,Secretaría A,1349.36
OC-05528,2019-03-08,PROV-141,Secretaría A,1349.36
OC-05529,2019-03-08,PROV-141,Secretaría A,1349.36
OC-05530,2019-03-08,PROV-141,Secretaría A,1349.36
OC-05531,2019-03-08,PROV-100,Secretaría D,1750.0
OC-05532,2019-03-08,PROV-003,Secretaría C,5487.62
OC-05533,2019-03-08,PROV-100,Secretaría D,1750.0
OC-05534,2019-03-08,PROV-100,Secretaría D,1750.0
OC-05535,2019-03-08,PROV-003,Secretaría C,5487.62
OC-05536,2019-03-08,PROV-003,Secretaría C,5487.62
OC-05537,2019-03-08,PROV-003,Secretaría C,5487.62
OC-05538,2019-03-08,PROV-077,Secretaría D,1040.0
OC-05539,2019-03-08,PROV-141,Secretaría A,1349.36
OC-05540,2019-03-08,PROV-003,Secretaría D,6622.65
OC-05541,2019-03-08,PROV-100,Secretaría D,1750.0
OC-05542,2019-03-08,PROV-141,Secretaría A,1349.36
OC-05543,2019-03-08,PROV-022,Secretaría C,28259.71
OC-05544,2019-03-08,PROV-092,Secretaría E,106500.0
OC-05545,2019-03-08,PROV-222,Secretaría B,5035.0
OC-05546,2019-03-08,PROV-022,Secretaría C,3911.0
OC-05547,2019-03-08,PROV-022,Secretaría C,3911.0
OC-05548,2019-03-08,PROV-022,Secretaría C,28259.71
OC-05549,2019-03-08,PROV-022,Secretaría C,28259.71
OC-05550,2019-03-08,PROV-022,Secretaría C,28259.71
OC-05551,2019-03-08,PROV-022,Secretaría C,28259.71
OC-05552,2019-03-08,PROV-022,Secretaría C,28259.71
OC-05553,2019-03-08,PROV-022,Secretaría C,28259.71
OC-05554,2019-03-08,PROV-453,Secretaría B,36106.4
OC-05555,2019-03-08,PROV-070,Secretaría E,11436.0
OC-05556,2019-03-08,PROV-070,Secretaría E,11436.0
OC-05557,2019-03-08,PROV-070,Secretaría E,11436.0
OC-05558,2019-03-08,PROV-070,Secretaría E,11436.0
OC-05559,2019-03-08,PROV-070,Secretaría E,11436.0
OC-05560,2019-03-08,PROV-070,Secretaría E,11436.0
OC-05561,2019-03-08,PROV-009,Secretaría F,17464.0
OC-05562,2019-03-08,PROV-009,Secretaría F,19188.0
OC-05563,2019-03-08,PROV-169,Secretaría B,1800.0
OC-05564,2019-03-08,PROV-141,Secretaría A,1349.36
OC-05565,2019-03-08,PROV-265,Secretaría B,5214.0
OC-05566,2019-03-08,PROV-003,Secretaría C,5487.62
OC-05567,2019-03-08,PROV-087,Secretaría B,16170.0
OC-05568,2019-03-08,PROV-054,Secretaría A,56893.05
OC-05569,2019-03-08,PROV-054,Secretaría A,56893.05
OC-05570,2019-03-08,PROV-054,Secretaría A,56893.05
OC-05571,2019-03-08,PROV-054,Secretaría A,56893.05
OC-05572,2019-03-08,PROV-054,Secretaría A,56893.05
OC-05573,2019-03-08,PROV-054,Secretaría A,56893.05
OC-05574,2019-03-08,PROV-054,Secretaría A,56893.05
OC-05575,2019-03-08,PROV-281,Secretaría E,35453.0
OC-05576,2019-03-08,PROV-191,Secretaría E,6300.0
OC-05577,2019-03-08,PROV-214,Secretaría C,15000.0
OC-05578,2019-03-08,PROV-080,Secretaría B,3076.0
OC-05579,2019-03-08,PROV-077,Secretaría B,1380.0
OC-05580,2019-03-08,PROV-059,Secretaría D,4180.0
OC-05581,2019-03-08,PROV-055,Secretaría B,3010.0
OC-05582,2019-03-08,PROV-092,Secretaría E,82500.0
OC-05583,2019-03-08,PROV-135,Secretaría D,1950.0
OC-05584,2019-03-08,PROV-210,Secretaría E,20000.0
OC-05585,2019-03-08,PROV-191,Secretaría E,23500.0
OC-05586,2019-03-08,PROV-087,Secretaría B,16170.0
OC-05587,2019-03-08,PROV-054,Secretaría A,56893.05
OC-05588,2019-03-08,PROV-054,Secretaría A,56893.05
OC-05589,2019-03-08,PROV-055,Secretaría B,3010.0
OC-05590,2019-03-08,PROV-054,Secretaría A,56893.05
OC-05591,2019-03-08,PROV-087,Secretaría B,16170.0
OC-05592,2019-03-08,PROV-054,Secretaría A,56893.05
OC-05593,2019-03-08,PROV-147,Secretaría B,24650.0
OC-05594,2019-03-08,PROV-147,Secretaría B,1250.0
OC-05595,2019-03-08,PROV-252,Secretaría A,74166.0
OC-05596,2019-03-08,PROV-162,Secretaría A,4815.8
OC-05597,2019-03-08,PROV-233,Secretaría A,21840.0
OC-05598,2019-03-08,PROV-233,Secretaría A,21840.0
OC-05599,2019-03-08,PROV-054,Secretaría A,56893.05
OC-05600,2019-03-08,PROV-162,Secretaría A,4815.8
OC-05601,2019-03-08,PROV-054,Secretaría A,56893.05
OC-05602,2019-03-08,PROV-054,Secretaría A,56893.05
OC-05603,2019-03-08,PROV-054,Secretaría A,56893.05
OC-05604,2019-03-08,PROV-054,Secretaría A,56893.05
OC-05605,2019-03-08,PROV-054,Secretaría A,56893.05
OC-05606,2019-03-08,PROV-054,Secretaría A,56893.05
OC-05607,2019-03-08,PROV-054,Secretaría A,56893.05
OC-05608,2019-03-08,PROV-054,Secretaría A,56893.05
OC-05609,2019-03-08,PROV-054,Secretaría A,56893.05
OC-05610,2019-03-08,PROV-054,Secretaría A,56893.05
OC-05611,2019-03-11,PROV-309,Secretaría C,34186.5
OC-05612,2019-03-11,PROV-580,Secretaría C,4000.0
OC-05613,2019-03-11,PROV-222,Secretaría B,1520.0
OC-05614,2019-03-11,PROV-222,Secretaría B,1520.0
OC-05615,2019-03-11,PROV-308,Secretaría B,1199.0
OC-05616,2019-03-11,PROV-211,Secretaría C,2400.0
OC-05617,2019-03-11,PROV-022,Secretaría C,2261.0
OC-05618,2019-03-11,PROV-147,Secretaría C,19870.0
OC-05619,2019-03-11,PROV-380,Secretaría D,6800.0
OC-05620,2019-03-11,PROV-023,Secretaría B,84000.0
OC-05621,2019-03-11,PROV-590,Secretaría D,5687.0
OC-05622,2019-03-11,PROV-045,Secretaría C,9114.64
OC-05623,2019-03-11,PROV-045,Secretaría C,9114.64
OC-05624,2019-03-11,PROV-022,Secretaría C,2261.0
OC-05625,2019-03-11,PROV-270,Secretaría J,1500.0
OC-05626,2019-03-11,PROV-124,Secretaría C,26600.0
OC-05627,2019-03-11,PROV-083,Secretaría B,8950.0
OC-05628,2019-03-11,PROV-458,Secretaría B,35000.0
OC-05629,2019-03-11,PROV-045,Secretaría C,9114.64
OC-05630,2019-03-11,PROV-255,Secretaría B,13000.0
OC-05631,2019-03-11,PROV-009,Secretaría B,1920.0
OC-05632,2019-03-11,PROV-101,Secretaría B,130000.0
OC-05633,2019-03-11,PROV-071,Secretaría B,134050.0
OC-05634,2019-03-11,PROV-118,Secretaría B,127500.0
OC-05635,2019-03-11,PROV-343,Secretaría B,26700.0
OC-05636,2019-03-11,PROV-124,Secretaría C,26600.0
OC-05637,2019-03-11,PROV-086,Secretaría B,7200.0
OC-05638,2019-03-11,PROV-124,Secretaría B,15600.0
OC-05639,2019-03-11,PROV-106,Secretaría G,287308.8
OC-05640,2019-03-11,PROV-083,Secretaría B,8950.0
OC-05641,2019-03-11,PROV-083,Secretaría B,8950.0
OC-05642,2019-03-11,PROV-083,Secretaría B,8950.0
OC-05643,2019-03-11,PROV-083,Secretaría B,8950.0
OC-05644,2019-03-11,PROV-045,Secretaría C,9114.64
OC-05645,2019-03-11,PROV-080,Secretaría E,4351.87
OC-05646,2019-03-11,PROV-045,Secretaría C,9114.64
OC-05647,2019-03-11,PROV-080,Secretaría E,4351.87
OC-05648,2019-03-11,PROV-080,Secretaría E,4351.87
OC-05649,2019-03-11,PROV-080,Secretaría E,4351.87
OC-05650,2019-03-11,PROV-080,Secretaría E,4351.87
OC-05651,2019-03-11,PROV-088,Secretaría I,4500.0
OC-05652,2019-03-11,PROV-045,Secretaría C,9114.64
OC-05653,2019-03-11,PROV-080,Secretaría E,4351.87
OC-05654,2019-03-11,PROV-020,Secretaría A,6488.23
OC-05655,2019-03-11,PROV-020,Secretaría A,6488.23
OC-05656,2019-03-11,PROV-020,Secretaría A,6488.23
OC-05657,2019-03-11,PROV-020,Secretaría A,6488.23
OC-05658,2019-03-11,PROV-020,Secretaría A,6488.23
OC-05659,2019-03-11,PROV-020,Secretaría A,6488.23
OC-05660,2019-03-11,PROV-020,Secretaría A,6488.23
OC-05661,2019-03-11,PROV-020,Secretaría A,6488.23
OC-05662,2019-03-11,PROV-080,Secretaría E,4351.87
OC-05663,2019-03-11,PROV-020,Secretaría A,6488.23
OC-05664,2019-03-11,PROV-080,Secretaría E,4351.87
OC-05665,2019-03-11,PROV-080,Secretaría E,4351.87
OC-05666,2019-03-11,PROV-045,Secretaría C,9114.64
OC-05667,2019-03-11,PROV-045,Secretaría C,9114.64
OC-05668,2019-03-11,PROV-045,Secretaría C,9114.64
OC-05669,2019-03-11,PROV-414,Secretaría C,1760.0
OC-05670,2019-03-11,PROV-425,Secretaría D,7700.0
OC-05671,2019-03-11,PROV-146,Secretaría E,56000.0
OC-05672,2019-03-11,PROV-414,Secretaría C,1760.0
OC-05673,2019-03-11,PROV-169,Secretaría G,2850.0
OC-05674,2019-03-11,PROV-055,Secretaría H,5900.0
OC-05675,2019-03-11,PROV-214,Secretaría G,35000.0
OC-05676,2019-03-11,PROV-084,Secretaría G,5510.0
OC-05677,2019-03-11,PROV-080,Secretaría E,4351.87
OC-05678,2019-03-11,PROV-080,Secretaría E,4351.87
OC-05679,2019-03-11,PROV-045,Secretaría D,9113.36
OC-05680,2019-03-12,PROV-124,Secretaría C,2660.0
OC-05681,2019-03-12,PROV-017,Secretaría C,7500.0
OC-05682,2019-03-12,PROV-309,Secretaría C,9440.0
OC-05683,2019-03-12,PROV-059,Secretaría H,638.0
OC-05684,2019-03-12,PROV-124,Secretaría C,2660.0
OC-05685,2019-03-12,PROV-124,Secretaría C,16860.0
OC-05686,2019-03-12,PROV-104,Secretaría B,4000.0
OC-05687,2019-03-12,PROV-124,Secretaría C,16860.0
OC-05688,2019-03-12,PROV-124,Secretaría C,16860.0
OC-05689,2019-03-12,PROV-027,Secretaría C,740.0
OC-05690,2019-03-12,PROV-124,Secretaría C,16860.0
OC-05691,2019-03-12,PROV-124,Secretaría C,16860.0
OC-05692,2019-03-12,PROV-027,Secretaría C,740.0
OC-05693,2019-03-12,PROV-124,Secretaría C,16860.0
OC-05694,2019-03-12,PROV-104,Secretaría B,4000.0
OC-05695,2019-03-12,PROV-242,Secretaría C,59895.68
OC-05696,2019-03-12,PROV-021,Secretaría H,1500.0
OC-05697,2019-03-12,PROV-329,Secretaría B,95428.69
OC-05698,2019-03-12,PROV-245,Secretaría G,90000.0
OC-05699,2019-03-12,PROV-242,Secretaría C,59895.68
OC-05700,2019-03-12,PROV-242,Secretaría C,59895.68
OC-05701,2019-03-12,PROV-234,Secretaría B,20550.0
OC-05702,2019-03-12,PROV-147,Secretaría I,18750.0
OC-05703,2019-03-12,PROV-084,Secretaría H,1600.0
OC-05704,2019-03-12,PROV-219,Secretaría G,120000.0
OC-05705,2019-03-12,PROV-027,Secretaría H,4134.0
OC-05706,2019-03-12,PROV-027,Secretaría H,4134.0
OC-05707,2019-03-12,PROV-055,Secretaría B,28150.0
OC-05708,2019-03-12,PROV-055,Secretaría B,28150.0
OC-05709,2019-03-12,PROV-244,Secretaría G,90000.0
OC-05710,2019-03-13,PROV-008,Secretaría B,60534.2
OC-05711,2019-03-13,PROV-024,Secretaría B,137666.2
OC-05712,2019-03-13,PROV-024,Secretaría B,137666.2
OC-05713,2019-03-13,PROV-024,Secretaría B,137666.2
OC-05714,2019-03-13,PROV-024,Secretaría B,137666.2
OC-05715,2019-03-13,PROV-016,Secretaría B,139302.0
OC-05716,2019-03-13,PROV-150,Secretaría B,9611.5
OC-05717,2019-03-13,PROV-016,Secretaría B,139302.0
OC-05718,2019-03-13,PROV-016,Secretaría B,139302.0
OC-05719,2019-03-13,PROV-008,Secretaría B,60534.2
OC-05720,2019-03-13,PROV-024,Secretaría B,137666.2
OC-05721,2019-03-13,PROV-008,Secretaría B,60534.2
OC-05722,2019-03-13,PROV-150,Secretaría B,29977.5
OC-05723,2019-03-13,PROV-008,Secretaría B,60534.2
OC-05724,2019-03-13,PROV-008,Secretaría B,60534.2
OC-05725,2019-03-13,PROV-306,Secretaría C,2583.0
OC-05726,2019-03-13,PROV-125,Secretaría B,8733.6
OC-05727,2019-03-13,PROV-111,Secretaría C,7624.0
OC-05728,2019-03-13,PROV-016,Secretaría B,139302.0
OC-05729,2019-03-13,PROV-150,Secretaría B,29977.5
OC-05730,2019-03-13,PROV-024,Secretaría B,14355.0
OC-05731,2019-03-13,PROV-024,Secretaría B,14355.0
OC-05732,2019-03-13,PROV-069,Secretaría B,4885.0
OC-05733,2019-03-13,PROV-069,Secretaría B,4885.0
OC-05734,2019-03-13,PROV-028,Secretaría B,189406.0
OC-05735,2019-03-13,PROV-028,Secretaría B,189406.0
OC-05736,2019-03-13,PROV-008,Secretaría B,60534.2
OC-05737,2019-03-13,PROV-016,Secretaría B,139302.0
OC-05738,2019-03-13,PROV-016,Secretaría B,139302.0
OC-05739,2019-03-13,PROV-016,Secretaría B,139302.0
OC-05740,2019-03-13,PROV-387,Secretaría D,35937.0
OC-05741,2019-03-13,PROV-361,Secretaría F,9350.0
OC-05742,2019-03-13,PROV-027,Secretaría F,1921.18
OC-05743,2019-03-13,PROV-257,Secretaría E,4700.0
OC-05744,2019-03-13,PROV-200,Secretaría E,20400.0
OC-05745,2019-03-13,PROV-021,Secretaría E,3116.0
OC-05746,2019-03-13,PROV-021,Secretaría E,3116.0
OC-05747,2019-03-13,PROV-021,Secretaría E,3116.0
OC-05748,2019-03-13,PROV-021,Secretaría E,3116.0
OC-05749,2019-03-13,PROV-021,Secretaría E,3116.0
OC-05750,2019-03-13,PROV-021,Secretaría E,3116.0
OC-05751,2019-03-13,PROV-021,Secretaría E,3116.0
OC-05752,2019-03-13,PROV-021,Secretaría E,3116.0
OC-05753,2019-03-13,PROV-149,Secretaría F,4780.0
OC-05754,2019-03-13,PROV-149,Secretaría F,4780.0
OC-05755,2019-03-13,PROV-149,Secretaría F,4780.0
OC-05756,2019-03-13,PROV-149,Secretaría F,4780.0
OC-05757,2019-03-13,PROV-223,Secretaría F,2783.0
OC-05758,2019-03-13,PROV-030,Secretaría F,13750.0
OC-05759,2019-03-13,PROV-319,Secretaría D,12563.87
OC-05760,2019-03-13,PROV-356,Secretaría C,370.0
OC-05761,2019-03-13,PROV-016,Secretaría B,139302.0
OC-05762,2019-03-13,PROV-016,Secretaría B,139302.0
OC-05763,2019-03-13,PROV-028,Secretaría B,189406.0
OC-05764,2019-03-13,PROV-016,Secretaría B,139302.0
OC-05765,2019-03-13,PROV-016,Secretaría B,139302.0
OC-05766,2019-03-13,PROV-016,Secretaría B,139302.0
OC-05767,2019-03-13,PROV-016,Secretaría B,139302.0
OC-05768,2019-03-13,PROV-028,Secretaría B,189406.0
OC-05769,2019-03-13,PROV-016,Secretaría B,139302.0
OC-05770,2019-03-13,PROV-028,Secretaría B,189406.0
OC-05771,2019-03-13,PROV-195,Secretaría C,17380.0
OC-05772,2019-03-13,PROV-108,Secretaría B,2350.0
OC-05773,2019-03-13,PROV-050,Secretaría C,4783.0
OC-05774,2019-03-13,PROV-050,Secretaría C,4783.0
OC-05775,2019-03-13,PROV-050,Secretaría C,4783.0
OC-05776,2019-03-13,PROV-050,Secretaría C,4783.0
OC-05777,2019-03-13,PROV-050,Secretaría C,4783.0
OC-05778,2019-03-13,PROV-050,Secretaría C,4783.0
OC-05779,2019-03-13,PROV-022,Secretaría C,10800.0
OC-05780,2019-03-13,PROV-349,Secretaría D,82000.0
OC-05781,2019-03-13,PROV-050,Secretaría C,4623.0
OC-05782,2019-03-13,PROV-050,Secretaría C,4623.0
OC-05783,2019-03-13,PROV-050,Secretaría C,4623.0
OC-05784,2019-03-13,PROV-033,Secretaría C,10300.0
OC-05785,2019-03-13,PROV-033,Secretaría C,10300.0
OC-05786,2019-03-13,PROV-033,Secretaría C,10300.0
OC-05787,2019-03-13,PROV-104,Secretaría C,8936.0
OC-05788,2019-03-13,PROV-104,Secretaría C,8936.0
OC-05789,2019-03-13,PROV-104,Secretaría C,8936.0
OC-05790,2019-03-13,PROV-338,Secretaría B,13310.0
OC-05791,2019-03-13,PROV-017,Secretaría B,1161.7
OC-05792,2019-03-13,PROV-017,Secretaría B,1161.7
OC-05793,2019-03-13,PROV-017,Secretaría B,1161.7
OC-05794,2019-03-13,PROV-017,Secretaría B,1161.7
OC-05795,2019-03-13,PROV-055,Secretaría B,17900.0
OC-05796,2019-03-13,PROV-275,Secretaría E,29790.0
OC-05797,2019-03-13,PROV-028,Secretaría B,189406.0
OC-05798,2019-03-13,PROV-005,Secretaría B,211021.34
OC-05799,2019-03-13,PROV-005,Secretaría B,211021.34
OC-05800,2019-03-13,PROV-104,Secretaría C,8936.0
OC-05801,2019-03-13,PROV-005,Secretaría B,211021.34
OC-05802,2019-03-13,PROV-028,Secretaría B,189406.0
OC-05803,2019-03-13,PROV-005,Secretaría B,211021.34
OC-05804,2019-03-13,PROV-008,Secretaría B,36470.0
OC-05805,2019-03-13,PROV-008,Secretaría B,36470.0
OC-05806,2019-03-13,PROV-008,Secretaría B,36470.0
OC-05807,2019-03-13,PROV-008,Secretaría B,36470.0
OC-05808,2019-03-13,PROV-008,Secretaría B,36470.0
OC-05809,2019-03-13,PROV-008,Secretaría B,36470.0
OC-05810,2019-03-13,PROV-005,Secretaría B,211021.34
OC-05811,2019-03-13,PROV-005,Secretaría B,211021.34
OC-05812,2019-03-13,PROV-005,Secretaría B,211021.34
OC-05813,2019-03-13,PROV-005,Secretaría B,211021.34
OC-05814,2019-03-13,PROV-005,Secretaría B,211021.34
OC-05815,2019-03-13,PROV-008,Secretaría B,36470.0
OC-05816,2019-03-13,PROV-005,Secretaría B,211021.34
OC-05817,2019-03-13,PROV-005,Secretaría B,211021.34
OC-05818,2019-03-13,PROV-005,Secretaría B,211021.34
OC-05819,2019-03-13,PROV-005,Secretaría B,211021.34
OC-05820,2019-03-13,PROV-005,Secretaría B,211021.34
OC-05821,2019-03-13,PROV-005,Secretaría B,211021.34
OC-05822,2019-03-13,PROV-005,Secretaría B,211021.34
OC-05823,2019-03-13,PROV-005,Secretaría B,211021.34
OC-05824,2019-03-13,PROV-005,Secretaría B,211021.34
OC-05825,2019-03-13,PROV-005,Secretaría B,211021.34
OC-05826,2019-03-13,PROV-005,Secretaría B,211021.34
OC-05827,2019-03-13,PROV-005,Secretaría B,211021.34
OC-05828,2019-03-13,PROV-005,Secretaría B,211021.34
OC-05829,2019-03-13,PROV-005,Secretaría B,211021.34
OC-05830,2019-03-14,PROV-010,Secretaría C,6133.5
OC-05831,2019-03-14,PROV-010,Secretaría F,81780.0
OC-05832,2019-03-14,PROV-010,Secretaría C,10222.5
OC-05833,2019-03-14,PROV-407,Secretaría C,18056.0
OC-05834,2019-03-14,PROV-010,Secretaría B,26578.5
OC-05835,2019-03-14,PROV-216,Secretaría B,80000.0
OC-05836,2019-03-14,PROV-010,Secretaría C,12267.0
OC-05837,2019-03-14,PROV-010,Secretaría F,61335.0
OC-05838,2019-03-14,PROV-010,Secretaría D,4497.9
OC-05839,2019-03-14,PROV-010,Secretaría A,12267.0
OC-05840,2019-03-14,PROV-010,Secretaría A,6133.5
OC-05841,2019-03-14,PROV-010,Secretaría D,4497.9
OC-05842,2019-03-14,PROV-010,Secretaría D,4497.9
OC-05843,2019-03-14,PROV-010,Secretaría A,5315.7
OC-05844,2019-03-14,PROV-010,Secretaría A,28623.0
OC-05845,2019-03-14,PROV-010,Secretaría A,21445.0
OC-05846,2019-03-14,PROV-010,Secretaría D,4089.0
OC-05847,2019-03-14,PROV-010,Secretaría I,32712.0
OC-05848,2019-03-14,PROV-010,Secretaría D,6433.5
OC-05849,2019-03-14,PROV-010,Secretaría G,8578.0
OC-05850,2019-03-14,PROV-010,Secretaría A,141537.0
OC-05851,2019-03-14,PROV-010,Secretaría D,4906.8
OC-05852,2019-03-14,PROV-010,Secretaría A,80938.0
OC-05853,2019-03-14,PROV-179,Secretaría B,105000.0
OC-05854,2019-03-14,PROV-084,Secretaría B,2890.0
OC-05855,2019-03-14,PROV-084,Secretaría B,2890.0
OC-05856,2019-03-14,PROV-160,Secretaría B,90000.0
OC-05857,2019-03-14,PROV-279,Secretaría B,13000.0
OC-05858,2019-03-14,PROV-010,Secretaría C,7720.2
OC-05859,2019-03-14,PROV-010,Secretaría F,171560.0
OC-05860,2019-03-14,PROV-010,Secretaría F,15011.5
OC-05861,2019-03-14,PROV-010,Secretaría I,25734.0
OC-05862,2019-03-14,PROV-010,Secretaría A,128670.0
OC-05863,2019-03-14,PROV-010,Secretaría A,120092.0
OC-05864,2019-03-14,PROV-010,Secretaría D,25734.0
OC-05865,2019-03-14,PROV-010,Secretaría A,38601.0
OC-05866,2019-03-14,PROV-175,Secretaría G,3365.0
OC-05867,2019-03-14,PROV-010,Secretaría A,162982.0
OC-05868,2019-03-14,PROV-010,Secretaría D,6433.5
OC-05869,2019-03-14,PROV-010,Secretaría A,16356.0
OC-05870,2019-03-14,PROV-022,Secretaría C,68654.94
OC-05871,2019-03-14,PROV-132,Secretaría B,102300.0
OC-05872,2019-03-14,PROV-090,Secretaría A,6020.0
OC-05873,2019-03-14,PROV-022,Secretaría C,68654.94
OC-05874,2019-03-14,PROV-022,Secretaría C,68654.94
OC-05875,2019-03-14,PROV-022,Secretaría C,68654.94
OC-05876,2019-03-14,PROV-022,Secretaría C,68654.94
OC-05877,2019-03-14,PROV-022,Secretaría C,68654.94
OC-05878,2019-03-14,PROV-022,Secretaría C,68654.94
OC-05879,2019-03-14,PROV-022,Secretaría C,68654.94
OC-05880,2019-03-14,PROV-022,Secretaría C,68654.94
OC-05881,2019-03-14,PROV-022,Secretaría C,68654.94
OC-05882,2019-03-14,PROV-022,Secretaría C,68654.94
OC-05883,2019-03-14,PROV-022,Secretaría C,68654.94
OC-05884,2019-03-14,PROV-020,Secretaría A,3450.0
OC-05885,2019-03-14,PROV-020,Secretaría A,2210.0
OC-05886,2019-03-14,PROV-020,Secretaría A,2210.0
OC-05887,2019-03-14,PROV-407,Secretaría C,18056.0
OC-05888,2019-03-14,PROV-010,Secretaría A,91975.0
OC-05889,2019-03-14,PROV-018,Secretaría D,120575.07
OC-05890,2019-03-14,PROV-018,Secretaría D,120575.07
OC-05891,2019-03-14,PROV-018,Secretaría D,120575.07
OC-05892,2019-03-14,PROV-018,Secretaría D,120575.07
OC-05893,2019-03-14,PROV-273,Secretaría B,47500.0
OC-05894,2019-03-14,PROV-017,Secretaría C,3650.5
OC-05895,2019-03-14,PROV-017,Secretaría C,3650.5
OC-05896,2019-03-14,PROV-017,Secretaría C,3650.5
OC-05897,2019-03-14,PROV-017,Secretaría C,3650.5
OC-05898,2019-03-14,PROV-084,Secretaría H,1990.0
OC-05899,2019-03-14,PROV-018,Secretaría D,120575.07
OC-05900,2019-03-14,PROV-018,Secretaría D,120575.07
OC-05901,2019-03-14,PROV-258,Secretaría B,48600.0
OC-05902,2019-03-14,PROV-018,Secretaría D,120575.07
OC-05903,2019-03-14,PROV-018,Secretaría D,120575.07
OC-05904,2019-03-14,PROV-018,Secretaría D,120575.07
OC-05905,2019-03-14,PROV-018,Secretaría D,120575.07
OC-05906,2019-03-14,PROV-018,Secretaría D,120575.07
OC-05907,2019-03-14,PROV-018,Secretaría D,120575.07
OC-05908,2019-03-14,PROV-018,Secretaría D,120575.07
OC-05909,2019-03-14,PROV-018,Secretaría D,120575.07
OC-05910,2019-03-14,PROV-018,Secretaría D,120575.07
OC-05911,2019-03-14,PROV-018,Secretaría D,120575.07
OC-05912,2019-03-14,PROV-010,Secretaría A,73580.0
OC-05913,2019-03-14,PROV-017,Secretaría B,1301.32
OC-05914,2019-03-14,PROV-010,Secretaría A,91975.0
OC-05915,2019-03-14,PROV-017,Secretaría C,8417.05
OC-05916,2019-03-14,PROV-017,Secretaría C,8417.05
OC-05917,2019-03-14,PROV-017,Secretaría C,8417.05
OC-05918,2019-03-14,PROV-017,Secretaría C,8417.05
OC-05919,2019-03-14,PROV-017,Secretaría C,8417.05
OC-05920,2019-03-14,PROV-017,Secretaría C,8417.05
OC-05921,2019-03-14,PROV-100,Secretaría D,790.0
OC-05922,2019-03-14,PROV-100,Secretaría D,790.0
OC-05923,2019-03-14,PROV-100,Secretaría D,785.0
OC-05924,2019-03-14,PROV-100,Secretaría D,785.0
OC-05925,2019-03-14,PROV-100,Secretaría D,785.0
OC-05926,2019-03-14,PROV-100,Secretaría D,785.0
OC-05927,2019-03-14,PROV-100,Secretaría D,785.0
OC-05928,2019-03-14,PROV-100,Secretaría D,785.0
OC-05929,2019-03-14,PROV-107,Secretaría A,90487.5
OC-05930,2019-03-14,PROV-107,Secretaría A,90487.5
OC-05931,2019-03-14,PROV-107,Secretaría A,90487.5
OC-05932,2019-03-14,PROV-017,Secretaría C,8417.05
OC-05933,2019-03-14,PROV-104,Secretaría C,2298.0
OC-05934,2019-03-14,PROV-017,Secretaría C,8417.05
OC-05935,2019-03-14,PROV-017,Secretaría C,8417.05
OC-05936,2019-03-14,PROV-010,Secretaría A,128765.0
OC-05937,2019-03-14,PROV-193,Secretaría A,8400.0
OC-05938,2019-03-14,PROV-193,Secretaría A,1750.0
OC-05939,2019-03-14,PROV-193,Secretaría A,1750.0
OC-05940,2019-03-14,PROV-193,Secretaría A,1750.0
OC-05941,2019-03-14,PROV-530,Secretaría C,900.0
OC-05942,2019-03-14,PROV-097,Secretaría B,27850.0
OC-05943,2019-03-14,PROV-097,Secretaría B,27850.0
OC-05944,2019-03-14,PROV-036,Secretaría B,134520.0
OC-05945,2019-03-14,PROV-146,Secretaría E,136000.0
OC-05946,2019-03-14,PROV-017,Secretaría C,8417.05
OC-05947,2019-03-14,PROV-017,Secretaría C,8417.05
OC-05948,2019-03-14,PROV-017,Secretaría C,8417.05
OC-05949,2019-03-14,PROV-017,Secretaría C,8417.05
OC-05950,2019-03-14,PROV-017,Secretaría C,8417.05
OC-05951,2019-03-14,PROV-017,Secretaría C,8417.05
OC-05952,2019-03-14,PROV-017,Secretaría C,8417.05
OC-05953,2019-03-14,PROV-017,Secretaría C,8417.05
OC-05954,2019-03-14,PROV-104,Secretaría C,2298.0
OC-05955,2019-03-14,PROV-017,Secretaría C,8417.05
OC-05956,2019-03-14,PROV-104,Secretaría C,3600.0
OC-05957,2019-03-14,PROV-085,Secretaría B,61233.24
OC-05958,2019-03-14,PROV-326,Secretaría B,22650.0
OC-05959,2019-03-14,PROV-062,Secretaría B,42168.5
OC-05960,2019-03-14,PROV-020,Secretaría F,6648.0
OC-05961,2019-03-14,PROV-020,Secretaría F,6648.0
OC-05962,2019-03-14,PROV-020,Secretaría F,6648.0
OC-05963,2019-03-14,PROV-022,Secretaría C,3402.0
OC-05964,2019-03-14,PROV-129,Secretaría B,130000.0
OC-05965,2019-03-14,PROV-239,Secretaría B,53250.0
OC-05966,2019-03-14,PROV-192,Secretaría B,83000.0
OC-05967,2019-03-14,PROV-236,Secretaría B,50100.0
OC-05968,2019-03-14,PROV-134,Secretaría B,115000.0
OC-05969,2019-03-14,PROV-012,Secretaría B,38601.0
OC-05970,2019-03-14,PROV-206,Secretaría B,75000.0
OC-05971,2019-03-14,PROV-010,Secretaría C,9197.5
OC-05972,2019-03-14,PROV-010,Secretaría I,36790.0
OC-05973,2019-03-14,PROV-104,Secretaría C,3600.0
OC-05974,2019-03-14,PROV-017,Secretaría B,1301.32
OC-05975,2019-03-14,PROV-017,Secretaría B,1301.32
OC-05976,2019-03-14,PROV-010,Secretaría A,312715.0
OC-05977,2019-03-14,PROV-017,Secretaría B,1301.32
OC-05978,2019-03-14,PROV-017,Secretaría B,1301.32
OC-05979,2019-03-14,PROV-104,Secretaría C,3600.0
OC-05980,2019-03-14,PROV-100,Secretaría D,1700.0
OC-05981,2019-03-14,PROV-100,Secretaría D,1700.0
OC-05982,2019-03-14,PROV-100,Secretaría D,1700.0
OC-05983,2019-03-14,PROV-100,Secretaría D,2840.0
OC-05984,2019-03-14,PROV-100,Secretaría D,2840.0
OC-05985,2019-03-14,PROV-243,Secretaría A,35300.0
OC-05986,2019-03-14,PROV-090,Secretaría A,20681.0
OC-05987,2019-03-14,PROV-104,Secretaría C,3600.0
OC-05988,2019-03-14,PROV-143,Secretaría B,90000.0
OC-05989,2019-03-14,PROV-154,Secretaría B,128000.0
OC-05990,2019-03-14,PROV-278,Secretaría E,60000.0
OC-05991,2019-03-14,PROV-036,Secretaría B,68440.0
OC-05992,2019-03-14,PROV-017,Secretaría B,1301.32
OC-05993,2019-03-14,PROV-017,Secretaría B,1301.32
OC-05994,2019-03-14,PROV-017,Secretaría B,1301.32
OC-05995,2019-03-14,PROV-003,Secretaría G,2120.0
OC-05996,2019-03-15,PROV-170,Secretaría E,5500.0
OC-05997,2019-03-15,PROV-027,Secretaría C,6248.0
OC-05998,2019-03-15,PROV-027,Secretaría C,6248.0
OC-05999,2019-03-15,PROV-027,Secretaría C,6248.0
OC-06000,2019-03-15,PROV-027,Secretaría C,6248.0
OC-06001,2019-03-15,PROV-027,Secretaría C,6248.0
OC-06002,2019-03-15,PROV-104,Secretaría G,2565.0
OC-06003,2019-03-15,PROV-027,Secretaría C,6248.0
OC-06004,2019-03-15,PROV-016,Secretaría B,22400.0
OC-06005,2019-03-15,PROV-005,Secretaría B,4030.0
OC-06006,2019-03-15,PROV-024,Secretaría B,6300.0
OC-06007,2019-03-15,PROV-016,Secretaría B,22400.0
OC-06008,2019-03-15,PROV-306,Secretaría E,3650.0
OC-06009,2019-03-15,PROV-100,Secretaría A,860.0
OC-06010,2019-03-15,PROV-104,Secretaría G,2565.0
OC-06011,2019-03-15,PROV-018,Secretaría B,5702.01
OC-06012,2019-03-15,PROV-005,Secretaría B,4030.0
OC-06013,2019-03-15,PROV-001,Secretaría C,1197.0
OC-06014,2019-03-15,PROV-001,Secretaría C,879.0
OC-06015,2019-03-15,PROV-001,Secretaría C,8265.5
OC-06016,2019-03-15,PROV-104,Secretaría G,2565.0
OC-06017,2019-03-15,PROV-093,Secretaría B,14010.27
OC-06018,2019-03-15,PROV-093,Secretaría B,14010.27
OC-06019,2019-03-15,PROV-055,Secretaría E,16900.0
OC-06020,2019-03-15,PROV-001,Secretaría G,1849.0
OC-06021,2019-03-15,PROV-001,Secretaría G,1849.0
OC-06022,2019-03-15,PROV-001,Secretaría G,1849.0
OC-06023,2019-03-15,PROV-001,Secretaría G,1849.0
OC-06024,2019-03-15,PROV-001,Secretaría C,879.0
OC-06025,2019-03-15,PROV-001,Secretaría C,879.0
OC-06026,2019-03-15,PROV-001,Secretaría C,879.0
OC-06027,2019-03-15,PROV-001,Secretaría C,8265.5
OC-06028,2019-03-15,PROV-001,Secretaría C,8265.5
OC-06029,2019-03-15,PROV-001,Secretaría C,8265.5
OC-06030,2019-03-15,PROV-001,Secretaría C,8265.5
OC-06031,2019-03-15,PROV-001,Secretaría C,8265.5
OC-06032,2019-03-15,PROV-001,Secretaría C,8265.5
OC-06033,2019-03-15,PROV-001,Secretaría C,1900.0
OC-06034,2019-03-15,PROV-500,Secretaría I,3200.0
OC-06035,2019-03-15,PROV-034,Secretaría A,4230.0
OC-06036,2019-03-15,PROV-080,Secretaría C,3789.66
OC-06037,2019-03-15,PROV-034,Secretaría A,5970.0
OC-06038,2019-03-15,PROV-034,Secretaría A,5970.0
OC-06039,2019-03-15,PROV-039,Secretaría A,101100.0
OC-06040,2019-03-15,PROV-141,Secretaría A,6130.03
OC-06041,2019-03-15,PROV-141,Secretaría A,6130.03
OC-06042,2019-03-15,PROV-080,Secretaría C,8268.0
OC-06043,2019-03-15,PROV-080,Secretaría C,8268.0
OC-06044,2019-03-15,PROV-020,Secretaría A,4291.0
OC-06045,2019-03-15,PROV-080,Secretaría C,8268.0
OC-06046,2019-03-15,PROV-020,Secretaría A,908.23
OC-06047,2019-03-15,PROV-020,Secretaría A,3283.0
OC-06048,2019-03-15,PROV-020,Secretaría A,4707.09
OC-06049,2019-03-15,PROV-104,Secretaría H,3078.32
OC-06050,2019-03-15,PROV-104,Secretaría H,3078.32
OC-06051,2019-03-15,PROV-104,Secretaría H,3078.32
OC-06052,2019-03-15,PROV-306,Secretaría G,30000.0
OC-06053,2019-03-15,PROV-441,Secretaría A,5700.0
OC-06054,2019-03-15,PROV-020,Secretaría A,1900.15
OC-06055,2019-03-15,PROV-104,Secretaría H,3078.32
OC-06056,2019-03-15,PROV-020,Secretaría A,1900.15
OC-06057,2019-03-15,PROV-020,Secretaría A,1900.15
OC-06058,2019-03-15,PROV-080,Secretaría C,3789.66
OC-06059,2019-03-15,PROV-080,Secretaría C,3789.66
OC-06060,2019-03-15,PROV-080,Secretaría C,3789.66
OC-06061,2019-03-15,PROV-080,Secretaría C,3789.66
OC-06062,2019-03-15,PROV-080,Secretaría C,3789.66
OC-06063,2019-03-15,PROV-080,Secretaría C,3789.66
OC-06064,2019-03-15,PROV-080,Secretaría C,3789.66
OC-06065,2019-03-15,PROV-080,Secretaría C,3789.66
OC-06066,2019-03-15,PROV-080,Secretaría C,3789.66
OC-06067,2019-03-15,PROV-080,Secretaría C,3789.66
OC-06068,2019-03-15,PROV-080,Secretaría C,3789.66
OC-06069,2019-03-15,PROV-080,Secretaría C,3789.66
OC-06070,2019-03-15,PROV-080,Secretaría C,3789.66
OC-06071,2019-03-15,PROV-020,Secretaría A,1140.0
OC-06072,2019-03-15,PROV-020,Secretaría A,1140.0
OC-06073,2019-03-15,PROV-080,Secretaría C,3789.66
OC-06074,2019-03-18,PROV-021,Secretaría D,2475.0
OC-06075,2019-03-18,PROV-040,Secretaría E,53784.0
OC-06076,2019-03-18,PROV-084,Secretaría B,13080.0
OC-06077,2019-03-18,PROV-105,Secretaría A,8140.0
OC-06078,2019-03-18,PROV-020,Secretaría A,3469.0
OC-06079,2019-03-18,PROV-080,Secretaría C,1806.1
OC-06080,2019-03-18,PROV-074,Secretaría A,1367.0
OC-06081,2019-03-18,PROV-034,Secretaría A,510.0
OC-06082,2019-03-18,PROV-074,Secretaría A,1367.0
OC-06083,2019-03-18,PROV-034,Secretaría A,1250.0
OC-06084,2019-03-18,PROV-092,Secretaría E,12040.0
OC-06085,2019-03-18,PROV-034,Secretaría A,510.0
OC-06086,2019-03-18,PROV-086,Secretaría B,19516.0
OC-06087,2019-03-18,PROV-080,Secretaría C,1806.1
OC-06088,2019-03-18,PROV-140,Secretaría A,44500.0
OC-06089,2019-03-18,PROV-074,Secretaría A,1367.0
OC-06090,2019-03-18,PROV-140,Secretaría A,44500.0
OC-06091,2019-03-18,PROV-018,Secretaría B,2366.29
OC-06092,2019-03-18,PROV-018,Secretaría B,2366.29
OC-06093,2019-03-18,PROV-080,Secretaría C,1806.1
OC-06094,2019-03-18,PROV-018,Secretaría B,2366.29
OC-06095,2019-03-18,PROV-018,Secretaría B,2366.29
OC-06096,2019-03-18,PROV-018,Secretaría B,2366.29
OC-06097,2019-03-18,PROV-018,Secretaría B,2366.29
OC-06098,2019-03-18,PROV-018,Secretaría B,2366.29
OC-06099,2019-03-18,PROV-018,Secretaría B,2366.29
OC-06100,2019-03-18,PROV-140,Secretaría A,44500.0
OC-06101,2019-03-18,PROV-018,Secretaría B,2366.29
OC-06102,2019-03-18,PROV-018,Secretaría B,2366.29
OC-06103,2019-03-18,PROV-018,Secretaría B,2366.29
OC-06104,2019-03-18,PROV-018,Secretaría B,2366.29
OC-06105,2019-03-18,PROV-018,Secretaría B,2366.29
OC-06106,2019-03-18,PROV-018,Secretaría B,2366.29
OC-06107,2019-03-18,PROV-018,Secretaría B,2366.29
OC-06108,2019-03-18,PROV-018,Secretaría B,2366.29
OC-06109,2019-03-18,PROV-018,Secretaría B,2366.29
OC-06110,2019-03-18,PROV-080,Secretaría C,1806.1
OC-06111,2019-03-18,PROV-034,Secretaría A,510.0
OC-06112,2019-03-18,PROV-080,Secretaría C,6661.73
OC-06113,2019-03-18,PROV-020,Secretaría A,1287.43
OC-06114,2019-03-18,PROV-020,Secretaría A,1287.43
OC-06115,2019-03-18,PROV-020,Secretaría A,1287.43
OC-06116,2019-03-18,PROV-020,Secretaría A,1287.43
OC-06117,2019-03-18,PROV-020,Secretaría A,5367.87
OC-06118,2019-03-18,PROV-020,Secretaría A,5367.87
OC-06119,2019-03-18,PROV-034,Secretaría A,3900.0
OC-06120,2019-03-18,PROV-020,Secretaría A,1287.43
OC-06121,2019-03-18,PROV-034,Secretaría A,3900.0
OC-06122,2019-03-18,PROV-034,Secretaría A,905.0
OC-06123,2019-03-18,PROV-034,Secretaría A,905.0
OC-06124,2019-03-18,PROV-059,Secretaría D,690.0
OC-06125,2019-03-18,PROV-603,Secretaría A,660.0
OC-06126,2019-03-18,PROV-166,Secretaría H,92000.0
OC-06127,2019-03-18,PROV-166,Secretaría H,80000.0
OC-06128,2019-03-18,PROV-080,Secretaría C,1806.1
OC-06129,2019-03-18,PROV-034,Secretaría A,905.0
OC-06130,2019-03-18,PROV-020,Secretaría A,1287.43
OC-06131,2019-03-18,PROV-214,Secretaría D,30000.0
OC-06132,2019-03-18,PROV-020,Secretaría A,1422.95
OC-06133,2019-03-18,PROV-020,Secretaría A,7260.0
OC-06134,2019-03-18,PROV-080,Secretaría C,6661.73
OC-06135,2019-03-18,PROV-080,Secretaría C,6661.73
OC-06136,2019-03-18,PROV-080,Secretaría C,6661.73
OC-06137,2019-03-18,PROV-080,Secretaría C,6661.73
OC-06138,2019-03-18,PROV-080,Secretaría C,6661.73
OC-06139,2019-03-18,PROV-080,Secretaría C,6661.73
OC-06140,2019-03-18,PROV-080,Secretaría C,6661.73
OC-06141,2019-03-18,PROV-080,Secretaría C,6661.73
OC-06142,2019-03-18,PROV-080,Secretaría C,6661.73
OC-06143,2019-03-18,PROV-080,Secretaría C,6661.73
OC-06144,2019-03-18,PROV-080,Secretaría C,6661.73
OC-06145,2019-03-18,PROV-080,Secretaría C,6661.73
OC-06146,2019-03-18,PROV-080,Secretaría C,6661.73
OC-06147,2019-03-18,PROV-020,Secretaría A,799.48
OC-06148,2019-03-18,PROV-080,Secretaría C,6661.73
OC-06149,2019-03-18,PROV-020,Secretaría A,799.48
OC-06150,2019-03-19,PROV-057,Secretaría A,17750.0
OC-06151,2019-03-19,PROV-057,Secretaría A,17750.0
OC-06152,2019-03-19,PROV-057,Secretaría A,17750.0
OC-06153,2019-03-19,PROV-057,Secretaría A,17750.0
OC-06154,2019-03-19,PROV-057,Secretaría A,17750.0
OC-06155,2019-03-19,PROV-057,Secretaría A,17750.0
OC-06156,2019-03-19,PROV-275,Secretaría A,4580.0
OC-06157,2019-03-19,PROV-057,Secretaría A,17750.0
OC-06158,2019-03-19,PROV-275,Secretaría A,4580.0
OC-06159,2019-03-19,PROV-275,Secretaría A,4580.0
OC-06160,2019-03-19,PROV-105,Secretaría A,1215.0
OC-06161,2019-03-19,PROV-056,Secretaría A,10815.95
OC-06162,2019-03-19,PROV-057,Secretaría A,17750.0
OC-06163,2019-03-19,PROV-105,Secretaría A,1215.0
OC-06164,2019-03-19,PROV-105,Secretaría A,1160.0
OC-06165,2019-03-19,PROV-105,Secretaría A,1160.0
OC-06166,2019-03-19,PROV-105,Secretaría A,1160.0
OC-06167,2019-03-19,PROV-105,Secretaría A,1160.0
OC-06168,2019-03-19,PROV-105,Secretaría A,1160.0
OC-06169,2019-03-19,PROV-105,Secretaría A,1160.0
OC-06170,2019-03-19,PROV-105,Secretaría A,1160.0
OC-06171,2019-03-19,PROV-105,Secretaría A,1160.0
OC-06172,2019-03-19,PROV-105,Secretaría A,1160.0
OC-06173,2019-03-19,PROV-105,Secretaría A,5240.0
OC-06174,2019-03-19,PROV-105,Secretaría A,5240.0
OC-06175,2019-03-19,PROV-105,Secretaría A,5240.0
OC-06176,2019-03-19,PROV-105,Secretaría A,5240.0
OC-06177,2019-03-19,PROV-056,Secretaría A,10815.95
OC-06178,2019-03-19,PROV-105,Secretaría A,1215.0
OC-06179,2019-03-19,PROV-056,Secretaría A,10815.95
OC-06180,2019-03-19,PROV-017,Secretaría C,10689.2
OC-06181,2019-03-19,PROV-056,Secretaría A,10815.95
OC-06182,2019-03-19,PROV-061,Secretaría B,124100.0
OC-06183,2019-03-19,PROV-061,Secretaría B,124100.0
OC-06184,2019-03-19,PROV-056,Secretaría A,10815.95
OC-06185,2019-03-19,PROV-033,Secretaría C,17500.0
OC-06186,2019-03-19,PROV-050,Secretaría C,17534.0
OC-06187,2019-03-19,PROV-050,Secretaría C,17534.0
OC-06188,2019-03-19,PROV-050,Secretaría C,17534.0
OC-06189,2019-03-19,PROV-050,Secretaría C,17534.0
OC-06190,2019-03-19,PROV-050,Secretaría C,17534.0
OC-06191,2019-03-19,PROV-050,Secretaría C,17534.0
OC-06192,2019-03-19,PROV-050,Secretaría C,17534.0
OC-06193,2019-03-19,PROV-050,Secretaría C,17534.0
OC-06194,2019-03-19,PROV-050,Secretaría C,17534.0
OC-06195,2019-03-19,PROV-050,Secretaría C,17534.0
OC-06196,2019-03-19,PROV-159,Secretaría C,34100.0
OC-06197,2019-03-19,PROV-050,Secretaría C,17534.0
OC-06198,2019-03-19,PROV-050,Secretaría C,17534.0
OC-06199,2019-03-19,PROV-056,Secretaría A,10815.95
OC-06200,2019-03-19,PROV-017,Secretaría C,10689.2
OC-06201,2019-03-19,PROV-017,Secretaría C,10689.2
OC-06202,2019-03-19,PROV-017,Secretaría C,10689.2
OC-06203,2019-03-19,PROV-017,Secretaría C,10689.2
OC-06204,2019-03-19,PROV-214,Secretaría A,30000.0
OC-06205,2019-03-19,PROV-097,Secretaría C,28209.01
OC-06206,2019-03-19,PROV-097,Secretaría C,28209.01
OC-06207,2019-03-19,PROV-045,Secretaría C,1171.78
OC-06208,2019-03-19,PROV-045,Secretaría C,1171.78
OC-06209,2019-03-19,PROV-059,Secretaría E,32390.0
OC-06210,2019-03-20,PROV-492,Secretaría E,9960.0
OC-06211,2019-03-20,PROV-017,Secretaría E,588.9
OC-06212,2019-03-20,PROV-045,Secretaría C,2019.0
OC-06213,2019-03-20,PROV-033,Secretaría C,2360.0
OC-06214,2019-03-20,PROV-373,Secretaría B,14200.0
OC-06215,2019-03-20,PROV-017,Secretaría G,1627.8
OC-06216,2019-03-20,PROV-017,Secretaría G,1627.8
OC-06217,2019-03-20,PROV-020,Secretaría B,3137.61
OC-06218,2019-03-20,PROV-017,Secretaría G,1627.8
OC-06219,2019-03-20,PROV-033,Secretaría C,2360.0
OC-06220,2019-03-20,PROV-020,Secretaría B,3137.61
OC-06221,2019-03-20,PROV-034,Secretaría B,13030.0
OC-06222,2019-03-20,PROV-020,Secretaría B,3137.61
OC-06223,2019-03-20,PROV-034,Secretaría B,13030.0
OC-06224,2019-03-20,PROV-034,Secretaría B,13030.0
OC-06225,2019-03-20,PROV-013,Secretaría A,7496792.0
OC-06226,2019-03-20,PROV-034,Secretaría B,13030.0
OC-06227,2019-03-20,PROV-034,Secretaría B,13030.0
OC-06228,2019-03-20,PROV-034,Secretaría B,13030.0
OC-06229,2019-03-20,PROV-034,Secretaría B,13030.0
OC-06230,2019-03-20,PROV-034,Secretaría B,13030.0
OC-06231,2019-03-20,PROV-241,Secretaría B,90000.0
OC-06232,2019-03-20,PROV-174,Secretaría B,110000.0
OC-06233,2019-03-20,PROV-020,Secretaría B,3137.61
OC-06234,2019-03-20,PROV-126,Secretaría B,127500.0
OC-06235,2019-03-20,PROV-034,Secretaría A,535.0
OC-06236,2019-03-20,PROV-177,Secretaría B,90000.0
OC-06237,2019-03-20,PROV-156,Secretaría B,53000.0
OC-06238,2019-03-20,PROV-034,Secretaría A,535.0
OC-06239,2019-03-20,PROV-034,Secretaría A,535.0
OC-06240,2019-03-20,PROV-034,Secretaría A,535.0
OC-06241,2019-03-20,PROV-034,Secretaría A,535.0
OC-06242,2019-03-20,PROV-034,Secretaría A,535.0
OC-06243,2019-03-20,PROV-034,Secretaría A,535.0
OC-06244,2019-03-20,PROV-022,Secretaría C,2195.0
OC-06245,2019-03-20,PROV-169,Secretaría H,1500.0
OC-06246,2019-03-20,PROV-169,Secretaría I,5440.0
OC-06247,2019-03-20,PROV-253,Secretaría B,27125.0
OC-06248,2019-03-20,PROV-034,Secretaría A,535.0
OC-06249,2019-03-20,PROV-257,Secretaría H,33432.0
OC-06250,2019-03-20,PROV-253,Secretaría B,27125.0
OC-06251,2019-03-20,PROV-165,Secretaría B,120000.0
OC-06252,2019-03-20,PROV-163,Secretaría B,120000.0
OC-06253,2019-03-20,PROV-030,Secretaría B,906.0
OC-06254,2019-03-20,PROV-030,Secretaría B,906.0
OC-06255,2019-03-20,PROV-030,Secretaría B,906.0
OC-06256,2019-03-20,PROV-030,Secretaría B,906.0
OC-06257,2019-03-20,PROV-018,Secretaría C,2081.1
OC-06258,2019-03-20,PROV-334,Secretaría A,31180.52
OC-06259,2019-03-20,PROV-018,Secretaría E,21452.1
OC-06260,2019-03-20,PROV-018,Secretaría E,21452.1
OC-06261,2019-03-21,PROV-317,Secretaría B,4295.0
OC-06262,2019-03-21,PROV-317,Secretaría B,4295.0
OC-06263,2019-03-21,PROV-317,Secretaría B,4295.0
OC-06264,2019-03-21,PROV-317,Secretaría B,4295.0
OC-06265,2019-03-21,PROV-012,Secretaría A,61632.0
OC-06266,2019-03-21,PROV-317,Secretaría B,4295.0
OC-06267,2019-03-21,PROV-017,Secretaría G,3564.0
OC-06268,2019-03-21,PROV-317,Secretaría B,4295.0
OC-06269,2019-03-21,PROV-018,Secretaría A,1443.76
OC-06270,2019-03-21,PROV-018,Secretaría A,1443.76
OC-06271,2019-03-21,PROV-320,Secretaría F,4600.0
OC-06272,2019-03-21,PROV-320,Secretaría F,4600.0
OC-06273,2019-03-21,PROV-036,Secretaría C,60180.0
OC-06274,2019-03-21,PROV-317,Secretaría B,4295.0
OC-06275,2019-03-21,PROV-105,Secretaría E,1245.0
OC-06276,2019-03-21,PROV-414,Secretaría C,2080.0
OC-06277,2019-03-21,PROV-105,Secretaría E,1245.0
OC-06278,2019-03-21,PROV-105,Secretaría E,1245.0
OC-06279,2019-03-21,PROV-380,Secretaría B,10400.0
OC-06280,2019-03-21,PROV-025,Secretaría D,79279.2
OC-06281,2019-03-21,PROV-025,Secretaría D,79279.2
OC-06282,2019-03-21,PROV-025,Secretaría D,30586.38
OC-06283,2019-03-21,PROV-025,Secretaría D,30586.38
OC-06284,2019-03-21,PROV-025,Secretaría D,30586.38
OC-06285,2019-03-21,PROV-050,Secretaría C,4476.0
OC-06286,2019-03-21,PROV-050,Secretaría C,4476.0
OC-06287,2019-03-21,PROV-050,Secretaría C,4476.0
OC-06288,2019-03-21,PROV-414,Secretaría C,4000.0
OC-06289,2019-03-21,PROV-170,Secretaría E,2956.2
OC-06290,2019-03-21,PROV-105,Secretaría E,1245.0
OC-06291,2019-03-21,PROV-169,Secretaría C,3200.0
OC-06292,2019-03-22,PROV-003,Secretaría C,1267.93
OC-06293,2019-03-22,PROV-270,Secretaría E,13140.0
OC-06294,2019-03-22,PROV-003,Secretaría C,1267.93
OC-06295,2019-03-22,PROV-003,Secretaría C,1267.93
OC-06296,2019-03-22,PROV-003,Secretaría C,1267.93
OC-06297,2019-03-22,PROV-147,Secretaría B,5680.0
OC-06298,2019-03-22,PROV-020,Secretaría F,20492.74
OC-06299,2019-03-22,PROV-084,Secretaría B,18450.0
OC-06300,2019-03-22,PROV-061,Secretaría B,3980.0
OC-06301,2019-03-22,PROV-167,Secretaría F,1500.0
OC-06302,2019-03-22,PROV-020,Secretaría F,20492.74
OC-06303,2019-03-22,PROV-020,Secretaría F,20492.74
OC-06304,2019-03-22,PROV-270,Secretaría E,27000.0
OC-06305,2019-03-22,PROV-147,Secretaría B,1700.0
OC-06306,2019-03-22,PROV-017,Secretaría G,10720.3
OC-06307,2019-03-22,PROV-017,Secretaría G,10720.3
OC-06308,2019-03-22,PROV-017,Secretaría G,10720.3
OC-06309,2019-03-22,PROV-017,Secretaría G,10720.3
OC-06310,2019-03-22,PROV-017,Secretaría G,10720.3
OC-06311,2019-03-22,PROV-017,Secretaría G,10720.3
OC-06312,2019-03-22,PROV-017,Secretaría G,10720.3
OC-06313,2019-03-22,PROV-017,Secretaría G,10720.3
OC-06314,2019-03-22,PROV-017,Secretaría G,10720.3
OC-06315,2019-03-22,PROV-017,Secretaría G,10720.3
OC-06316,2019-03-22,PROV-017,Secretaría G,10720.3
OC-06317,2019-03-22,PROV-017,Secretaría G,10720.3
OC-06318,2019-03-22,PROV-207,Secretaría C,16549.27
OC-06319,2019-03-22,PROV-207,Secretaría C,16549.27
OC-06320,2019-03-22,PROV-207,Secretaría C,16549.27
OC-06321,2019-03-22,PROV-207,Secretaría C,34571.52
OC-06322,2019-03-22,PROV-017,Secretaría G,10720.3
OC-06323,2019-03-22,PROV-020,Secretaría F,20492.74
OC-06324,2019-03-22,PROV-020,Secretaría F,20492.74
OC-06325,2019-03-22,PROV-020,Secretaría F,20492.74
OC-06326,2019-03-22,PROV-020,Secretaría F,20492.74
OC-06327,2019-03-22,PROV-058,Secretaría B,23049.6
OC-06328,2019-03-22,PROV-008,Secretaría B,11700.0
OC-06329,2019-03-22,PROV-065,Secretaría J,1990.0
OC-06330,2019-03-22,PROV-183,Secretaría B,2561.6
OC-06331,2019-03-22,PROV-183,Secretaría B,2561.6
OC-06332,2019-03-22,PROV-183,Secretaría B,2561.6
OC-06333,2019-03-22,PROV-183,Secretaría B,2561.6
OC-06334,2019-03-22,PROV-183,Secretaría B,2561.6
OC-06335,2019-03-22,PROV-183,Secretaría B,2561.6
OC-06336,2019-03-22,PROV-306,Secretaría C,700.0
OC-06337,2019-03-22,PROV-544,Secretaría E,1500.0
OC-06338,2019-03-22,PROV-168,Secretaría A,37710.0
OC-06339,2019-03-22,PROV-168,Secretaría A,37710.0
OC-06340,2019-03-22,PROV-170,Secretaría E,4200.0
OC-06341,2019-03-22,PROV-168,Secretaría A,37710.0
OC-06342,2019-03-22,PROV-020,Secretaría F,20492.74
OC-06343,2019-03-22,PROV-020,Secretaría F,20492.74
OC-06344,2019-03-22,PROV-020,Secretaría F,20492.74
OC-06345,2019-03-22,PROV-168,Secretaría A,37710.0
OC-06346,2019-03-22,PROV-167,Secretaría F,16370.0
OC-06347,2019-03-22,PROV-167,Secretaría F,16370.0
OC-06348,2019-03-22,PROV-167,Secretaría F,16370.0
OC-06349,2019-03-22,PROV-034,Secretaría F,4200.0
OC-06350,2019-03-22,PROV-270,Secretaría E,30600.0
OC-06351,2019-03-22,PROV-311,Secretaría E,8000.0
OC-06352,2019-03-22,PROV-105,Secretaría A,1520.0
OC-06353,2019-03-22,PROV-135,Secretaría A,520.0
OC-06354,2019-03-22,PROV-135,Secretaría A,2900.0
OC-06355,2019-03-22,PROV-167,Secretaría F,16370.0
OC-06356,2019-03-25,PROV-230,Secretaría B,98000.0
OC-06357,2019-03-25,PROV-034,Secretaría B,5305.0
OC-06358,2019-03-25,PROV-034,Secretaría B,5305.0
OC-06359,2019-03-25,PROV-034,Secretaría B,5305.0
OC-06360,2019-03-25,PROV-034,Secretaría B,5305.0
OC-06361,2019-03-25,PROV-034,Secretaría B,5305.0
OC-06362,2019-03-25,PROV-034,Secretaría B,5305.0
OC-06363,2019-03-25,PROV-183,Secretaría B,27200.0
OC-06364,2019-03-25,PROV-140,Secretaría A,4950.0
OC-06365,2019-03-25,PROV-104,Secretaría C,8009.0
OC-06366,2019-03-25,PROV-061,Secretaría B,62050.0
OC-06367,2019-03-25,PROV-061,Secretaría B,62050.0
OC-06368,2019-03-25,PROV-017,Secretaría F,2824.0
OC-06369,2019-03-25,PROV-017,Secretaría F,2824.0
OC-06370,2019-03-25,PROV-027,Secretaría F,18576.0
OC-06371,2019-03-25,PROV-104,Secretaría C,8009.0
OC-06372,2019-03-26,PROV-034,Secretaría A,8145.0
OC-06373,2019-03-26,PROV-034,Secretaría A,8145.0
OC-06374,2019-03-26,PROV-034,Secretaría A,8145.0
OC-06375,2019-03-26,PROV-034,Secretaría A,8145.0
OC-06376,2019-03-26,PROV-020,Secretaría A,723.94
OC-06377,2019-03-26,PROV-020,Secretaría A,723.94
OC-06378,2019-03-26,PROV-020,Secretaría A,800.0
OC-06379,2019-03-26,PROV-020,Secretaría D,9463.0
OC-06380,2019-03-26,PROV-020,Secretaría D,9463.0
OC-06381,2019-03-26,PROV-020,Secretaría D,9463.0
OC-06382,2019-03-26,PROV-020,Secretaría D,9463.0
OC-06383,2019-03-26,PROV-020,Secretaría D,9463.0
OC-06384,2019-03-26,PROV-020,Secretaría D,9463.0
OC-06385,2019-03-26,PROV-034,Secretaría A,8145.0
OC-06386,2019-03-26,PROV-020,Secretaría A,5720.0
OC-06387,2019-03-26,PROV-034,Secretaría A,8145.0
OC-06388,2019-03-26,PROV-020,Secretaría D,9463.0
OC-06389,2019-03-26,PROV-034,Secretaría A,8145.0
OC-06390,2019-03-26,PROV-034,Secretaría A,8145.0
OC-06391,2019-03-26,PROV-114,Secretaría B,1264.79
OC-06392,2019-03-26,PROV-114,Secretaría B,1264.79
OC-06393,2019-03-26,PROV-114,Secretaría B,1264.79
OC-06394,2019-03-26,PROV-114,Secretaría B,1264.79
OC-06395,2019-03-26,PROV-114,Secretaría B,1264.79
OC-06396,2019-03-26,PROV-114,Secretaría B,1264.79
OC-06397,2019-03-26,PROV-114,Secretaría B,1264.79
OC-06398,2019-03-26,PROV-147,Secretaría B,4650.0
OC-06399,2019-03-26,PROV-147,Secretaría B,3300.0
OC-06400,2019-03-26,PROV-147,Secretaría B,1960.0
OC-06401,2019-03-26,PROV-029,Secretaría D,260656.4
OC-06402,2019-03-26,PROV-147,Secretaría B,4870.0
OC-06403,2019-03-26,PROV-342,Secretaría F,2000.0
OC-06404,2019-03-26,PROV-017,Secretaría A,1377.0
OC-06405,2019-03-26,PROV-114,Secretaría B,1264.79
OC-06406,2019-03-27,PROV-123,Secretaría G,1871.0
OC-06407,2019-03-27,PROV-123,Secretaría G,1871.0
OC-06408,2019-03-27,PROV-123,Secretaría G,1871.0
OC-06409,2019-03-27,PROV-123,Secretaría G,1871.0
OC-06410,2019-03-27,PROV-123,Secretaría G,1871.0
OC-06411,2019-03-27,PROV-123,Secretaría G,1871.0
OC-06412,2019-03-27,PROV-123,Secretaría G,1871.0
OC-06413,2019-03-27,PROV-123,Secretaría G,1871.0
OC-06414,2019-03-27,PROV-018,Secretaría C,25379.52
OC-06415,2019-03-27,PROV-018,Secretaría C,25379.52
OC-06416,2019-03-27,PROV-018,Secretaría C,25379.52
OC-06417,2019-03-27,PROV-018,Secretaría C,25379.52
OC-06418,2019-03-27,PROV-018,Secretaría C,25379.52
OC-06419,2019-03-27,PROV-018,Secretaría C,25379.52
OC-06420,2019-03-27,PROV-123,Secretaría G,1871.0
OC-06421,2019-03-27,PROV-018,Secretaría C,25379.52
OC-06422,2019-03-27,PROV-018,Secretaría C,25379.52
OC-06423,2019-03-27,PROV-123,Secretaría G,1871.0
OC-06424,2019-03-27,PROV-021,Secretaría G,1379.0
OC-06425,2019-03-27,PROV-123,Secretaría G,1871.0
OC-06426,2019-03-27,PROV-100,Secretaría A,1630.0
OC-06427,2019-03-27,PROV-027,Secretaría D,1928.12
OC-06428,2019-03-27,PROV-027,Secretaría D,1928.12
OC-06429,2019-03-27,PROV-278,Secretaría E,20000.0
OC-06430,2019-03-27,PROV-055,Secretaría G,1160.0
OC-06431,2019-03-27,PROV-468,Secretaría B,4620.0
OC-06432,2019-03-27,PROV-175,Secretaría B,9713.0
OC-06433,2019-03-27,PROV-175,Secretaría B,9713.0
OC-06434,2019-03-27,PROV-175,Secretaría B,9713.0
OC-06435,2019-03-27,PROV-021,Secretaría G,1379.0
OC-06436,2019-03-27,PROV-021,Secretaría G,1379.0
OC-06437,2019-03-27,PROV-018,Secretaría C,25379.52
OC-06438,2019-03-27,PROV-123,Secretaría G,1871.0
OC-06439,2019-03-27,PROV-123,Secretaría G,1871.0
OC-06440,2019-03-27,PROV-123,Secretaría G,1871.0
OC-06441,2019-03-27,PROV-123,Secretaría G,1871.0
OC-06442,2019-03-27,PROV-123,Secretaría G,1871.0
OC-06443,2019-03-27,PROV-123,Secretaría G,1871.0
OC-06444,2019-03-27,PROV-018,Secretaría C,25379.52
OC-06445,2019-03-27,PROV-018,Secretaría C,25379.52
OC-06446,2019-03-27,PROV-018,Secretaría C,25379.52
OC-06447,2019-03-27,PROV-093,Secretaría B,28469.63
OC-06448,2019-03-27,PROV-093,Secretaría B,28469.63
OC-06449,2019-03-27,PROV-093,Secretaría B,28469.63
OC-06450,2019-03-27,PROV-093,Secretaría B,28469.63
OC-06451,2019-03-27,PROV-093,Secretaría B,28469.63
OC-06452,2019-03-27,PROV-093,Secretaría B,28469.63
OC-06453,2019-03-27,PROV-093,Secretaría B,28469.63
OC-06454,2019-03-27,PROV-093,Secretaría B,28469.63
OC-06455,2019-03-27,PROV-093,Secretaría B,28469.63
OC-06456,2019-03-27,PROV-093,Secretaría B,28469.63
OC-06457,2019-03-27,PROV-093,Secretaría B,28469.63
OC-06458,2019-03-27,PROV-093,Secretaría B,28469.63
OC-06459,2019-03-27,PROV-093,Secretaría B,28469.63
OC-06460,2019-03-27,PROV-093,Secretaría B,28469.63
OC-06461,2019-03-27,PROV-093,Secretaría B,28469.63
OC-06462,2019-03-27,PROV-100,Secretaría A,1630.0
OC-06463,2019-03-27,PROV-093,Secretaría B,28469.63
OC-06464,2019-03-27,PROV-093,Secretaría B,28469.63
OC-06465,2019-03-27,PROV-093,Secretaría B,28469.63
OC-06466,2019-03-27,PROV-093,Secretaría B,28469.63
OC-06467,2019-03-27,PROV-018,Secretaría C,25379.52
OC-06468,2019-03-27,PROV-018,Secretaría C,25379.52
OC-06469,2019-03-27,PROV-018,Secretaría C,25379.52
OC-06470,2019-03-27,PROV-018,Secretaría C,25379.52
OC-06471,2019-03-27,PROV-018,Secretaría C,25379.52
OC-06472,2019-03-27,PROV-018,Secretaría C,25379.52
OC-06473,2019-03-27,PROV-018,Secretaría C,25379.52
OC-06474,2019-03-27,PROV-018,Secretaría C,25379.52
OC-06475,2019-03-27,PROV-018,Secretaría C,25379.52
OC-06476,2019-03-27,PROV-018,Secretaría C,25379.52
OC-06477,2019-03-27,PROV-018,Secretaría C,25379.52
OC-06478,2019-03-27,PROV-018,Secretaría C,25379.52
OC-06479,2019-03-27,PROV-110,Secretaría E,101500.0
OC-06480,2019-03-27,PROV-110,Secretaría E,101500.0
OC-06481,2019-03-27,PROV-110,Secretaría E,101500.0
OC-06482,2019-03-27,PROV-110,Secretaría E,101500.0
OC-06483,2019-03-27,PROV-110,Secretaría E,101500.0
OC-06484,2019-03-27,PROV-124,Secretaría C,2016.0
OC-06485,2019-03-27,PROV-100,Secretaría A,1630.0
OC-06486,2019-03-27,PROV-018,Secretaría C,25379.52
OC-06487,2019-03-27,PROV-104,Secretaría B,620.0
OC-06488,2019-03-27,PROV-020,Secretaría A,7640.0
OC-06489,2019-03-27,PROV-020,Secretaría A,7640.0
OC-06490,2019-03-27,PROV-020,Secretaría A,7640.0
OC-06491,2019-03-27,PROV-020,Secretaría A,1260.85
OC-06492,2019-03-27,PROV-020,Secretaría A,1260.85
OC-06493,2019-03-27,PROV-020,Secretaría A,1260.85
OC-06494,2019-03-27,PROV-091,Secretaría E,72600.0
OC-06495,2019-03-27,PROV-020,Secretaría A,2016.0
OC-06496,2019-03-27,PROV-112,Secretaría E,74480.0
OC-06497,2019-03-27,PROV-281,Secretaría E,10890.0
OC-06498,2019-03-27,PROV-530,Secretaría E,5390.0
OC-06499,2019-03-27,PROV-551,Secretaría E,1800.0
OC-06500,2019-03-27,PROV-017,Secretaría G,779.5
OC-06501,2019-03-27,PROV-017,Secretaría G,779.5
OC-06502,2019-03-27,PROV-086,Secretaría G,7445.0
OC-06503,2019-03-27,PROV-105,Secretaría C,2300.0
OC-06504,2019-03-27,PROV-479,Secretaría E,2850.0
OC-06505,2019-03-27,PROV-020,Secretaría A,2016.0
OC-06506,2019-03-27,PROV-020,Secretaría A,2016.0
OC-06507,2019-03-27,PROV-020,Secretaría A,3508.92
OC-06508,2019-03-27,PROV-104,Secretaría B,620.0
OC-06509,2019-03-27,PROV-003,Secretaría D,22791.05
OC-06510,2019-03-27,PROV-003,Secretaría D,22791.05
OC-06511,2019-03-27,PROV-020,Secretaría A,2874.07
OC-06512,2019-03-27,PROV-020,Secretaría A,2874.07
OC-06513,2019-03-27,PROV-020,Secretaría A,2842.39
OC-06514,2019-03-27,PROV-020,Secretaría A,2842.39
OC-06515,2019-03-27,PROV-105,Secretaría A,1800.0
OC-06516,2019-03-27,PROV-105,Secretaría A,2081.7
OC-06517,2019-03-27,PROV-105,Secretaría A,2081.7
OC-06518,2019-03-27,PROV-105,Secretaría A,2081.7
OC-06519,2019-03-27,PROV-105,Secretaría A,2081.7
OC-06520,2019-03-27,PROV-105,Secretaría A,2081.7
OC-06521,2019-03-27,PROV-105,Secretaría A,2081.7
OC-06522,2019-03-27,PROV-020,Secretaría A,3508.92
OC-06523,2019-03-27,PROV-020,Secretaría A,3508.92
OC-06524,2019-03-27,PROV-020,Secretaría A,3508.92
OC-06525,2019-03-27,PROV-105,Secretaría C,2300.0
OC-06526,2019-03-27,PROV-105,Secretaría C,2300.0
OC-06527,2019-03-27,PROV-020,Secretaría A,7640.0
OC-06528,2019-03-27,PROV-105,Secretaría C,2300.0
OC-06529,2019-03-27,PROV-100,Secretaría D,1650.0
OC-06530,2019-03-27,PROV-100,Secretaría D,2190.0
OC-06531,2019-03-27,PROV-100,Secretaría D,2190.0
OC-06532,2019-03-27,PROV-100,Secretaría D,2190.0
OC-06533,2019-03-27,PROV-100,Secretaría D,2190.0
OC-06534,2019-03-27,PROV-100,Secretaría D,2190.0
OC-06535,2019-03-27,PROV-100,Secretaría D,2190.0
OC-06536,2019-03-27,PROV-100,Secretaría D,2190.0
OC-06537,2019-03-27,PROV-104,Secretaría D,4258.0
OC-06538,2019-03-27,PROV-104,Secretaría D,4258.0
OC-06539,2019-03-27,PROV-104,Secretaría D,4258.0
OC-06540,2019-03-27,PROV-104,Secretaría D,4258.0
OC-06541,2019-03-27,PROV-104,Secretaría D,4258.0
OC-06542,2019-03-27,PROV-389,Secretaría D,2800.0
OC-06543,2019-03-27,PROV-158,Secretaría C,45000.0
OC-06544,2019-03-27,PROV-100,Secretaría D,21000.0
OC-06545,2019-03-27,PROV-105,Secretaría C,2300.0
OC-06546,2019-03-27,PROV-100,Secretaría D,2225.0
OC-06547,2019-03-27,PROV-050,Secretaría D,910.0
OC-06548,2019-03-27,PROV-100,Secretaría D,2190.0
OC-06549,2019-03-27,PROV-104,Secretaría B,620.0
OC-06550,2019-03-27,PROV-050,Secretaría D,910.0
OC-06551,2019-03-27,PROV-105,Secretaría C,2300.0
OC-06552,2019-03-27,PROV-105,Secretaría C,2300.0
OC-06553,2019-03-27,PROV-105,Secretaría C,2300.0
OC-06554,2019-03-27,PROV-105,Secretaría C,2300.0
OC-06555,2019-03-27,PROV-070,Secretaría D,2648.0
OC-06556,2019-03-27,PROV-070,Secretaría D,2648.0
OC-06557,2019-03-27,PROV-100,Secretaría D,2305.0
OC-06558,2019-03-27,PROV-100,Secretaría D,2305.0
OC-06559,2019-03-27,PROV-105,Secretaría C,2300.0
OC-06560,2019-03-27,PROV-100,Secretaría D,2305.0
OC-06561,2019-03-27,PROV-100,Secretaría D,2305.0
OC-06562,2019-03-27,PROV-100,Secretaría D,2305.0
OC-06563,2019-03-27,PROV-100,Secretaría D,2305.0
OC-06564,2019-03-27,PROV-100,Secretaría D,2305.0
OC-06565,2019-03-27,PROV-100,Secretaría D,2305.0
OC-06566,2019-03-27,PROV-050,Secretaría D,910.0
OC-06567,2019-03-27,PROV-100,Secretaría D,2305.0
OC-06568,2019-03-28,PROV-001,Secretaría B,59664.0
OC-06569,2019-03-28,PROV-001,Secretaría B,59664.0
OC-06570,2019-03-28,PROV-001,Secretaría B,59664.0
OC-06571,2019-03-28,PROV-001,Secretaría B,59664.0
OC-06572,2019-03-28,PROV-001,Secretaría B,59664.0
OC-06573,2019-03-28,PROV-001,Secretaría B,59664.0
OC-06574,2019-03-28,PROV-001,Secretaría B,59664.0
OC-06575,2019-03-28,PROV-001,Secretaría B,59664.0
OC-06576,2019-03-28,PROV-001,Secretaría C,3930.0
OC-06577,2019-03-28,PROV-001,Secretaría C,3930.0
OC-06578,2019-03-28,PROV-001,Secretaría C,3930.0
OC-06579,2019-03-28,PROV-001,Secretaría C,3930.0
OC-06580,2019-03-28,PROV-001,Secretaría C,3320.0
OC-06581,2019-03-28,PROV-001,Secretaría C,3320.0
OC-06582,2019-03-28,PROV-001,Secretaría C,3320.0
OC-06583,2019-03-28,PROV-001,Secretaría B,59664.0
OC-06584,2019-03-28,PROV-001,Secretaría B,59664.0
OC-06585,2019-03-28,PROV-001,Secretaría B,59664.0
OC-06586,2019-03-28,PROV-001,Secretaría B,59664.0
OC-06587,2019-03-28,PROV-001,Secretaría B,59664.0
OC-06588,2019-03-28,PROV-001,Secretaría C,3320.0
OC-06589,2019-03-28,PROV-001,Secretaría B,59664.0
OC-06590,2019-03-28,PROV-001,Secretaría B,59664.0
OC-06591,2019-03-28,PROV-001,Secretaría B,59664.0
OC-06592,2019-03-28,PROV-001,Secretaría B,59664.0
OC-06593,2019-03-28,PROV-001,Secretaría B,59664.0
OC-06594,2019-03-28,PROV-001,Secretaría B,59664.0
OC-06595,2019-03-28,PROV-001,Secretaría B,59664.0
OC-06596,2019-03-28,PROV-001,Secretaría B,59664.0
OC-06597,2019-03-28,PROV-001,Secretaría B,59664.0
OC-06598,2019-03-28,PROV-001,Secretaría B,59664.0
OC-06599,2019-03-28,PROV-001,Secretaría B,59664.0
OC-06600,2019-03-28,PROV-001,Secretaría B,59664.0
OC-06601,2019-03-28,PROV-001,Secretaría B,59664.0
OC-06602,2019-03-28,PROV-001,Secretaría B,59664.0
OC-06603,2019-03-28,PROV-001,Secretaría B,59664.0
OC-06604,2019-03-28,PROV-001,Secretaría B,59664.0
OC-06605,2019-03-28,PROV-001,Secretaría B,59664.0
OC-06606,2019-03-28,PROV-001,Secretaría C,3320.0
OC-06607,2019-03-28,PROV-001,Secretaría C,17232.0
OC-06608,2019-03-28,PROV-001,Secretaría C,3320.0
OC-06609,2019-03-28,PROV-001,Secretaría C,17232.0
OC-06610,2019-03-28,PROV-001,Secretaría C,17232.0
OC-06611,2019-03-28,PROV-001,Secretaría C,17232.0
OC-06612,2019-03-28,PROV-001,Secretaría C,17232.0
OC-06613,2019-03-28,PROV-001,Secretaría C,17232.0
OC-06614,2019-03-28,PROV-001,Secretaría C,17232.0
OC-06615,2019-03-28,PROV-001,Secretaría C,17232.0
OC-06616,2019-03-28,PROV-001,Secretaría C,17232.0
OC-06617,2019-03-28,PROV-001,Secretaría C,17232.0
OC-06618,2019-03-28,PROV-001,Secretaría C,17232.0
OC-06619,2019-03-28,PROV-001,Secretaría C,17232.0
OC-06620,2019-03-28,PROV-001,Secretaría C,17232.0
OC-06621,2019-03-28,PROV-001,Secretaría C,17232.0
OC-06622,2019-03-28,PROV-001,Secretaría C,17232.0
OC-06623,2019-03-28,PROV-001,Secretaría C,17232.0
OC-06624,2019-03-28,PROV-001,Secretaría C,17232.0
OC-06625,2019-03-28,PROV-001,Secretaría B,59664.0
OC-06626,2019-03-28,PROV-001,Secretaría C,17232.0
OC-06627,2019-03-28,PROV-001,Secretaría C,3320.0
OC-06628,2019-03-28,PROV-001,Secretaría C,17232.0
OC-06629,2019-03-28,PROV-001,Secretaría C,17232.0
OC-06630,2019-03-28,PROV-001,Secretaría C,11290.0
OC-06631,2019-03-28,PROV-001,Secretaría C,11290.0
OC-06632,2019-03-28,PROV-001,Secretaría C,11290.0
OC-06633,2019-03-28,PROV-001,Secretaría C,11290.0
OC-06634,2019-03-28,PROV-001,Secretaría C,11290.0
OC-06635,2019-03-28,PROV-001,Secretaría C,11290.0
OC-06636,2019-03-28,PROV-001,Secretaría C,11290.0
OC-06637,2019-03-28,PROV-001,Secretaría C,11290.0
OC-06638,2019-03-28,PROV-001,Secretaría C,11290.0
OC-06639,2019-03-28,PROV-001,Secretaría C,11290.0
OC-06640,2019-03-28,PROV-001,Secretaría C,11290.0
OC-06641,2019-03-28,PROV-001,Secretaría C,17232.0
OC-06642,2019-03-28,PROV-001,Secretaría C,17232.0
OC-06643,2019-03-28,PROV-001,Secretaría C,17232.0
OC-06644,2019-03-28,PROV-001,Secretaría C,17232.0
OC-06645,2019-03-28,PROV-001,Secretaría C,17232.0
OC-06646,2019-03-28,PROV-001,Secretaría C,17232.0
OC-06647,2019-03-28,PROV-001,Secretaría C,17232.0
OC-06648,2019-03-28,PROV-001,Secretaría B,59664.0
OC-06649,2019-03-28,PROV-001,Secretaría C,69659.0
OC-06650,2019-03-28,PROV-001,Secretaría B,59664.0
OC-06651,2019-03-28,PROV-001,Secretaría C,69659.0
OC-06652,2019-03-28,PROV-001,Secretaría C,69659.0
OC-06653,2019-03-28,PROV-001,Secretaría C,69659.0
OC-06654,2019-03-28,PROV-001,Secretaría C,69659.0
OC-06655,2019-03-28,PROV-001,Secretaría C,69659.0
OC-06656,2019-03-28,PROV-001,Secretaría C,69659.0
OC-06657,2019-03-28,PROV-001,Secretaría C,69659.0
OC-06658,2019-03-28,PROV-001,Secretaría C,69659.0
OC-06659,2019-03-28,PROV-001,Secretaría C,69659.0
OC-06660,2019-03-28,PROV-001,Secretaría C,69659.0
OC-06661,2019-03-28,PROV-001,Secretaría C,69659.0
OC-06662,2019-03-28,PROV-001,Secretaría C,69659.0
OC-06663,2019-03-28,PROV-001,Secretaría C,69659.0
OC-06664,2019-03-28,PROV-001,Secretaría C,69659.0
OC-06665,2019-03-28,PROV-001,Secretaría C,69659.0
OC-06666,2019-03-28,PROV-001,Secretaría C,69659.0
OC-06667,2019-03-28,PROV-001,Secretaría C,69659.0
OC-06668,2019-03-28,PROV-001,Secretaría C,69659.0
OC-06669,2019-03-28,PROV-001,Secretaría C,69659.0
OC-06670,2019-03-28,PROV-001,Secretaría C,69659.0
OC-06671,2019-03-28,PROV-001,Secretaría C,17232.0
OC-06672,2019-03-28,PROV-001,Secretaría G,706.0
OC-06673,2019-03-28,PROV-001,Secretaría G,706.0
OC-06674,2019-03-28,PROV-001,Secretaría C,69659.0
OC-06675,2019-03-28,PROV-001,Secretaría C,69659.0
OC-06676,2019-03-28,PROV-001,Secretaría C,69659.0
OC-06677,2019-03-28,PROV-001,Secretaría C,69659.0
OC-06678,2019-03-28,PROV-001,Secretaría C,69659.0
OC-06679,2019-03-28,PROV-001,Secretaría C,69659.0
OC-06680,2019-03-28,PROV-001,Secretaría C,69659.0
OC-06681,2019-03-28,PROV-001,Secretaría C,69659.0
OC-06682,2019-03-28,PROV-001,Secretaría C,69659.0
OC-06683,2019-03-28,PROV-001,Secretaría C,69659.0
OC-06684,2019-03-28,PROV-001,Secretaría C,69659.0
OC-06685,2019-03-28,PROV-001,Secretaría C,69659.0
OC-06686,2019-03-28,PROV-001,Secretaría C,69659.0
OC-06687,2019-03-28,PROV-001,Secretaría C,69659.0
OC-06688,2019-03-28,PROV-001,Secretaría C,69659.0
OC-06689,2019-03-28,PROV-001,Secretaría C,69659.0
OC-06690,2019-03-28,PROV-001,Secretaría C,69659.0
OC-06691,2019-03-28,PROV-001,Secretaría C,69659.0
OC-06692,2019-03-28,PROV-001,Secretaría C,17278.0
OC-06693,2019-03-28,PROV-001,Secretaría C,17278.0
OC-06694,2019-03-28,PROV-001,Secretaría C,17278.0
OC-06695,2019-03-28,PROV-001,Secretaría C,17278.0
OC-06696,2019-03-28,PROV-001,Secretaría C,17278.0
OC-06697,2019-03-28,PROV-001,Secretaría C,17278.0
OC-06698,2019-03-28,PROV-001,Secretaría C,17278.0
OC-06699,2019-03-28,PROV-001,Secretaría C,17278.0
OC-06700,2019-03-28,PROV-001,Secretaría C,17278.0
OC-06701,2019-03-28,PROV-001,Secretaría C,17278.0
OC-06702,2019-03-28,PROV-001,Secretaría C,17278.0
OC-06703,2019-03-28,PROV-001,Secretaría C,17278.0
OC-06704,2019-03-28,PROV-001,Secretaría C,17278.0
OC-06705,2019-03-28,PROV-001,Secretaría B,59664.0
OC-06706,2019-03-28,PROV-001,Secretaría B,59664.0
OC-06707,2019-03-28,PROV-001,Secretaría B,59664.0
OC-06708,2019-03-28,PROV-001,Secretaría B,59664.0
OC-06709,2019-03-28,PROV-001,Secretaría C,17278.0
OC-06710,2019-03-28,PROV-001,Secretaría B,59664.0
OC-06711,2019-03-28,PROV-001,Secretaría C,17278.0
OC-06712,2019-03-28,PROV-001,Secretaría C,17278.0
OC-06713,2019-03-28,PROV-001,Secretaría C,69659.0
OC-06714,2019-03-28,PROV-001,Secretaría C,69659.0
OC-06715,2019-03-28,PROV-001,Secretaría C,69659.0
OC-06716,2019-03-28,PROV-001,Secretaría C,17278.0
OC-06717,2019-03-28,PROV-001,Secretaría C,17278.0
OC-06718,2019-03-28,PROV-001,Secretaría C,17278.0
OC-06719,2019-03-28,PROV-001,Secretaría C,17278.0
OC-06720,2019-03-28,PROV-001,Secretaría C,17278.0
OC-06721,2019-03-28,PROV-001,Secretaría C,17278.0
OC-06722,2019-03-28,PROV-001,Secretaría C,17278.0
OC-06723,2019-03-28,PROV-001,Secretaría C,17278.0
OC-06724,2019-03-28,PROV-001,Secretaría C,17278.0
OC-06725,2019-03-28,PROV-001,Secretaría C,17278.0
OC-06726,2019-03-28,PROV-001,Secretaría C,17278.0
OC-06727,2019-03-28,PROV-001,Secretaría C,17278.0
OC-06728,2019-03-28,PROV-001,Secretaría C,17278.0
OC-06729,2019-03-28,PROV-001,Secretaría C,17278.0
OC-06730,2019-03-28,PROV-001,Secretaría C,17278.0
OC-06731,2019-03-28,PROV-001,Secretaría C,17232.0
OC-06732,2019-03-28,PROV-001,Secretaría C,69659.0
OC-06733,2019-03-28,PROV-001,Secretaría C,17232.0
OC-06734,2019-03-28,PROV-018,Secretaría B,4954.85
OC-06735,2019-03-28,PROV-018,Secretaría B,4954.85
OC-06736,2019-03-28,PROV-018,Secretaría B,4954.85
OC-06737,2019-03-28,PROV-018,Secretaría B,4954.85
OC-06738,2019-03-28,PROV-018,Secretaría B,4954.85
OC-06739,2019-03-28,PROV-018,Secretaría B,4954.85
OC-06740,2019-03-28,PROV-018,Secretaría B,4954.85
OC-06741,2019-03-28,PROV-018,Secretaría B,4954.85
OC-06742,2019-03-28,PROV-018,Secretaría B,4954.85
OC-06743,2019-03-28,PROV-018,Secretaría B,4954.85
OC-06744,2019-03-28,PROV-018,Secretaría B,4954.85
OC-06745,2019-03-28,PROV-018,Secretaría B,6345.9
OC-06746,2019-03-28,PROV-018,Secretaría B,6345.9
OC-06747,2019-03-28,PROV-018,Secretaría B,6345.9
OC-06748,2019-03-28,PROV-018,Secretaría B,6345.9
OC-06749,2019-03-28,PROV-018,Secretaría B,6345.9
OC-06750,2019-03-28,PROV-018,Secretaría B,4954.85
OC-06751,2019-03-28,PROV-003,Secretaría C,4844.58
OC-06752,2019-03-28,PROV-003,Secretaría C,4844.58
OC-06753,2019-03-28,PROV-001,Secretaría C,4770.0
OC-06754,2019-03-28,PROV-001,Secretaría C,38460.0
OC-06755,2019-03-28,PROV-001,Secretaría C,38460.0
OC-06756,2019-03-28,PROV-001,Secretaría C,38460.0
OC-06757,2019-03-28,PROV-001,Secretaría C,38460.0
OC-06758,2019-03-28,PROV-001,Secretaría C,38460.0
OC-06759,2019-03-28,PROV-001,Secretaría C,38460.0
OC-06760,2019-03-28,PROV-001,Secretaría C,38460.0
OC-06761,2019-03-28,PROV-001,Secretaría C,38460.0
OC-06762,2019-03-28,PROV-001,Secretaría B,2767.0
OC-06763,2019-03-28,PROV-001,Secretaría B,2767.0
OC-06764,2019-03-28,PROV-001,Secretaría B,2767.0
OC-06765,2019-03-28,PROV-001,Secretaría B,2767.0
OC-06766,2019-03-28,PROV-001,Secretaría B,2767.0
OC-06767,2019-03-28,PROV-001,Secretaría B,2767.0
OC-06768,2019-03-28,PROV-001,Secretaría B,2767.0
OC-06769,2019-03-28,PROV-001,Secretaría C,4770.0
OC-06770,2019-03-28,PROV-001,Secretaría C,4770.0
OC-06771,2019-03-28,PROV-018,Secretaría B,6345.9
OC-06772,2019-03-28,PROV-018,Secretaría B,6345.9
OC-06773,2019-03-28,PROV-030,Secretaría C,5954.0
OC-06774,2019-03-28,PROV-001,Secretaría C,17232.0
OC-06775,2019-03-28,PROV-030,Secretaría D,7272.0
OC-06776,2019-03-28,PROV-030,Secretaría D,7272.0
OC-06777,2019-03-28,PROV-030,Secretaría D,7272.0
OC-06778,2019-03-28,PROV-030,Secretaría D,7272.0
OC-06779,2019-03-28,PROV-030,Secretaría D,7272.0
OC-06780,2019-03-28,PROV-030,Secretaría D,7272.0
OC-06781,2019-03-28,PROV-417,Secretaría A,10900.0
OC-06782,2019-03-28,PROV-113,Secretaría C,3571.24
OC-06783,2019-03-28,PROV-113,Secretaría C,3571.24
OC-06784,2019-03-28,PROV-113,Secretaría C,3571.24
OC-06785,2019-03-28,PROV-047,Secretaría F,1192.0
OC-06786,2019-03-28,PROV-047,Secretaría F,1192.0
OC-06787,2019-03-28,PROV-047,Secretaría F,1192.0
OC-06788,2019-03-28,PROV-022,Secretaría C,1426.0
OC-06789,2019-03-28,PROV-435,Secretaría E,22305.0
OC-06790,2019-03-28,PROV-435,Secretaría E,22305.0
OC-06791,2019-03-28,PROV-560,Secretaría E,10250.0
OC-06792,2019-03-28,PROV-030,Secretaría D,7272.0
OC-06793,2019-03-28,PROV-001,Secretaría C,38460.0
OC-06794,2019-03-28,PROV-030,Secretaría D,7272.0
OC-06795,2019-03-28,PROV-030,Secretaría F,9950.0
OC-06796,2019-03-28,PROV-030,Secretaría C,5954.0
OC-06797,2019-03-28,PROV-030,Secretaría C,5954.0
OC-06798,2019-03-28,PROV-030,Secretaría C,5954.0
OC-06799,2019-03-28,PROV-030,Secretaría C,5954.0
OC-06800,2019-03-28,PROV-030,Secretaría C,5954.0
OC-06801,2019-03-28,PROV-030,Secretaría C,5954.0
OC-06802,2019-03-28,PROV-030,Secretaría C,5954.0
OC-06803,2019-03-28,PROV-030,Secretaría C,5954.0
OC-06804,2019-03-28,PROV-030,Secretaría C,5954.0
OC-06805,2019-03-28,PROV-030,Secretaría C,5954.0
OC-06806,2019-03-28,PROV-030,Secretaría C,5954.0
OC-06807,2019-03-28,PROV-030,Secretaría C,5954.0
OC-06808,2019-03-28,PROV-100,Secretaría C,4700.0
OC-06809,2019-03-28,PROV-142,Secretaría C,5270.0
OC-06810,2019-03-28,PROV-077,Secretaría B,1770.0
OC-06811,2019-03-28,PROV-045,Secretaría F,4880.0
OC-06812,2019-03-28,PROV-030,Secretaría F,9950.0
OC-06813,2019-03-28,PROV-092,Secretaría A,9002.0
OC-06814,2019-03-28,PROV-001,Secretaría C,38460.0
OC-06815,2019-03-28,PROV-018,Secretaría B,4954.85
OC-06816,2019-03-28,PROV-001,Secretaría C,38460.0
OC-06817,2019-03-28,PROV-001,Secretaría C,73020.0
OC-06818,2019-03-28,PROV-001,Secretaría C,73020.0
OC-06819,2019-03-28,PROV-001,Secretaría C,73020.0
OC-06820,2019-03-28,PROV-001,Secretaría C,73020.0
OC-06821,2019-03-28,PROV-001,Secretaría C,73020.0
OC-06822,2019-03-28,PROV-001,Secretaría C,73020.0
OC-06823,2019-03-28,PROV-001,Secretaría C,73020.0
OC-06824,2019-03-28,PROV-001,Secretaría C,73020.0
OC-06825,2019-03-28,PROV-001,Secretaría C,73020.0
OC-06826,2019-03-28,PROV-001,Secretaría C,73020.0
OC-06827,2019-03-28,PROV-001,Secretaría C,73020.0
OC-06828,2019-03-28,PROV-001,Secretaría C,73020.0
OC-06829,2019-03-28,PROV-001,Secretaría C,73020.0
OC-06830,2019-03-28,PROV-001,Secretaría C,73020.0
OC-06831,2019-03-28,PROV-001,Secretaría C,73020.0
OC-06832,2019-03-28,PROV-001,Secretaría C,73020.0
OC-06833,2019-03-28,PROV-001,Secretaría C,73020.0
OC-06834,2019-03-28,PROV-001,Secretaría C,73020.0
OC-06835,2019-03-28,PROV-001,Secretaría C,73020.0
OC-06836,2019-03-28,PROV-001,Secretaría C,73020.0
OC-06837,2019-03-28,PROV-001,Secretaría C,73020.0
OC-06838,2019-03-28,PROV-001,Secretaría C,276800.0
OC-06839,2019-03-28,PROV-001,Secretaría C,276800.0
OC-06840,2019-03-28,PROV-001,Secretaría C,276800.0
OC-06841,2019-03-28,PROV-001,Secretaría C,276800.0
OC-06842,2019-03-28,PROV-001,Secretaría C,276800.0
OC-06843,2019-03-28,PROV-001,Secretaría C,276800.0
OC-06844,2019-03-28,PROV-001,Secretaría C,276800.0
OC-06845,2019-03-28,PROV-001,Secretaría C,276800.0
OC-06846,2019-03-28,PROV-001,Secretaría C,276800.0
OC-06847,2019-03-28,PROV-001,Secretaría C,276800.0
OC-06848,2019-03-28,PROV-001,Secretaría C,276800.0
OC-06849,2019-03-28,PROV-001,Secretaría C,276800.0
OC-06850,2019-03-28,PROV-001,Secretaría J,5020.0
OC-06851,2019-03-28,PROV-001,Secretaría J,5020.0
OC-06852,2019-03-28,PROV-001,Secretaría J,5020.0
OC-06853,2019-03-28,PROV-001,Secretaría C,38460.0
OC-06854,2019-03-28,PROV-001,Secretaría J,5020.0
OC-06855,2019-03-28,PROV-001,Secretaría C,73020.0
OC-06856,2019-03-28,PROV-001,Secretaría C,73020.0
OC-06857,2019-03-28,PROV-001,Secretaría J,5020.0
OC-06858,2019-03-28,PROV-001,Secretaría C,73020.0
OC-06859,2019-03-28,PROV-001,Secretaría C,73020.0
OC-06860,2019-03-28,PROV-001,Secretaría C,73020.0
OC-06861,2019-03-28,PROV-001,Secretaría C,73020.0
OC-06862,2019-03-28,PROV-001,Secretaría C,73020.0
OC-06863,2019-03-28,PROV-001,Secretaría C,73020.0
OC-06864,2019-03-28,PROV-001,Secretaría C,73020.0
OC-06865,2019-03-28,PROV-001,Secretaría C,73020.0
OC-06866,2019-03-28,PROV-001,Secretaría C,73020.0
OC-06867,2019-03-28,PROV-001,Secretaría C,73020.0
OC-06868,2019-03-28,PROV-001,Secretaría C,38460.0
OC-06869,2019-03-28,PROV-001,Secretaría C,38460.0
OC-06870,2019-03-28,PROV-001,Secretaría C,38460.0
OC-06871,2019-03-28,PROV-001,Secretaría C,38460.0
OC-06872,2019-03-28,PROV-001,Secretaría C,38460.0
OC-06873,2019-03-28,PROV-001,Secretaría C,38460.0
OC-06874,2019-03-28,PROV-001,Secretaría C,38460.0
OC-06875,2019-03-28,PROV-001,Secretaría C,73020.0
OC-06876,2019-03-28,PROV-001,Secretaría C,73020.0
OC-06877,2019-03-28,PROV-001,Secretaría C,73020.0
OC-06878,2019-03-28,PROV-001,Secretaría C,73020.0
OC-06879,2019-03-28,PROV-001,Secretaría C,73020.0
OC-06880,2019-03-28,PROV-001,Secretaría C,73020.0
OC-06881,2019-03-28,PROV-001,Secretaría C,73020.0
OC-06882,2019-03-28,PROV-001,Secretaría C,73020.0
OC-06883,2019-03-28,PROV-001,Secretaría C,73020.0
OC-06884,2019-03-28,PROV-001,Secretaría C,73020.0
OC-06885,2019-03-28,PROV-001,Secretaría C,73020.0
OC-06886,2019-03-28,PROV-001,Secretaría C,73020.0
OC-06887,2019-03-28,PROV-001,Secretaría C,73020.0
OC-06888,2019-03-28,PROV-001,Secretaría C,73020.0
OC-06889,2019-03-28,PROV-001,Secretaría C,73020.0
OC-06890,2019-03-28,PROV-001,Secretaría C,73020.0
OC-06891,2019-03-28,PROV-001,Secretaría C,73020.0
OC-06892,2019-03-28,PROV-001,Secretaría C,73020.0
OC-06893,2019-03-28,PROV-001,Secretaría C,73020.0
OC-06894,2019-03-28,PROV-001,Secretaría C,73020.0
OC-06895,2019-03-28,PROV-001,Secretaría C,73020.0
OC-06896,2019-03-28,PROV-001,Secretaría C,73020.0
OC-06897,2019-03-29,PROV-105,Secretaría C,5485.1
OC-06898,2019-03-29,PROV-020,Secretaría A,3080.0
OC-06899,2019-03-29,PROV-020,Secretaría A,3080.0
OC-06900,2019-03-29,PROV-074,Secretaría A,900.0
OC-06901,2019-03-29,PROV-105,Secretaría C,5485.1
OC-06902,2019-03-29,PROV-105,Secretaría C,5485.1
OC-06903,2019-03-29,PROV-105,Secretaría C,5485.1
OC-06904,2019-03-29,PROV-105,Secretaría C,5485.1
OC-06905,2019-03-29,PROV-141,Secretaría A,2854.0
OC-06906,2019-03-29,PROV-105,Secretaría C,5485.1
OC-06907,2019-03-29,PROV-408,Secretaría A,1480.0
OC-06908,2019-03-29,PROV-003,Secretaría C,4017.23
OC-06909,2019-03-29,PROV-141,Secretaría A,800.18
OC-06910,2019-03-29,PROV-141,Secretaría A,800.18
OC-06911,2019-03-29,PROV-141,Secretaría A,800.18
OC-06912,2019-03-29,PROV-049,Secretaría B,42345.24
OC-06913,2019-03-29,PROV-049,Secretaría B,42345.24
OC-06914,2019-03-29,PROV-380,Secretaría C,1400.0
OC-06915,2019-03-29,PROV-064,Secretaría A,45575.0
OC-06916,2019-03-29,PROV-064,Secretaría A,45575.0
OC-06917,2019-03-29,PROV-105,Secretaría C,5485.1
OC-06918,2019-03-29,PROV-074,Secretaría A,19870.0
OC-06919,2019-03-29,PROV-141,Secretaría A,800.18
OC-06920,2019-03-29,PROV-105,Secretaría C,5485.1
OC-06921,2019-03-29,PROV-050,Secretaría C,14514.0
OC-06922,2019-03-29,PROV-105,Secretaría C,5485.1
OC-06923,2019-03-29,PROV-030,Secretaría C,6340.0
OC-06924,2019-03-29,PROV-544,Secretaría E,1500.0
OC-06925,2019-03-29,PROV-275,Secretaría E,6000.0
OC-06926,2019-03-29,PROV-050,Secretaría C,14514.0
OC-06927,2019-03-29,PROV-050,Secretaría C,14514.0
OC-06928,2019-03-29,PROV-050,Secretaría C,14514.0
OC-06929,2019-03-29,PROV-050,Secretaría C,14514.0
OC-06930,2019-03-29,PROV-050,Secretaría C,14514.0
OC-06931,2019-03-29,PROV-050,Secretaría C,14514.0
OC-06932,2019-03-29,PROV-050,Secretaría C,14514.0
OC-06933,2019-03-29,PROV-050,Secretaría C,14514.0
OC-06934,2019-03-29,PROV-050,Secretaría C,14514.0
OC-06935,2019-03-29,PROV-050,Secretaría C,14514.0
OC-06936,2019-03-29,PROV-092,Secretaría E,9002.0
OC-06937,2019-03-29,PROV-003,Secretaría B,1849.91
OC-06938,2019-03-29,PROV-003,Secretaría B,1849.91
OC-06939,2019-03-29,PROV-003,Secretaría B,1849.91
OC-06940,2019-03-29,PROV-003,Secretaría B,1849.91
OC-06941,2019-03-29,PROV-105,Secretaría C,5485.1
OC-06942,2019-03-29,PROV-105,Secretaría C,5485.1
OC-06943,2019-03-29,PROV-105,Secretaría C,5485.1
OC-06944,2019-03-29,PROV-105,Secretaría C,5485.1
OC-06945,2019-03-29,PROV-105,Secretaría C,5485.1
OC-06946,2019-03-29,PROV-105,Secretaría C,5485.1
OC-06947,2019-03-29,PROV-030,Secretaría C,6340.0
OC-06948,2019-03-29,PROV-064,Secretaría A,45575.0
OC-06949,2019-03-29,PROV-030,Secretaría C,6340.0
OC-06950,2019-03-29,PROV-048,Secretaría A,84300.0
OC-06951,2019-03-29,PROV-025,Secretaría D,179710.13
OC-06952,2019-03-29,PROV-025,Secretaría D,179710.13
OC-06953,2019-03-29,PROV-025,Secretaría D,179710.13
OC-06954,2019-03-29,PROV-034,Secretaría F,6085.0
OC-06955,2019-03-29,PROV-034,Secretaría F,6085.0
OC-06956,2019-03-29,PROV-034,Secretaría F,6085.0
OC-06957,2019-03-29,PROV-034,Secretaría F,6085.0
OC-06958,2019-03-29,PROV-034,Secretaría F,4340.0
OC-06959,2019-03-29,PROV-034,Secretaría F,4340.0
OC-06960,2019-03-29,PROV-034,Secretaría F,4340.0
OC-06961,2019-03-29,PROV-034,Secretaría F,4340.0
OC-06962,2019-03-29,PROV-034,Secretaría F,4340.0
OC-06963,2019-03-29,PROV-034,Secretaría F,4340.0
OC-06964,2019-03-29,PROV-034,Secretaría F,4340.0
OC-06965,2019-03-29,PROV-034,Secretaría F,4340.0
OC-06966,2019-03-29,PROV-468,Secretaría C,2400.0
OC-06967,2019-03-29,PROV-020,Secretaría A,2150.0
OC-06968,2019-03-29,PROV-020,Secretaría D,1972.98
OC-06969,2019-03-29,PROV-020,Secretaría D,1972.98
OC-06970,2019-03-29,PROV-034,Secretaría D,1980.0
OC-06971,2019-03-29,PROV-034,Secretaría D,1980.0
OC-06972,2019-03-29,PROV-030,Secretaría C,6340.0
OC-06973,2019-03-29,PROV-048,Secretaría A,84300.0
OC-06974,2019-03-29,PROV-020,Secretaría A,3769.4
OC-06975,2019-03-29,PROV-020,Secretaría D,1972.98
OC-06976,2019-03-29,PROV-020,Secretaría A,4650.0
OC-06977,2019-03-29,PROV-030,Secretaría C,6340.0
OC-06978,2019-03-29,PROV-020,Secretaría A,3769.4
OC-06979,2019-03-29,PROV-018,Secretaría D,9864.1
OC-06980,2019-03-29,PROV-033,Secretaría C,16415.0
OC-06981,2019-03-29,PROV-033,Secretaría C,16415.0
OC-06982,2019-03-29,PROV-033,Secretaría C,16415.0
OC-06983,2019-03-29,PROV-033,Secretaría C,16415.0
OC-06984,2019-03-29,PROV-033,Secretaría C,16415.0
OC-06985,2019-03-29,PROV-033,Secretaría C,16415.0
OC-06986,2019-03-29,PROV-033,Secretaría C,16415.0
OC-06987,2019-03-29,PROV-033,Secretaría C,16415.0
OC-06988,2019-03-29,PROV-356,Secretaría C,2457.0
OC-06989,2019-03-29,PROV-033,Secretaría C,16415.0
OC-06990,2019-03-29,PROV-033,Secretaría C,16415.0
OC-06991,2019-03-29,PROV-040,Secretaría B,9375.0
OC-06992,2019-03-29,PROV-003,Secretaría C,494.49
OC-06993,2019-03-29,PROV-003,Secretaría C,494.49
OC-06994,2019-03-29,PROV-003,Secretaría C,494.49
OC-06995,2019-03-29,PROV-001,Secretaría B,2040.0
OC-06996,2019-03-29,PROV-087,Secretaría B,2560.0
OC-06997,2019-03-29,PROV-087,Secretaría B,2560.0
OC-06998,2019-03-29,PROV-033,Secretaría C,16415.0
OC-06999,2019-03-29,PROV-003,Secretaría C,494.49
OC-07000,2019-04-01,PROV-007,Secretaría C,85160.0
OC-07001,2019-04-01,PROV-007,Secretaría C,85160.0
OC-07002,2019-04-01,PROV-007,Secretaría C,85160.0
OC-07003,2019-04-01,PROV-007,Secretaría C,85160.0
OC-07004,2019-04-01,PROV-007,Secretaría C,85160.0
OC-07005,2019-04-01,PROV-007,Secretaría C,85160.0
OC-07006,2019-04-01,PROV-007,Secretaría C,85160.0
OC-07007,2019-04-01,PROV-007,Secretaría C,85160.0
OC-07008,2019-04-01,PROV-007,Secretaría C,33500.0
OC-07009,2019-04-01,PROV-007,Secretaría C,7280.0
OC-07010,2019-04-01,PROV-007,Secretaría C,33500.0
OC-07011,2019-04-01,PROV-007,Secretaría C,33500.0
OC-07012,2019-04-01,PROV-007,Secretaría C,33500.0
OC-07013,2019-04-01,PROV-007,Secretaría C,33500.0
OC-07014,2019-04-01,PROV-007,Secretaría C,33500.0
OC-07015,2019-04-01,PROV-050,Secretaría C,4388.0
OC-07016,2019-04-01,PROV-007,Secretaría C,85160.0
OC-07017,2019-04-01,PROV-050,Secretaría C,4388.0
OC-07018,2019-04-01,PROV-007,Secretaría C,7280.0
OC-07019,2019-04-01,PROV-007,Secretaría C,85160.0
OC-07020,2019-04-01,PROV-007,Secretaría B,125135.0
OC-07021,2019-04-01,PROV-007,Secretaría C,85160.0
OC-07022,2019-04-01,PROV-194,Secretaría A,5175.0
OC-07023,2019-04-01,PROV-007,Secretaría C,27500.0
OC-07024,2019-04-01,PROV-007,Secretaría C,27500.0
OC-07025,2019-04-01,PROV-007,Secretaría B,125135.0
OC-07026,2019-04-01,PROV-007,Secretaría B,125135.0
OC-07027,2019-04-01,PROV-007,Secretaría B,125135.0
OC-07028,2019-04-01,PROV-007,Secretaría B,125135.0
OC-07029,2019-04-01,PROV-007,Secretaría B,125135.0
OC-07030,2019-04-01,PROV-007,Secretaría B,125135.0
OC-07031,2019-04-01,PROV-007,Secretaría C,85160.0
OC-07032,2019-04-01,PROV-007,Secretaría B,125135.0
OC-07033,2019-04-01,PROV-007,Secretaría B,125135.0
OC-07034,2019-04-01,PROV-007,Secretaría B,125135.0
OC-07035,2019-04-01,PROV-007,Secretaría B,18320.0
OC-07036,2019-04-01,PROV-007,Secretaría C,47685.0
OC-07037,2019-04-01,PROV-007,Secretaría C,47685.0
OC-07038,2019-04-01,PROV-007,Secretaría C,47685.0
OC-07039,2019-04-01,PROV-007,Secretaría C,47685.0
OC-07040,2019-04-01,PROV-007,Secretaría C,47685.0
OC-07041,2019-04-01,PROV-007,Secretaría A,88500.0
OC-07042,2019-04-01,PROV-007,Secretaría B,125135.0
OC-07043,2019-04-01,PROV-109,Secretaría C,14729.0
OC-07044,2019-04-01,PROV-007,Secretaría C,85160.0
OC-07045,2019-04-01,PROV-109,Secretaría C,14729.0
OC-07046,2019-04-01,PROV-030,Secretaría C,13839.0
OC-07047,2019-04-01,PROV-030,Secretaría C,13839.0
OC-07048,2019-04-01,PROV-030,Secretaría C,13839.0
OC-07049,2019-04-01,PROV-030,Secretaría C,13839.0
OC-07050,2019-04-01,PROV-030,Secretaría C,13839.0
OC-07051,2019-04-01,PROV-030,Secretaría C,13839.0
OC-07052,2019-04-01,PROV-030,Secretaría C,13839.0
OC-07053,2019-04-01,PROV-030,Secretaría C,13839.0
OC-07054,2019-04-01,PROV-030,Secretaría C,13839.0
OC-07055,2019-04-01,PROV-030,Secretaría C,13839.0
OC-07056,2019-04-01,PROV-030,Secretaría C,13839.0
OC-07057,2019-04-01,PROV-030,Secretaría C,13839.0
OC-07058,2019-04-01,PROV-030,Secretaría C,13839.0
OC-07059,2019-04-01,PROV-030,Secretaría C,13839.0
OC-07060,2019-04-01,PROV-183,Secretaría B,1842.0
OC-07061,2019-04-01,PROV-113,Secretaría B,2200.0
OC-07062,2019-04-01,PROV-355,Secretaría B,34250.0
OC-07063,2019-04-01,PROV-147,Secretaría C,3300.0
OC-07064,2019-04-01,PROV-109,Secretaría C,14729.0
OC-07065,2019-04-01,PROV-030,Secretaría C,13839.0
OC-07066,2019-04-01,PROV-003,Secretaría C,4292.63
OC-07067,2019-04-01,PROV-414,Secretaría B,2280.0
OC-07068,2019-04-01,PROV-003,Secretaría C,4292.63
OC-07069,2019-04-01,PROV-003,Secretaría C,4292.63
OC-07070,2019-04-01,PROV-109,Secretaría C,2992.5
OC-07071,2019-04-01,PROV-109,Secretaría C,7545.0
OC-07072,2019-04-01,PROV-109,Secretaría C,7545.0
OC-07073,2019-04-01,PROV-109,Secretaría C,7545.0
OC-07074,2019-04-01,PROV-109,Secretaría C,2088.0
OC-07075,2019-04-01,PROV-109,Secretaría C,2088.0
OC-07076,2019-04-01,PROV-109,Secretaría C,3411.0
OC-07077,2019-04-01,PROV-109,Secretaría C,3411.0
OC-07078,2019-04-01,PROV-109,Secretaría C,2992.5
OC-07079,2019-04-01,PROV-194,Secretaría B,11195.0
OC-07080,2019-04-01,PROV-003,Secretaría C,4292.63
OC-07081,2019-04-01,PROV-109,Secretaría C,3411.0
OC-07082,2019-04-01,PROV-003,Secretaría C,4292.63
OC-07083,2019-04-01,PROV-003,Secretaría C,4292.63
OC-07084,2019-04-01,PROV-109,Secretaría C,14729.0
OC-07085,2019-04-01,PROV-003,Secretaría C,4292.63
OC-07086,2019-04-01,PROV-003,Secretaría C,4292.63
OC-07087,2019-04-01,PROV-194,Secretaría B,11195.0
OC-07088,2019-04-01,PROV-194,Secretaría B,11195.0
OC-07089,2019-04-01,PROV-003,Secretaría C,4292.63
OC-07090,2019-04-03,PROV-011,Secretaría C,37703.0
OC-07091,2019-04-03,PROV-011,Secretaría C,37703.0
OC-07092,2019-04-03,PROV-011,Secretaría C,37703.0
OC-07093,2019-04-03,PROV-011,Secretaría B,26912.0
OC-07094,2019-04-03,PROV-011,Secretaría B,26912.0
OC-07095,2019-04-03,PROV-011,Secretaría B,26912.0
OC-07096,2019-04-03,PROV-011,Secretaría B,26912.0
OC-07097,2019-04-03,PROV-011,Secretaría B,26912.0
OC-07098,2019-04-03,PROV-011,Secretaría B,26912.0
OC-07099,2019-04-03,PROV-011,Secretaría B,26912.0
OC-07100,2019-04-03,PROV-011,Secretaría B,26912.0
OC-07101,2019-04-03,PROV-011,Secretaría B,26912.0
OC-07102,2019-04-03,PROV-011,Secretaría B,52493.0
OC-07103,2019-04-03,PROV-011,Secretaría B,52493.0
OC-07104,2019-04-03,PROV-011,Secretaría C,37703.0
OC-07105,2019-04-03,PROV-011,Secretaría B,52493.0
OC-07106,2019-04-03,PROV-011,Secretaría B,26912.0
OC-07107,2019-04-03,PROV-011,Secretaría B,26912.0
OC-07108,2019-04-03,PROV-011,Secretaría C,37703.0
OC-07109,2019-04-03,PROV-011,Secretaría C,37703.0
OC-07110,2019-04-03,PROV-011,Secretaría B,52493.0
OC-07111,2019-04-03,PROV-011,Secretaría C,64346.0
OC-07112,2019-04-03,PROV-011,Secretaría C,37703.0
OC-07113,2019-04-03,PROV-011,Secretaría C,37703.0
OC-07114,2019-04-03,PROV-011,Secretaría C,37703.0
OC-07115,2019-04-03,PROV-011,Secretaría C,37703.0
OC-07116,2019-04-03,PROV-011,Secretaría C,37703.0
OC-07117,2019-04-03,PROV-011,Secretaría C,37703.0
OC-07118,2019-04-03,PROV-011,Secretaría C,37703.0
OC-07119,2019-04-03,PROV-011,Secretaría C,37703.0
OC-07120,2019-04-03,PROV-011,Secretaría C,37703.0
OC-07121,2019-04-03,PROV-011,Secretaría C,37703.0
OC-07122,2019-04-03,PROV-011,Secretaría C,37703.0
OC-07123,2019-04-03,PROV-011,Secretaría C,37703.0
OC-07124,2019-04-03,PROV-011,Secretaría C,37703.0
OC-07125,2019-04-03,PROV-011,Secretaría C,37703.0
OC-07126,2019-04-03,PROV-011,Secretaría C,37703.0
OC-07127,2019-04-03,PROV-011,Secretaría C,37703.0
OC-07128,2019-04-03,PROV-011,Secretaría B,52493.0
OC-07129,2019-04-03,PROV-114,Secretaría C,8456.55
OC-07130,2019-04-03,PROV-011,Secretaría B,52493.0
OC-07131,2019-04-03,PROV-114,Secretaría C,8456.55
OC-07132,2019-04-03,PROV-114,Secretaría C,8456.55
OC-07133,2019-04-03,PROV-114,Secretaría C,8456.55
OC-07134,2019-04-03,PROV-114,Secretaría C,8456.55
OC-07135,2019-04-03,PROV-114,Secretaría C,8456.55
OC-07136,2019-04-03,PROV-114,Secretaría C,8456.55
OC-07137,2019-04-03,PROV-114,Secretaría C,8456.55
OC-07138,2019-04-03,PROV-114,Secretaría C,8456.55
OC-07139,2019-04-03,PROV-114,Secretaría C,8456.55
OC-07140,2019-04-03,PROV-114,Secretaría C,8456.55
OC-07141,2019-04-03,PROV-114,Secretaría C,8456.55
OC-07142,2019-04-03,PROV-052,Secretaría A,20422.0
OC-07143,2019-04-03,PROV-052,Secretaría A,20422.0
OC-07144,2019-04-03,PROV-052,Secretaría A,20422.0
OC-07145,2019-04-03,PROV-052,Secretaría A,20422.0
OC-07146,2019-04-03,PROV-011,Secretaría C,64346.0
OC-07147,2019-04-03,PROV-114,Secretaría C,8456.55
OC-07148,2019-04-03,PROV-114,Secretaría C,8456.55
OC-07149,2019-04-03,PROV-114,Secretaría C,8456.55
OC-07150,2019-04-03,PROV-114,Secretaría C,8456.55
OC-07151,2019-04-03,PROV-011,Secretaría B,52493.0
OC-07152,2019-04-03,PROV-011,Secretaría B,52493.0
OC-07153,2019-04-03,PROV-011,Secretaría B,52493.0
OC-07154,2019-04-03,PROV-011,Secretaría B,52493.0
OC-07155,2019-04-03,PROV-011,Secretaría B,52493.0
OC-07156,2019-04-03,PROV-011,Secretaría B,52493.0
OC-07157,2019-04-03,PROV-011,Secretaría B,52493.0
OC-07158,2019-04-03,PROV-011,Secretaría B,52493.0
OC-07159,2019-04-03,PROV-011,Secretaría B,52493.0
OC-07160,2019-04-03,PROV-011,Secretaría B,52493.0
OC-07161,2019-04-03,PROV-011,Secretaría B,52493.0
OC-07162,2019-04-03,PROV-011,Secretaría B,52493.0
OC-07163,2019-04-03,PROV-011,Secretaría B,52493.0
OC-07164,2019-04-03,PROV-011,Secretaría B,52493.0
OC-07165,2019-04-03,PROV-011,Secretaría B,52493.0
OC-07166,2019-04-03,PROV-011,Secretaría B,52493.0
OC-07167,2019-04-03,PROV-011,Secretaría B,52493.0
OC-07168,2019-04-03,PROV-011,Secretaría B,52493.0
OC-07169,2019-04-03,PROV-011,Secretaría C,64346.0
OC-07170,2019-04-03,PROV-011,Secretaría C,64346.0
OC-07171,2019-04-03,PROV-011,Secretaría C,64346.0
OC-07172,2019-04-03,PROV-011,Secretaría C,15955.0
OC-07173,2019-04-03,PROV-011,Secretaría C,15955.0
OC-07174,2019-04-03,PROV-011,Secretaría C,15955.0
OC-07175,2019-04-03,PROV-011,Secretaría C,15955.0
OC-07176,2019-04-03,PROV-011,Secretaría C,15955.0
OC-07177,2019-04-03,PROV-011,Secretaría C,15955.0
OC-07178,2019-04-03,PROV-011,Secretaría C,15955.0
OC-07179,2019-04-03,PROV-011,Secretaría C,15955.0
OC-07180,2019-04-03,PROV-011,Secretaría C,15955.0
OC-07181,2019-04-03,PROV-011,Secretaría C,15955.0
OC-07182,2019-04-03,PROV-011,Secretaría C,15955.0
OC-07183,2019-04-03,PROV-011,Secretaría C,15955.0
OC-07184,2019-04-03,PROV-011,Secretaría C,15955.0
OC-07185,2019-04-03,PROV-011,Secretaría C,15955.0
OC-07186,2019-04-03,PROV-011,Secretaría C,15955.0
OC-07187,2019-04-03,PROV-011,Secretaría C,15955.0
OC-07188,2019-04-03,PROV-011,Secretaría C,15955.0
OC-07189,2019-04-03,PROV-011,Secretaría C,6775.0
OC-07190,2019-04-03,PROV-011,Secretaría C,15955.0
OC-07191,2019-04-03,PROV-011,Secretaría C,7635.0
OC-07192,2019-04-03,PROV-011,Secretaría C,7635.0
OC-07193,2019-04-03,PROV-011,Secretaría C,7635.0
OC-07194,2019-04-03,PROV-011,Secretaría C,7635.0
OC-07195,2019-04-03,PROV-011,Secretaría C,7635.0
OC-07196,2019-04-03,PROV-011,Secretaría C,7635.0
OC-07197,2019-04-03,PROV-011,Secretaría C,7635.0
OC-07198,2019-04-03,PROV-011,Secretaría C,7635.0
OC-07199,2019-04-03,PROV-011,Secretaría C,7635.0
OC-07200,2019-04-03,PROV-011,Secretaría C,7635.0
OC-07201,2019-04-03,PROV-011,Secretaría C,7635.0
OC-07202,2019-04-03,PROV-011,Secretaría C,7635.0
OC-07203,2019-04-03,PROV-011,Secretaría C,7635.0
OC-07204,2019-04-03,PROV-011,Secretaría C,7635.0
OC-07205,2019-04-03,PROV-011,Secretaría C,7635.0
OC-07206,2019-04-03,PROV-011,Secretaría C,7635.0
OC-07207,2019-04-03,PROV-011,Secretaría C,7635.0
OC-07208,2019-04-03,PROV-011,Secretaría C,7635.0
OC-07209,2019-04-03,PROV-011,Secretaría C,6775.0
OC-07210,2019-04-03,PROV-011,Secretaría C,7635.0
OC-07211,2019-04-03,PROV-011,Secretaría C,6775.0
OC-07212,2019-04-03,PROV-011,Secretaría C,64346.0
OC-07213,2019-04-03,PROV-011,Secretaría C,64346.0
OC-07214,2019-04-03,PROV-011,Secretaría C,64346.0
OC-07215,2019-04-03,PROV-011,Secretaría C,64346.0
OC-07216,2019-04-03,PROV-011,Secretaría C,64346.0
OC-07217,2019-04-03,PROV-011,Secretaría C,64346.0
OC-07218,2019-04-03,PROV-011,Secretaría C,64346.0
OC-07219,2019-04-03,PROV-011,Secretaría C,64346.0
OC-07220,2019-04-03,PROV-011,Secretaría C,64346.0
OC-07221,2019-04-03,PROV-011,Secretaría C,64346.0
OC-07222,2019-04-03,PROV-011,Secretaría C,64346.0
OC-07223,2019-04-03,PROV-011,Secretaría C,64346.0
OC-07224,2019-04-03,PROV-011,Secretaría C,64346.0
OC-07225,2019-04-03,PROV-011,Secretaría C,64346.0
OC-07226,2019-04-03,PROV-011,Secretaría C,64346.0
OC-07227,2019-04-03,PROV-011,Secretaría C,6775.0
OC-07228,2019-04-03,PROV-011,Secretaría C,64346.0
OC-07229,2019-04-03,PROV-011,Secretaría C,64346.0
OC-07230,2019-04-03,PROV-011,Secretaría C,64346.0
OC-07231,2019-04-03,PROV-011,Secretaría C,64346.0
OC-07232,2019-04-03,PROV-011,Secretaría C,64346.0
OC-07233,2019-04-03,PROV-011,Secretaría C,6775.0
OC-07234,2019-04-03,PROV-011,Secretaría C,6775.0
OC-07235,2019-04-03,PROV-011,Secretaría C,6775.0
OC-07236,2019-04-03,PROV-011,Secretaría C,6775.0
OC-07237,2019-04-03,PROV-011,Secretaría C,6775.0
OC-07238,2019-04-03,PROV-011,Secretaría C,6775.0
OC-07239,2019-04-03,PROV-011,Secretaría C,6775.0
OC-07240,2019-04-03,PROV-011,Secretaría C,6775.0
OC-07241,2019-04-03,PROV-011,Secretaría C,6775.0
OC-07242,2019-04-03,PROV-011,Secretaría C,6775.0
OC-07243,2019-04-03,PROV-011,Secretaría C,6775.0
OC-07244,2019-04-03,PROV-011,Secretaría C,6775.0
OC-07245,2019-04-03,PROV-011,Secretaría C,6775.0
OC-07246,2019-04-03,PROV-011,Secretaría C,6775.0
OC-07247,2019-04-03,PROV-011,Secretaría C,6775.0
OC-07248,2019-04-03,PROV-011,Secretaría C,6775.0
OC-07249,2019-04-03,PROV-011,Secretaría C,64346.0
OC-07250,2019-04-04,PROV-030,Secretaría B,1957.0
OC-07251,2019-04-04,PROV-030,Secretaría B,1957.0
OC-07252,2019-04-04,PROV-030,Secretaría A,13500.0
OC-07253,2019-04-04,PROV-030,Secretaría D,4256.0
OC-07254,2019-04-04,PROV-030,Secretaría D,4256.0
OC-07255,2019-04-04,PROV-030,Secretaría D,4256.0
OC-07256,2019-04-04,PROV-030,Secretaría D,4755.0
OC-07257,2019-04-04,PROV-030,Secretaría D,4256.0
OC-07258,2019-04-04,PROV-030,Secretaría D,4755.0
OC-07259,2019-04-04,PROV-045,Secretaría C,5251.7
OC-07260,2019-04-04,PROV-045,Secretaría C,5251.7
OC-07261,2019-04-04,PROV-045,Secretaría C,5251.7
OC-07262,2019-04-04,PROV-030,Secretaría D,4256.0
OC-07263,2019-04-04,PROV-030,Secretaría B,1957.0
OC-07264,2019-04-04,PROV-030,Secretaría B,1957.0
OC-07265,2019-04-04,PROV-030,Secretaría B,1957.0
OC-07266,2019-04-04,PROV-030,Secretaría B,1957.0
OC-07267,2019-04-04,PROV-030,Secretaría B,1957.0
OC-07268,2019-04-04,PROV-030,Secretaría B,1957.0
OC-07269,2019-04-04,PROV-030,Secretaría B,1957.0
OC-07270,2019-04-04,PROV-030,Secretaría B,1957.0
OC-07271,2019-04-04,PROV-030,Secretaría B,1957.0
OC-07272,2019-04-04,PROV-030,Secretaría B,1957.0
OC-07273,2019-04-04,PROV-030,Secretaría B,1957.0
OC-07274,2019-04-04,PROV-169,Secretaría C,10500.0
OC-07275,2019-04-04,PROV-169,Secretaría C,10500.0
OC-07276,2019-04-04,PROV-003,Secretaría B,12278.34
OC-07277,2019-04-04,PROV-045,Secretaría C,5251.7
OC-07278,2019-04-04,PROV-003,Secretaría B,12278.34
OC-07279,2019-04-04,PROV-030,Secretaría B,1957.0
OC-07280,2019-04-04,PROV-045,Secretaría C,5251.7
OC-07281,2019-04-04,PROV-105,Secretaría A,1090.0
OC-07282,2019-04-04,PROV-033,Secretaría A,27179.0
OC-07283,2019-04-04,PROV-003,Secretaría B,12278.34
OC-07284,2019-04-04,PROV-114,Secretaría C,5580.0
OC-07285,2019-04-04,PROV-114,Secretaría C,5580.0
OC-07286,2019-04-04,PROV-272,Secretaría D,1510.0
OC-07287,2019-04-04,PROV-229,Secretaría G,171360.0
OC-07288,2019-04-04,PROV-020,Secretaría A,4400.0
OC-07289,2019-04-04,PROV-020,Secretaría A,718.71
OC-07290,2019-04-04,PROV-020,Secretaría A,718.71
OC-07291,2019-04-04,PROV-020,Secretaría A,4900.0
OC-07292,2019-04-04,PROV-213,Secretaría E,121600.0
OC-07293,2019-04-04,PROV-346,Secretaría E,30000.0
OC-07294,2019-04-04,PROV-105,Secretaría A,1090.0
OC-07295,2019-04-04,PROV-105,Secretaría A,1090.0
OC-07296,2019-04-04,PROV-105,Secretaría A,1090.0
OC-07297,2019-04-04,PROV-045,Secretaría C,5251.7
OC-07298,2019-04-04,PROV-313,Secretaría C,108900.0
OC-07299,2019-04-04,PROV-020,Secretaría A,2760.0
OC-07300,2019-04-04,PROV-020,Secretaría A,4916.88
OC-07301,2019-04-04,PROV-020,Secretaría A,4916.88
OC-07302,2019-04-04,PROV-020,Secretaría A,4916.88
OC-07303,2019-04-04,PROV-020,Secretaría A,4916.88
OC-07304,2019-04-04,PROV-020,Secretaría A,4916.88
OC-07305,2019-04-04,PROV-020,Secretaría A,4916.88
OC-07306,2019-04-04,PROV-020,Secretaría A,4916.88
OC-07307,2019-04-04,PROV-033,Secretaría A,27179.0
OC-07308,2019-04-04,PROV-033,Secretaría A,27179.0
OC-07309,2019-04-04,PROV-033,Secretaría A,27179.0
OC-07310,2019-04-04,PROV-033,Secretaría A,27179.0
OC-07311,2019-04-04,PROV-033,Secretaría A,27179.0
OC-07312,2019-04-04,PROV-033,Secretaría A,27179.0
OC-07313,2019-04-04,PROV-169,Secretaría G,2400.0
OC-07314,2019-04-04,PROV-003,Secretaría B,12278.34
OC-07315,2019-04-04,PROV-368,Secretaría E,3775.2
OC-07316,2019-04-04,PROV-003,Secretaría B,12278.34
OC-07317,2019-04-04,PROV-142,Secretaría B,2240.0
OC-07318,2019-04-04,PROV-124,Secretaría B,6720.0
OC-07319,2019-04-04,PROV-103,Secretaría B,14400.0
OC-07320,2019-04-04,PROV-103,Secretaría C,31200.0
OC-07321,2019-04-04,PROV-103,Secretaría C,2520.0
OC-07322,2019-04-04,PROV-103,Secretaría C,25600.0
OC-07323,2019-04-04,PROV-103,Secretaría C,6437.0
OC-07324,2019-04-04,PROV-103,Secretaría C,6437.0
OC-07325,2019-04-04,PROV-103,Secretaría C,6437.0
OC-07326,2019-04-04,PROV-103,Secretaría C,6437.0
OC-07327,2019-04-04,PROV-103,Secretaría C,6437.0
OC-07328,2019-04-04,PROV-103,Secretaría C,6437.0
OC-07329,2019-04-04,PROV-103,Secretaría C,6437.0
OC-07330,2019-04-04,PROV-031,Secretaría B,34594.0
OC-07331,2019-04-04,PROV-031,Secretaría B,34594.0
OC-07332,2019-04-04,PROV-031,Secretaría B,34594.0
OC-07333,2019-04-04,PROV-031,Secretaría B,34594.0
OC-07334,2019-04-04,PROV-003,Secretaría B,12278.34
OC-07335,2019-04-04,PROV-031,Secretaría B,34594.0
OC-07336,2019-04-04,PROV-031,Secretaría B,34594.0
OC-07337,2019-04-04,PROV-031,Secretaría B,34594.0
OC-07338,2019-04-04,PROV-031,Secretaría B,34594.0
OC-07339,2019-04-04,PROV-031,Secretaría B,34594.0
OC-07340,2019-04-04,PROV-031,Secretaría B,34594.0
OC-07341,2019-04-04,PROV-031,Secretaría B,34594.0
OC-07342,2019-04-04,PROV-055,Secretaría H,2080.0
OC-07343,2019-04-04,PROV-055,Secretaría H,2080.0
OC-07344,2019-04-04,PROV-191,Secretaría E,211500.0
OC-07345,2019-04-04,PROV-210,Secretaría E,180000.0
OC-07346,2019-04-04,PROV-142,Secretaría B,21000.0
OC-07347,2019-04-04,PROV-124,Secretaría C,18460.0
OC-07348,2019-04-04,PROV-031,Secretaría B,34594.0
OC-07349,2019-04-04,PROV-320,Secretaría C,3792.0
OC-07350,2019-04-04,PROV-124,Secretaría C,18460.0
OC-07351,2019-04-04,PROV-003,Secretaría B,12278.34
OC-07352,2019-04-04,PROV-003,Secretaría B,12278.34
OC-07353,2019-04-04,PROV-003,Secretaría B,12278.34
OC-07354,2019-04-04,PROV-100,Secretaría B,1560.0
OC-07355,2019-04-04,PROV-100,Secretaría B,1560.0
OC-07356,2019-04-04,PROV-050,Secretaría C,4148.0
OC-07357,2019-04-04,PROV-050,Secretaría C,4148.0
OC-07358,2019-04-04,PROV-050,Secretaría C,4148.0
OC-07359,2019-04-04,PROV-050,Secretaría C,4148.0
OC-07360,2019-04-04,PROV-050,Secretaría C,4148.0
OC-07361,2019-04-04,PROV-030,Secretaría A,2304.0
OC-07362,2019-04-04,PROV-140,Secretaría A,5200.0
OC-07363,2019-04-04,PROV-470,Secretaría C,8000.0
OC-07364,2019-04-04,PROV-468,Secretaría C,3960.0
OC-07365,2019-04-04,PROV-050,Secretaría C,4148.0
OC-07366,2019-04-04,PROV-616,Secretaría E,920.0
OC-07367,2019-04-04,PROV-320,Secretaría C,3792.0
OC-07368,2019-04-04,PROV-084,Secretaría H,2100.0
OC-07369,2019-04-04,PROV-211,Secretaría C,1400.0
OC-07370,2019-04-04,PROV-149,Secretaría F,1000.0
OC-07371,2019-04-04,PROV-149,Secretaría F,1000.0
OC-07372,2019-04-04,PROV-170,Secretaría E,3070.4
OC-07373,2019-04-04,PROV-055,Secretaría C,2800.0
OC-07374,2019-04-04,PROV-272,Secretaría I,360.0
OC-07375,2019-04-04,PROV-088,Secretaría C,12500.0
OC-07376,2019-04-04,PROV-576,Secretaría B,1785.0
OC-07377,2019-04-04,PROV-576,Secretaría B,1785.0
OC-07378,2019-04-04,PROV-576,Secretaría B,1785.0
OC-07379,2019-04-04,PROV-368,Secretaría E,3775.2
OC-07380,2019-04-05,PROV-027,Secretaría C,26188.0
OC-07381,2019-04-05,PROV-010,Secretaría F,17256.0
OC-07382,2019-04-05,PROV-027,Secretaría C,26188.0
OC-07383,2019-04-05,PROV-027,Secretaría C,26188.0
OC-07384,2019-04-05,PROV-142,Secretaría C,2030.0
OC-07385,2019-04-05,PROV-027,Secretaría C,26188.0
OC-07386,2019-04-05,PROV-010,Secretaría H,8628.0
OC-07387,2019-04-05,PROV-027,Secretaría C,26188.0
OC-07388,2019-04-05,PROV-027,Secretaría C,15738.0
OC-07389,2019-04-05,PROV-027,Secretaría C,15738.0
OC-07390,2019-04-05,PROV-027,Secretaría C,15738.0
OC-07391,2019-04-05,PROV-027,Secretaría C,15738.0
OC-07392,2019-04-05,PROV-027,Secretaría C,15738.0
OC-07393,2019-04-05,PROV-027,Secretaría C,4323.0
OC-07394,2019-04-05,PROV-027,Secretaría C,4323.0
OC-07395,2019-04-05,PROV-142,Secretaría C,2030.0
OC-07396,2019-04-05,PROV-027,Secretaría C,26896.0
OC-07397,2019-04-05,PROV-027,Secretaría C,15738.0
OC-07398,2019-04-05,PROV-010,Secretaría E,13770.0
OC-07399,2019-04-05,PROV-144,Secretaría C,61778.0
OC-07400,2019-04-05,PROV-050,Secretaría A,1349.0
OC-07401,2019-04-05,PROV-027,Secretaría C,26896.0
OC-07402,2019-04-05,PROV-121,Secretaría C,3030.0
OC-07403,2019-04-05,PROV-121,Secretaría C,3030.0
OC-07404,2019-04-05,PROV-121,Secretaría C,3030.0
OC-07405,2019-04-05,PROV-121,Secretaría C,3030.0
OC-07406,2019-04-05,PROV-311,Secretaría E,4000.0
OC-07407,2019-04-05,PROV-050,Secretaría C,7450.0
OC-07408,2019-04-05,PROV-050,Secretaría C,7450.0
OC-07409,2019-04-05,PROV-050,Secretaría A,1349.0
OC-07410,2019-04-05,PROV-113,Secretaría E,5685.28
OC-07411,2019-04-05,PROV-113,Secretaría E,5685.28
OC-07412,2019-04-05,PROV-092,Secretaría E,12000.0
OC-07413,2019-04-05,PROV-211,Secretaría E,89800.0
OC-07414,2019-04-05,PROV-045,Secretaría C,1691.76
OC-07415,2019-04-05,PROV-020,Secretaría A,19070.0
OC-07416,2019-04-05,PROV-020,Secretaría A,19070.0
OC-07417,2019-04-05,PROV-034,Secretaría A,1475.0
OC-07418,2019-04-05,PROV-034,Secretaría A,1475.0
OC-07419,2019-04-05,PROV-113,Secretaría E,5685.28
OC-07420,2019-04-05,PROV-027,Secretaría C,26896.0
OC-07421,2019-04-05,PROV-096,Secretaría C,2842.0
OC-07422,2019-04-05,PROV-027,Secretaría C,26896.0
OC-07423,2019-04-05,PROV-123,Secretaría B,3880.0
OC-07424,2019-04-05,PROV-123,Secretaría G,2150.0
OC-07425,2019-04-05,PROV-123,Secretaría C,1075.0
OC-07426,2019-04-05,PROV-123,Secretaría A,4300.0
OC-07427,2019-04-05,PROV-123,Secretaría B,13800.0
OC-07428,2019-04-05,PROV-123,Secretaría B,13800.0
OC-07429,2019-04-05,PROV-123,Secretaría C,2115.0
OC-07430,2019-04-05,PROV-123,Secretaría C,2115.0
OC-07431,2019-04-05,PROV-123,Secretaría F,8270.0
OC-07432,2019-04-05,PROV-123,Secretaría E,2150.0
OC-07433,2019-04-05,PROV-123,Secretaría G,1075.0
OC-07434,2019-04-05,PROV-123,Secretaría J,5600.0
OC-07435,2019-04-05,PROV-123,Secretaría J,5600.0
OC-07436,2019-04-05,PROV-096,Secretaría C,2842.0
OC-07437,2019-04-05,PROV-096,Secretaría C,2842.0
OC-07438,2019-04-05,PROV-003,Secretaría C,616.51
OC-07439,2019-04-05,PROV-027,Secretaría C,26896.0
OC-07440,2019-04-05,PROV-123,Secretaría B,3880.0
OC-07441,2019-04-05,PROV-123,Secretaría B,860.0
OC-07442,2019-04-05,PROV-123,Secretaría F,8270.0
OC-07443,2019-04-05,PROV-123,Secretaría H,1340.0
OC-07444,2019-04-05,PROV-123,Secretaría G,2600.0
OC-07445,2019-04-05,PROV-027,Secretaría C,26896.0
OC-07446,2019-04-05,PROV-027,Secretaría C,26896.0
OC-07447,2019-04-05,PROV-027,Secretaría C,11068.0
OC-07448,2019-04-05,PROV-027,Secretaría C,11068.0
OC-07449,2019-04-05,PROV-027,Secretaría C,8775.0
OC-07450,2019-04-05,PROV-027,Secretaría C,27583.0
OC-07451,2019-04-05,PROV-027,Secretaría C,27583.0
OC-07452,2019-04-05,PROV-027,Secretaría C,11068.0
OC-07453,2019-04-05,PROV-027,Secretaría C,27583.0
OC-07454,2019-04-05,PROV-027,Secretaría C,27583.0
OC-07455,2019-04-05,PROV-027,Secretaría C,27583.0
OC-07456,2019-04-05,PROV-027,Secretaría C,27583.0
OC-07457,2019-04-05,PROV-210,Secretaría E,20000.0
OC-07458,2019-04-05,PROV-191,Secretaría E,23500.0
OC-07459,2019-04-05,PROV-027,Secretaría C,27583.0
OC-07460,2019-04-05,PROV-522,Secretaría E,7224.0
OC-07461,2019-04-05,PROV-123,Secretaría H,1340.0
OC-07462,2019-04-08,PROV-031,Secretaría B,44064.0
OC-07463,2019-04-08,PROV-031,Secretaría B,44064.0
OC-07464,2019-04-08,PROV-031,Secretaría B,44064.0
OC-07465,2019-04-08,PROV-031,Secretaría B,44064.0
OC-07466,2019-04-08,PROV-031,Secretaría B,44064.0
OC-07467,2019-04-08,PROV-031,Secretaría B,44064.0
OC-07468,2019-04-08,PROV-031,Secretaría B,44064.0
OC-07469,2019-04-08,PROV-031,Secretaría B,44064.0
OC-07470,2019-04-08,PROV-031,Secretaría B,44064.0
OC-07471,2019-04-08,PROV-031,Secretaría B,44064.0
OC-07472,2019-04-08,PROV-031,Secretaría B,44064.0
OC-07473,2019-04-08,PROV-031,Secretaría B,44064.0
OC-07474,2019-04-08,PROV-031,Secretaría B,44064.0
OC-07475,2019-04-08,PROV-031,Secretaría B,44064.0
OC-07476,2019-04-08,PROV-031,Secretaría B,44064.0
OC-07477,2019-04-08,PROV-031,Secretaría B,44064.0
OC-07478,2019-04-08,PROV-031,Secretaría B,44064.0
OC-07479,2019-04-08,PROV-031,Secretaría B,44064.0
OC-07480,2019-04-08,PROV-031,Secretaría B,44064.0
OC-07481,2019-04-08,PROV-031,Secretaría B,44064.0
OC-07482,2019-04-08,PROV-031,Secretaría B,44064.0
OC-07483,2019-04-08,PROV-031,Secretaría B,44064.0
OC-07484,2019-04-08,PROV-031,Secretaría B,44064.0
OC-07485,2019-04-08,PROV-031,Secretaría B,44064.0
OC-07486,2019-04-08,PROV-031,Secretaría B,44064.0
OC-07487,2019-04-08,PROV-031,Secretaría B,44064.0
OC-07488,2019-04-08,PROV-555,Secretaría E,5000.0
OC-07489,2019-04-08,PROV-470,Secretaría E,15000.0
OC-07490,2019-04-08,PROV-031,Secretaría B,44064.0
OC-07491,2019-04-08,PROV-031,Secretaría B,44064.0
OC-07492,2019-04-08,PROV-031,Secretaría B,44064.0
OC-07493,2019-04-08,PROV-031,Secretaría B,44064.0
OC-07494,2019-04-08,PROV-031,Secretaría B,44064.0
OC-07495,2019-04-08,PROV-031,Secretaría B,44064.0
OC-07496,2019-04-08,PROV-031,Secretaría B,44064.0
OC-07497,2019-04-08,PROV-031,Secretaría B,44064.0
OC-07498,2019-04-08,PROV-031,Secretaría B,44064.0
OC-07499,2019-04-08,PROV-031,Secretaría B,44064.0
OC-07500,2019-04-08,PROV-031,Secretaría B,44064.0
OC-07501,2019-04-08,PROV-031,Secretaría B,44064.0
OC-07502,2019-04-08,PROV-031,Secretaría B,44064.0
OC-07503,2019-04-08,PROV-031,Secretaría B,44064.0
OC-07504,2019-04-08,PROV-031,Secretaría B,44064.0
OC-07505,2019-04-08,PROV-031,Secretaría B,44064.0
OC-07506,2019-04-08,PROV-031,Secretaría B,44064.0
OC-07507,2019-04-08,PROV-031,Secretaría B,44064.0
OC-07508,2019-04-08,PROV-031,Secretaría B,44064.0
OC-07509,2019-04-08,PROV-031,Secretaría B,44064.0
OC-07510,2019-04-08,PROV-031,Secretaría B,44064.0
OC-07511,2019-04-08,PROV-031,Secretaría B,44064.0
OC-07512,2019-04-08,PROV-407,Secretaría C,9200.0
OC-07513,2019-04-08,PROV-085,Secretaría B,106995.07
OC-07514,2019-04-08,PROV-088,Secretaría I,8600.0
OC-07515,2019-04-08,PROV-017,Secretaría A,7362.3
OC-07516,2019-04-08,PROV-017,Secretaría A,7362.3
OC-07517,2019-04-08,PROV-017,Secretaría A,7362.3
OC-07518,2019-04-08,PROV-497,Secretaría C,13280.0
OC-07519,2019-04-08,PROV-497,Secretaría C,10080.18
OC-07520,2019-04-08,PROV-020,Secretaría A,6145.0
OC-07521,2019-04-08,PROV-020,Secretaría D,4688.0
OC-07522,2019-04-08,PROV-020,Secretaría D,4688.0
OC-07523,2019-04-08,PROV-020,Secretaría D,4688.0
OC-07524,2019-04-08,PROV-020,Secretaría D,4688.0
OC-07525,2019-04-08,PROV-017,Secretaría A,7362.3
OC-07526,2019-04-08,PROV-020,Secretaría D,2840.02
OC-07527,2019-04-08,PROV-020,Secretaría D,2840.02
OC-07528,2019-04-08,PROV-407,Secretaría C,9200.0
OC-07529,2019-04-08,PROV-030,Secretaría D,2927.0
OC-07530,2019-04-08,PROV-030,Secretaría D,2927.0
OC-07531,2019-04-08,PROV-030,Secretaría D,2927.0
OC-07532,2019-04-08,PROV-030,Secretaría D,2927.0
OC-07533,2019-04-08,PROV-030,Secretaría D,2927.0
OC-07534,2019-04-08,PROV-030,Secretaría D,2927.0
OC-07535,2019-04-08,PROV-070,Secretaría D,11389.8
OC-07536,2019-04-08,PROV-070,Secretaría D,11389.8
OC-07537,2019-04-08,PROV-020,Secretaría D,2840.02
OC-07538,2019-04-08,PROV-017,Secretaría A,7362.3
OC-07539,2019-04-08,PROV-020,Secretaría D,2840.02
OC-07540,2019-04-08,PROV-017,Secretaría A,7362.3
OC-07541,2019-04-08,PROV-017,Secretaría A,7362.3
OC-07542,2019-04-08,PROV-472,Secretaría I,1100.0
OC-07543,2019-04-08,PROV-255,Secretaría B,15000.0
OC-07544,2019-04-08,PROV-085,Secretaría B,106995.07
OC-07545,2019-04-08,PROV-297,Secretaría B,127000.0
OC-07546,2019-04-08,PROV-084,Secretaría B,14170.0
OC-07547,2019-04-08,PROV-097,Secretaría B,2410.0
OC-07548,2019-04-08,PROV-097,Secretaría B,2410.0
OC-07549,2019-04-08,PROV-097,Secretaría B,2410.0
OC-07550,2019-04-08,PROV-097,Secretaría B,2410.0
OC-07551,2019-04-08,PROV-097,Secretaría B,2410.0
OC-07552,2019-04-08,PROV-184,Secretaría B,127500.0
OC-07553,2019-04-08,PROV-147,Secretaría C,12636.0
OC-07554,2019-04-08,PROV-012,Secretaría A,8391.0
OC-07555,2019-04-08,PROV-147,Secretaría C,12636.0
OC-07556,2019-04-08,PROV-523,Secretaría C,9120.0
OC-07557,2019-04-08,PROV-147,Secretaría C,7845.0
OC-07558,2019-04-08,PROV-147,Secretaría C,7845.0
OC-07559,2019-04-08,PROV-195,Secretaría C,1000.0
OC-07560,2019-04-08,PROV-147,Secretaría C,7845.0
OC-07561,2019-04-08,PROV-147,Secretaría C,12636.0
OC-07562,2019-04-08,PROV-147,Secretaría C,12636.0
OC-07563,2019-04-08,PROV-147,Secretaría C,12636.0
OC-07564,2019-04-09,PROV-038,Secretaría G,12654.0
OC-07565,2019-04-09,PROV-009,Secretaría C,8974.0
OC-07566,2019-04-09,PROV-009,Secretaría B,67305.0
OC-07567,2019-04-09,PROV-038,Secretaría I,50616.0
OC-07568,2019-04-09,PROV-009,Secretaría F,157045.0
OC-07569,2019-04-09,PROV-038,Secretaría A,12654.0
OC-07570,2019-04-09,PROV-038,Secretaría C,1687.2
OC-07571,2019-04-09,PROV-038,Secretaría A,6327.0
OC-07572,2019-04-09,PROV-038,Secretaría A,23620.8
OC-07573,2019-04-09,PROV-038,Secretaría F,84360.0
OC-07574,2019-04-09,PROV-038,Secretaría C,8436.0
OC-07575,2019-04-09,PROV-009,Secretaría F,15704.5
OC-07576,2019-04-09,PROV-038,Secretaría A,7592.4
OC-07577,2019-04-09,PROV-009,Secretaría A,341012.0
OC-07578,2019-04-09,PROV-009,Secretaría A,95500.0
OC-07579,2019-04-09,PROV-009,Secretaría A,179480.0
OC-07580,2019-04-09,PROV-009,Secretaría A,35896.0
OC-07581,2019-04-09,PROV-009,Secretaría A,12563.6
OC-07582,2019-04-09,PROV-009,Secretaría A,26922.0
OC-07583,2019-04-09,PROV-009,Secretaría I,35896.0
OC-07584,2019-04-09,PROV-010,Secretaría I,9180.0
OC-07585,2019-04-09,PROV-009,Secretaría B,3820.0
OC-07586,2019-04-09,PROV-009,Secretaría C,7640.0
OC-07587,2019-04-09,PROV-009,Secretaría C,5730.0
OC-07588,2019-04-09,PROV-009,Secretaría A,305600.0
OC-07589,2019-04-09,PROV-009,Secretaría A,133700.0
OC-07590,2019-04-09,PROV-009,Secretaría A,76400.0
OC-07591,2019-04-09,PROV-038,Secretaría G,8436.0
OC-07592,2019-04-09,PROV-038,Secretaría C,14763.0
OC-07593,2019-04-09,PROV-009,Secretaría A,170506.0
OC-07594,2019-04-09,PROV-038,Secretaría B,27417.0
OC-07595,2019-04-09,PROV-038,Secretaría F,59052.0
OC-07596,2019-04-09,PROV-038,Secretaría C,6327.0
OC-07597,2019-04-09,PROV-023,Secretaría E,84000.0
OC-07598,2019-04-09,PROV-413,Secretaría E,10682.0
OC-07599,2019-04-09,PROV-125,Secretaría B,11880.0
OC-07600,2019-04-09,PROV-042,Secretaría B,120000.0
OC-07601,2019-04-09,PROV-001,Secretaría B,2884.0
OC-07602,2019-04-09,PROV-001,Secretaría B,2884.0
OC-07603,2019-04-09,PROV-001,Secretaría B,2884.0
OC-07604,2019-04-09,PROV-001,Secretaría B,2884.0
OC-07605,2019-04-09,PROV-001,Secretaría B,2884.0
OC-07606,2019-04-09,PROV-001,Secretaría B,2884.0
OC-07607,2019-04-09,PROV-001,Secretaría B,2884.0
OC-07608,2019-04-09,PROV-001,Secretaría B,2884.0
OC-07609,2019-04-09,PROV-001,Secretaría B,2884.0
OC-07610,2019-04-09,PROV-001,Secretaría B,2884.0
OC-07611,2019-04-09,PROV-001,Secretaría B,2884.0
OC-07612,2019-04-09,PROV-001,Secretaría B,2884.0
OC-07613,2019-04-09,PROV-001,Secretaría B,2884.0
OC-07614,2019-04-09,PROV-038,Secretaría B,10545.0
OC-07615,2019-04-09,PROV-003,Secretaría C,16881.11
OC-07616,2019-04-09,PROV-038,Secretaría C,8436.0
OC-07617,2019-04-09,PROV-003,Secretaría C,16881.11
OC-07618,2019-04-09,PROV-003,Secretaría C,16881.11
OC-07619,2019-04-09,PROV-003,Secretaría C,16881.11
OC-07620,2019-04-09,PROV-003,Secretaría C,16881.11
OC-07621,2019-04-09,PROV-003,Secretaría C,16881.11
OC-07622,2019-04-09,PROV-042,Secretaría C,117000.0
OC-07623,2019-04-09,PROV-009,Secretaría C,2692.2
OC-07624,2019-04-09,PROV-038,Secretaría C,5061.6
OC-07625,2019-04-09,PROV-213,Secretaría E,96600.0
OC-07626,2019-04-09,PROV-001,Secretaría B,2884.0
OC-07627,2019-04-10,PROV-045,Secretaría A,7874.9
OC-07628,2019-04-10,PROV-020,Secretaría A,2950.57
OC-07629,2019-04-10,PROV-020,Secretaría A,2950.57
OC-07630,2019-04-10,PROV-441,Secretaría A,24390.0
OC-07631,2019-04-10,PROV-105,Secretaría A,2425.0
OC-07632,2019-04-10,PROV-020,Secretaría A,2950.57
OC-07633,2019-04-10,PROV-030,Secretaría A,395.0
OC-07634,2019-04-10,PROV-135,Secretaría D,28000.0
OC-07635,2019-04-10,PROV-045,Secretaría B,7033.22
OC-07636,2019-04-10,PROV-100,Secretaría B,675.0
OC-07637,2019-04-10,PROV-100,Secretaría B,675.0
OC-07638,2019-04-10,PROV-538,Secretaría H,3900.0
OC-07639,2019-04-10,PROV-057,Secretaría H,1100.0
OC-07640,2019-04-10,PROV-020,Secretaría A,2950.57
OC-07641,2019-04-10,PROV-020,Secretaría B,3150.0
OC-07642,2019-04-10,PROV-020,Secretaría A,2950.57
OC-07643,2019-04-10,PROV-030,Secretaría A,11091.0
OC-07644,2019-04-10,PROV-030,Secretaría A,4033.0
OC-07645,2019-04-10,PROV-030,Secretaría A,11091.0
OC-07646,2019-04-10,PROV-070,Secretaría D,11290.3
OC-07647,2019-04-10,PROV-030,Secretaría A,4033.0
OC-07648,2019-04-10,PROV-030,Secretaría A,4033.0
OC-07649,2019-04-10,PROV-030,Secretaría A,4033.0
OC-07650,2019-04-10,PROV-030,Secretaría A,4033.0
OC-07651,2019-04-10,PROV-030,Secretaría A,4033.0
OC-07652,2019-04-10,PROV-030,Secretaría A,4033.0
OC-07653,2019-04-10,PROV-030,Secretaría A,4033.0
OC-07654,2019-04-10,PROV-030,Secretaría A,4033.0
OC-07655,2019-04-10,PROV-030,Secretaría A,4033.0
OC-07656,2019-04-10,PROV-030,Secretaría A,4033.0
OC-07657,2019-04-10,PROV-030,Secretaría A,4033.0
OC-07658,2019-04-10,PROV-030,Secretaría A,4033.0
OC-07659,2019-04-10,PROV-030,Secretaría A,4033.0
OC-07660,2019-04-10,PROV-070,Secretaría D,11290.3
OC-07661,2019-04-10,PROV-050,Secretaría C,13564.0
OC-07662,2019-04-10,PROV-070,Secretaría D,11290.3
OC-07663,2019-04-10,PROV-034,Secretaría A,2320.0
OC-07664,2019-04-10,PROV-034,Secretaría A,2320.0
OC-07665,2019-04-10,PROV-034,Secretaría A,4725.0
OC-07666,2019-04-10,PROV-034,Secretaría A,4725.0
OC-07667,2019-04-10,PROV-034,Secretaría A,4725.0
OC-07668,2019-04-10,PROV-034,Secretaría A,4725.0
OC-07669,2019-04-10,PROV-135,Secretaría A,5400.0
OC-07670,2019-04-10,PROV-034,Secretaría A,1555.0
OC-07671,2019-04-10,PROV-034,Secretaría A,1555.0
OC-07672,2019-04-10,PROV-034,Secretaría A,2370.0
OC-07673,2019-04-10,PROV-034,Secretaría A,2370.0
OC-07674,2019-04-10,PROV-034,Secretaría A,2370.0
OC-07675,2019-04-10,PROV-135,Secretaría A,980.0
OC-07676,2019-04-10,PROV-141,Secretaría A,584.45
OC-07677,2019-04-10,PROV-034,Secretaría A,1555.0
OC-07678,2019-04-10,PROV-070,Secretaría D,11290.3
OC-07679,2019-04-10,PROV-050,Secretaría C,13564.0
OC-07680,2019-04-10,PROV-050,Secretaría C,13564.0
OC-07681,2019-04-10,PROV-025,Secretaría D,133366.2
OC-07682,2019-04-10,PROV-055,Secretaría G,8490.0
OC-07683,2019-04-10,PROV-055,Secretaría G,8490.0
OC-07684,2019-04-10,PROV-200,Secretaría C,1275.0
OC-07685,2019-04-10,PROV-056,Secretaría A,91400.0
OC-07686,2019-04-10,PROV-056,Secretaría A,64462.0
OC-07687,2019-04-10,PROV-050,Secretaría C,13564.0
OC-07688,2019-04-10,PROV-056,Secretaría A,64462.0
OC-07689,2019-04-10,PROV-162,Secretaría A,39878.87
OC-07690,2019-04-10,PROV-162,Secretaría A,39878.87
OC-07691,2019-04-10,PROV-162,Secretaría A,39878.87
OC-07692,2019-04-10,PROV-056,Secretaría A,13697.0
OC-07693,2019-04-10,PROV-030,Secretaría A,11091.0
OC-07694,2019-04-10,PROV-050,Secretaría C,13564.0
OC-07695,2019-04-10,PROV-056,Secretaría A,64462.0
OC-07696,2019-04-10,PROV-030,Secretaría A,11091.0
OC-07697,2019-04-10,PROV-030,Secretaría A,3883.0
OC-07698,2019-04-10,PROV-030,Secretaría A,11091.0
OC-07699,2019-04-10,PROV-024,Secretaría B,8777.25
OC-07700,2019-04-10,PROV-034,Secretaría D,2100.0
OC-07701,2019-04-10,PROV-034,Secretaría D,2100.0
OC-07702,2019-04-10,PROV-034,Secretaría D,2100.0
OC-07703,2019-04-10,PROV-102,Secretaría D,100000.0
OC-07704,2019-04-10,PROV-272,Secretaría A,8650.0
OC-07705,2019-04-10,PROV-024,Secretaría B,8777.25
OC-07706,2019-04-10,PROV-020,Secretaría A,1175.83
OC-07707,2019-04-10,PROV-020,Secretaría A,1410.0
OC-07708,2019-04-10,PROV-020,Secretaría A,1410.0
OC-07709,2019-04-10,PROV-020,Secretaría A,1490.0
OC-07710,2019-04-10,PROV-074,Secretaría A,23285.0
OC-07711,2019-04-10,PROV-074,Secretaría A,23285.0
OC-07712,2019-04-10,PROV-074,Secretaría A,23285.0
OC-07713,2019-04-10,PROV-020,Secretaría A,1175.83
OC-07714,2019-04-10,PROV-034,Secretaría A,2620.0
OC-07715,2019-04-10,PROV-024,Secretaría B,8777.25
OC-07716,2019-04-10,PROV-024,Secretaría B,8777.25
OC-07717,2019-04-10,PROV-072,Secretaría E,86480.0
OC-07718,2019-04-10,PROV-072,Secretaría E,86480.0
OC-07719,2019-04-10,PROV-072,Secretaría E,86480.0
OC-07720,2019-04-10,PROV-072,Secretaría E,86480.0
OC-07721,2019-04-10,PROV-072,Secretaría E,86480.0
OC-07722,2019-04-10,PROV-072,Secretaría E,86480.0
OC-07723,2019-04-10,PROV-024,Secretaría B,8777.25
OC-07724,2019-04-10,PROV-072,Secretaría E,86480.0
OC-07725,2019-04-10,PROV-072,Secretaría E,86480.0
OC-07726,2019-04-10,PROV-072,Secretaría E,86480.0
OC-07727,2019-04-10,PROV-024,Secretaría B,8777.25
OC-07728,2019-04-10,PROV-024,Secretaría B,8777.25
OC-07729,2019-04-10,PROV-024,Secretaría B,8777.25
OC-07730,2019-04-10,PROV-024,Secretaría B,8777.25
OC-07731,2019-04-10,PROV-072,Secretaría E,86480.0
OC-07732,2019-04-10,PROV-034,Secretaría A,2620.0
OC-07733,2019-04-10,PROV-034,Secretaría A,2620.0
OC-07734,2019-04-10,PROV-034,Secretaría A,2620.0
OC-07735,2019-04-10,PROV-141,Secretaría A,584.45
OC-07736,2019-04-10,PROV-030,Secretaría A,3883.0
OC-07737,2019-04-10,PROV-030,Secretaría A,3883.0
OC-07738,2019-04-10,PROV-030,Secretaría A,3883.0
OC-07739,2019-04-10,PROV-030,Secretaría A,3883.0
OC-07740,2019-04-10,PROV-030,Secretaría A,11091.0
OC-07741,2019-04-10,PROV-030,Secretaría A,3883.0
OC-07742,2019-04-10,PROV-030,Secretaría A,11091.0
OC-07743,2019-04-10,PROV-030,Secretaría A,11091.0
OC-07744,2019-04-10,PROV-030,Secretaría A,11091.0
OC-07745,2019-04-10,PROV-030,Secretaría A,11091.0
OC-07746,2019-04-10,PROV-030,Secretaría A,11091.0
OC-07747,2019-04-10,PROV-030,Secretaría A,11091.0
OC-07748,2019-04-10,PROV-030,Secretaría A,11091.0
OC-07749,2019-04-10,PROV-030,Secretaría A,11091.0
OC-07750,2019-04-10,PROV-030,Secretaría A,3883.0
OC-07751,2019-04-10,PROV-030,Secretaría A,3883.0
OC-07752,2019-04-10,PROV-030,Secretaría A,3883.0
OC-07753,2019-04-10,PROV-034,Secretaría A,2620.0
OC-07754,2019-04-10,PROV-034,Secretaría A,2620.0
OC-07755,2019-04-10,PROV-034,Secretaría A,2620.0
OC-07756,2019-04-10,PROV-074,Secretaría A,1915.0
OC-07757,2019-04-10,PROV-074,Secretaría A,1915.0
OC-07758,2019-04-10,PROV-074,Secretaría A,1915.0
OC-07759,2019-04-10,PROV-135,Secretaría A,1620.0
OC-07760,2019-04-10,PROV-135,Secretaría A,1620.0
OC-07761,2019-04-10,PROV-030,Secretaría A,3883.0
OC-07762,2019-04-10,PROV-030,Secretaría A,3883.0
OC-07763,2019-04-10,PROV-030,Secretaría A,3883.0
OC-07764,2019-04-10,PROV-030,Secretaría A,3883.0
OC-07765,2019-04-10,PROV-030,Secretaría A,3883.0
OC-07766,2019-04-10,PROV-030,Secretaría A,3883.0
OC-07767,2019-04-10,PROV-030,Secretaría A,3883.0
OC-07768,2019-04-10,PROV-030,Secretaría A,11091.0
OC-07769,2019-04-10,PROV-141,Secretaría A,584.45
OC-07770,2019-04-10,PROV-040,Secretaría B,5900.0
OC-07771,2019-04-10,PROV-141,Secretaría A,584.45
OC-07772,2019-04-10,PROV-317,Secretaría B,2282.0
OC-07773,2019-04-10,PROV-317,Secretaría B,2282.0
OC-07774,2019-04-10,PROV-135,Secretaría A,1300.0
OC-07775,2019-04-10,PROV-135,Secretaría A,3300.0
OC-07776,2019-04-10,PROV-135,Secretaría A,1380.0
OC-07777,2019-04-10,PROV-105,Secretaría A,2247.0
OC-07778,2019-04-10,PROV-317,Secretaría B,2282.0
OC-07779,2019-04-10,PROV-105,Secretaría A,2247.0
OC-07780,2019-04-10,PROV-105,Secretaría A,2247.0
OC-07781,2019-04-10,PROV-105,Secretaría A,2247.0
OC-07782,2019-04-10,PROV-105,Secretaría A,2247.0
OC-07783,2019-04-10,PROV-105,Secretaría A,2247.0
OC-07784,2019-04-10,PROV-105,Secretaría A,2247.0
OC-07785,2019-04-10,PROV-105,Secretaría A,2247.0
OC-07786,2019-04-10,PROV-105,Secretaría A,2247.0
OC-07787,2019-04-10,PROV-105,Secretaría A,2247.0
OC-07788,2019-04-10,PROV-003,Secretaría B,4682.7
OC-07789,2019-04-10,PROV-003,Secretaría B,4682.7
OC-07790,2019-04-10,PROV-104,Secretaría B,1320.0
OC-07791,2019-04-10,PROV-104,Secretaría B,1320.0
OC-07792,2019-04-10,PROV-232,Secretaría B,2299.0
OC-07793,2019-04-10,PROV-289,Secretaría F,43865.04
OC-07794,2019-04-10,PROV-084,Secretaría G,2100.0
OC-07795,2019-04-10,PROV-084,Secretaría G,2030.0
OC-07796,2019-04-10,PROV-003,Secretaría B,4682.7
OC-07797,2019-04-10,PROV-388,Secretaría I,6800.0
OC-07798,2019-04-10,PROV-087,Secretaría B,5100.0
OC-07799,2019-04-10,PROV-087,Secretaría B,24428.0
OC-07800,2019-04-10,PROV-087,Secretaría B,24428.0
OC-07801,2019-04-10,PROV-087,Secretaría B,24428.0
OC-07802,2019-04-10,PROV-265,Secretaría B,5214.0
OC-07803,2019-04-10,PROV-003,Secretaría B,4682.7
OC-07804,2019-04-10,PROV-169,Secretaría C,7200.0
OC-07805,2019-04-10,PROV-442,Secretaría C,11200.0
OC-07806,2019-04-10,PROV-030,Secretaría C,1817.03
OC-07807,2019-04-10,PROV-030,Secretaría C,1817.03
OC-07808,2019-04-10,PROV-059,Secretaría C,5320.0
OC-07809,2019-04-10,PROV-059,Secretaría C,5320.0
OC-07810,2019-04-10,PROV-141,Secretaría A,584.45
OC-07811,2019-04-10,PROV-059,Secretaría J,1995.0
OC-07812,2019-04-10,PROV-055,Secretaría B,990.0
OC-07813,2019-04-10,PROV-055,Secretaría B,590.0
OC-07814,2019-04-10,PROV-059,Secretaría C,5320.0
OC-07815,2019-04-10,PROV-055,Secretaría B,590.0
OC-07816,2019-04-10,PROV-055,Secretaría B,590.0
OC-07817,2019-04-10,PROV-055,Secretaría F,1320.0
OC-07818,2019-04-10,PROV-055,Secretaría G,1450.0
OC-07819,2019-04-10,PROV-055,Secretaría C,1190.0
OC-07820,2019-04-10,PROV-055,Secretaría C,1190.0
OC-07821,2019-04-10,PROV-055,Secretaría G,870.0
OC-07822,2019-04-10,PROV-055,Secretaría B,590.0
OC-07823,2019-04-10,PROV-059,Secretaría C,5320.0
OC-07824,2019-04-10,PROV-059,Secretaría C,5320.0
OC-07825,2019-04-10,PROV-059,Secretaría C,5320.0
OC-07826,2019-04-10,PROV-030,Secretaría C,1817.03
OC-07827,2019-04-10,PROV-030,Secretaría C,1817.03
OC-07828,2019-04-10,PROV-083,Secretaría B,1300.0
OC-07829,2019-04-10,PROV-027,Secretaría B,3936.0
OC-07830,2019-04-10,PROV-027,Secretaría B,3936.0
OC-07831,2019-04-10,PROV-055,Secretaría C,580.0
OC-07832,2019-04-10,PROV-059,Secretaría C,6150.0
OC-07833,2019-04-10,PROV-059,Secretaría C,6150.0
OC-07834,2019-04-10,PROV-059,Secretaría C,6150.0
OC-07835,2019-04-10,PROV-059,Secretaría C,6150.0
OC-07836,2019-04-10,PROV-059,Secretaría C,6150.0
OC-07837,2019-04-10,PROV-059,Secretaría C,6150.0
OC-07838,2019-04-10,PROV-059,Secretaría C,570.0
OC-07839,2019-04-10,PROV-059,Secretaría F,2520.0
OC-07840,2019-04-10,PROV-059,Secretaría G,1680.0
OC-07841,2019-04-10,PROV-196,Secretaría B,127000.0
OC-07842,2019-04-10,PROV-465,Secretaría B,11585.04
OC-07843,2019-04-10,PROV-059,Secretaría J,1995.0
OC-07844,2019-04-10,PROV-003,Secretaría B,29923.7
OC-07845,2019-04-10,PROV-145,Secretaría B,12582.6
OC-07846,2019-04-10,PROV-145,Secretaría B,12582.6
OC-07847,2019-04-10,PROV-145,Secretaría B,12582.6
OC-07848,2019-04-10,PROV-145,Secretaría B,12582.6
OC-07849,2019-04-10,PROV-031,Secretaría B,3940.0
OC-07850,2019-04-10,PROV-031,Secretaría B,3940.0
OC-07851,2019-04-10,PROV-145,Secretaría B,12582.6
OC-07852,2019-04-10,PROV-031,Secretaría B,3940.0
OC-07853,2019-04-10,PROV-023,Secretaría C,15415.0
OC-07854,2019-04-10,PROV-023,Secretaría C,15415.0
OC-07855,2019-04-10,PROV-023,Secretaría C,15415.0
OC-07856,2019-04-10,PROV-023,Secretaría C,15415.0
OC-07857,2019-04-10,PROV-023,Secretaría C,15415.0
OC-07858,2019-04-10,PROV-034,Secretaría A,2400.0
OC-07859,2019-04-10,PROV-031,Secretaría B,3940.0
OC-07860,2019-04-10,PROV-145,Secretaría B,12582.6
OC-07861,2019-04-10,PROV-145,Secretaría B,12582.6
OC-07862,2019-04-10,PROV-145,Secretaría B,12582.6
OC-07863,2019-04-10,PROV-003,Secretaría B,29923.7
OC-07864,2019-04-10,PROV-141,Secretaría A,584.45
OC-07865,2019-04-10,PROV-141,Secretaría A,584.45
OC-07866,2019-04-10,PROV-141,Secretaría A,584.45
OC-07867,2019-04-10,PROV-141,Secretaría A,584.45
OC-07868,2019-04-10,PROV-034,Secretaría A,1635.0
OC-07869,2019-04-10,PROV-034,Secretaría A,1635.0
OC-07870,2019-04-10,PROV-034,Secretaría A,1635.0
OC-07871,2019-04-10,PROV-034,Secretaría A,1635.0
OC-07872,2019-04-10,PROV-145,Secretaría B,12582.6
OC-07873,2019-04-10,PROV-145,Secretaría B,12582.6
OC-07874,2019-04-10,PROV-145,Secretaría B,12582.6
OC-07875,2019-04-10,PROV-145,Secretaría B,12582.6
OC-07876,2019-04-10,PROV-145,Secretaría B,12582.6
OC-07877,2019-04-10,PROV-145,Secretaría B,12582.6
OC-07878,2019-04-10,PROV-034,Secretaría A,2400.0
OC-07879,2019-04-10,PROV-034,Secretaría A,2400.0
OC-07880,2019-04-10,PROV-034,Secretaría A,1635.0
OC-07881,2019-04-10,PROV-233,Secretaría A,11880.0
OC-07882,2019-04-10,PROV-087,Secretaría B,5406.0
OC-07883,2019-04-10,PROV-003,Secretaría B,29923.7
OC-07884,2019-04-10,PROV-003,Secretaría B,29923.7
OC-07885,2019-04-10,PROV-003,Secretaría B,29923.7
OC-07886,2019-04-10,PROV-003,Secretaría B,29923.7
OC-07887,2019-04-10,PROV-003,Secretaría B,29923.7
OC-07888,2019-04-10,PROV-087,Secretaría B,5406.0
OC-07889,2019-04-10,PROV-003,Secretaría B,29923.7
OC-07890,2019-04-10,PROV-003,Secretaría B,29923.7
OC-07891,2019-04-10,PROV-003,Secretaría B,29923.7
OC-07892,2019-04-10,PROV-003,Secretaría B,29923.7
OC-07893,2019-04-10,PROV-003,Secretaría B,29923.7
OC-07894,2019-04-10,PROV-003,Secretaría B,29923.7
OC-07895,2019-04-10,PROV-233,Secretaría A,11880.0
OC-07896,2019-04-10,PROV-003,Secretaría B,29923.7
OC-07897,2019-04-10,PROV-071,Secretaría B,134050.0
OC-07898,2019-04-10,PROV-003,Secretaría B,29923.7
OC-07899,2019-04-10,PROV-222,Secretaría B,1722.0
OC-07900,2019-04-10,PROV-272,Secretaría A,6860.0
OC-07901,2019-04-10,PROV-301,Secretaría B,7076.68
OC-07902,2019-04-10,PROV-408,Secretaría A,25400.0
OC-07903,2019-04-10,PROV-272,Secretaría A,2820.0
OC-07904,2019-04-10,PROV-055,Secretaría F,41364.4
OC-07905,2019-04-10,PROV-574,Secretaría G,1309.0
OC-07906,2019-04-10,PROV-017,Secretaría G,5137.6
OC-07907,2019-04-10,PROV-017,Secretaría G,5137.6
OC-07908,2019-04-10,PROV-003,Secretaría B,29923.7
OC-07909,2019-04-10,PROV-017,Secretaría G,5137.6
OC-07910,2019-04-10,PROV-017,Secretaría G,5137.6
OC-07911,2019-04-10,PROV-055,Secretaría G,1820.0
OC-07912,2019-04-10,PROV-055,Secretaría G,1820.0
OC-07913,2019-04-10,PROV-104,Secretaría J,815.0
OC-07914,2019-04-10,PROV-141,Secretaría A,662.0
OC-07915,2019-04-11,PROV-376,Secretaría G,67500.0
OC-07916,2019-04-11,PROV-020,Secretaría A,1044.14
OC-07917,2019-04-11,PROV-020,Secretaría A,1044.14
OC-07918,2019-04-11,PROV-020,Secretaría A,1180.0
OC-07919,2019-04-11,PROV-020,Secretaría A,4520.0
OC-07920,2019-04-11,PROV-020,Secretaría A,1049.32
OC-07921,2019-04-11,PROV-020,Secretaría A,1222.0
OC-07922,2019-04-11,PROV-034,Secretaría A,6200.0
OC-07923,2019-04-11,PROV-034,Secretaría A,800.0
OC-07924,2019-04-11,PROV-034,Secretaría A,615.0
OC-07925,2019-04-11,PROV-020,Secretaría A,1222.0
OC-07926,2019-04-11,PROV-020,Secretaría A,1044.14
OC-07927,2019-04-11,PROV-037,Secretaría A,675000.0
OC-07928,2019-04-11,PROV-608,Secretaría A,2543.35
OC-07929,2019-04-11,PROV-036,Secretaría C,110920.0
OC-07930,2019-04-11,PROV-141,Secretaría A,4507.62
OC-07931,2019-04-11,PROV-113,Secretaría C,3034.83
OC-07932,2019-04-11,PROV-113,Secretaría C,3034.83
OC-07933,2019-04-11,PROV-113,Secretaría C,3034.83
OC-07934,2019-04-11,PROV-275,Secretaría B,1218.0
OC-07935,2019-04-11,PROV-275,Secretaría B,1218.0
OC-07936,2019-04-11,PROV-463,Secretaría B,6866.24
OC-07937,2019-04-11,PROV-410,Secretaría G,54000.0
OC-07938,2019-04-11,PROV-034,Secretaría A,615.0
OC-07939,2019-04-11,PROV-048,Secretaría A,19200.0
OC-07940,2019-04-11,PROV-275,Secretaría B,1218.0
OC-07941,2019-04-11,PROV-050,Secretaría C,10337.0
OC-07942,2019-04-11,PROV-141,Secretaría A,1307.9
OC-07943,2019-04-11,PROV-288,Secretaría F,43865.04
OC-07944,2019-04-11,PROV-021,Secretaría C,2600.0
OC-07945,2019-04-11,PROV-050,Secretaría C,10337.0
OC-07946,2019-04-11,PROV-050,Secretaría C,10337.0
OC-07947,2019-04-11,PROV-050,Secretaría C,10337.0
OC-07948,2019-04-11,PROV-050,Secretaría C,10337.0
OC-07949,2019-04-11,PROV-050,Secretaría C,10337.0
OC-07950,2019-04-11,PROV-050,Secretaría C,10337.0
OC-07951,2019-04-11,PROV-050,Secretaría C,10337.0
OC-07952,2019-04-11,PROV-050,Secretaría C,10337.0
OC-07953,2019-04-11,PROV-050,Secretaría C,10337.0
OC-07954,2019-04-11,PROV-050,Secretaría C,10337.0
OC-07955,2019-04-11,PROV-020,Secretaría D,626.24
OC-07956,2019-04-11,PROV-020,Secretaría D,626.24
OC-07957,2019-04-11,PROV-050,Secretaría D,2030.0
OC-07958,2019-04-11,PROV-100,Secretaría D,310.0
OC-07959,2019-04-11,PROV-100,Secretaría D,310.0
OC-07960,2019-04-11,PROV-100,Secretaría D,310.0
OC-07961,2019-04-11,PROV-610,Secretaría D,1800.0
OC-07962,2019-04-11,PROV-140,Secretaría A,20433.0
OC-07963,2019-04-11,PROV-141,Secretaría A,1307.9
OC-07964,2019-04-11,PROV-141,Secretaría A,1307.9
OC-07965,2019-04-11,PROV-141,Secretaría A,1307.9
OC-07966,2019-04-11,PROV-141,Secretaría A,1307.9
OC-07967,2019-04-11,PROV-141,Secretaría A,1307.9
OC-07968,2019-04-11,PROV-516,Secretaría A,4500.0
OC-07969,2019-04-11,PROV-021,Secretaría C,5398.0
OC-07970,2019-04-11,PROV-045,Secretaría F,3687.52
OC-07971,2019-04-11,PROV-021,Secretaría C,5398.0
OC-07972,2019-04-11,PROV-045,Secretaría F,3687.52
OC-07973,2019-04-11,PROV-045,Secretaría F,3687.52
OC-07974,2019-04-11,PROV-021,Secretaría C,5398.0
OC-07975,2019-04-11,PROV-045,Secretaría F,3687.52
OC-07976,2019-04-11,PROV-045,Secretaría F,3687.52
OC-07977,2019-04-11,PROV-045,Secretaría F,3687.52
OC-07978,2019-04-11,PROV-045,Secretaría F,3687.52
OC-07979,2019-04-11,PROV-045,Secretaría F,3687.52
OC-07980,2019-04-11,PROV-344,Secretaría F,24600.0
OC-07981,2019-04-11,PROV-116,Secretaría B,17400.0
OC-07982,2019-04-11,PROV-195,Secretaría C,14650.0
OC-07983,2019-04-11,PROV-045,Secretaría F,3687.52
OC-07984,2019-04-11,PROV-195,Secretaría C,14650.0
OC-07985,2019-04-11,PROV-018,Secretaría D,46474.99
OC-07986,2019-04-11,PROV-018,Secretaría D,46474.99
OC-07987,2019-04-11,PROV-018,Secretaría D,46474.99
OC-07988,2019-04-11,PROV-018,Secretaría D,46474.99
OC-07989,2019-04-11,PROV-018,Secretaría D,46474.99
OC-07990,2019-04-11,PROV-018,Secretaría D,46474.99
OC-07991,2019-04-11,PROV-018,Secretaría D,46474.99
OC-07992,2019-04-11,PROV-055,Secretaría G,11900.0
OC-07993,2019-04-11,PROV-141,Secretaría A,1814.18
OC-07994,2019-04-11,PROV-141,Secretaría A,1814.18
OC-07995,2019-04-11,PROV-162,Secretaría A,57354.0
OC-07996,2019-04-11,PROV-018,Secretaría D,46474.99
OC-07997,2019-04-11,PROV-045,Secretaría F,3687.52
OC-07998,2019-04-11,PROV-045,Secretaría F,3687.52
OC-07999,2019-04-11,PROV-045,Secretaría F,3687.52
OC-08000,2019-04-11,PROV-021,Secretaría C,5398.0
OC-08001,2019-04-11,PROV-021,Secretaría C,5398.0
OC-08002,2019-04-11,PROV-021,Secretaría C,5398.0
OC-08003,2019-04-11,PROV-021,Secretaría C,5398.0
OC-08004,2019-04-11,PROV-021,Secretaría C,5398.0
OC-08005,2019-04-11,PROV-030,Secretaría A,7325.0
OC-08006,2019-04-11,PROV-030,Secretaría A,7325.0
OC-08007,2019-04-11,PROV-045,Secretaría F,3687.52
OC-08008,2019-04-11,PROV-030,Secretaría A,7325.0
OC-08009,2019-04-11,PROV-030,Secretaría A,7325.0
OC-08010,2019-04-11,PROV-030,Secretaría A,7325.0
OC-08011,2019-04-11,PROV-030,Secretaría A,7325.0
OC-08012,2019-04-11,PROV-030,Secretaría A,7325.0
OC-08013,2019-04-11,PROV-030,Secretaría A,7325.0
OC-08014,2019-04-11,PROV-030,Secretaría A,7325.0
OC-08015,2019-04-11,PROV-045,Secretaría F,3687.52
OC-08016,2019-04-11,PROV-020,Secretaría A,928.99
OC-08017,2019-04-11,PROV-020,Secretaría A,928.99
OC-08018,2019-04-11,PROV-020,Secretaría A,928.99
OC-08019,2019-04-11,PROV-045,Secretaría F,3687.52
OC-08020,2019-04-11,PROV-306,Secretaría C,3520.0
OC-08021,2019-04-11,PROV-030,Secretaría A,7325.0
OC-08022,2019-04-11,PROV-030,Secretaría A,7325.0
OC-08023,2019-04-11,PROV-030,Secretaría A,7325.0
OC-08024,2019-04-11,PROV-030,Secretaría A,7325.0
OC-08025,2019-04-11,PROV-030,Secretaría A,4400.0
OC-08026,2019-04-12,PROV-045,Secretaría C,11231.0
OC-08027,2019-04-12,PROV-045,Secretaría C,11231.0
OC-08028,2019-04-12,PROV-045,Secretaría C,11231.0
OC-08029,2019-04-12,PROV-027,Secretaría C,4914.0
OC-08030,2019-04-12,PROV-045,Secretaría C,11231.0
OC-08031,2019-04-12,PROV-045,Secretaría C,11231.0
OC-08032,2019-04-12,PROV-045,Secretaría C,1830.0
OC-08033,2019-04-12,PROV-045,Secretaría C,1830.0
OC-08034,2019-04-12,PROV-027,Secretaría C,378.0
OC-08035,2019-04-12,PROV-045,Secretaría C,11231.0
OC-08036,2019-04-12,PROV-045,Secretaría C,5388.0
OC-08037,2019-04-12,PROV-323,Secretaría A,12718.0
OC-08038,2019-04-12,PROV-045,Secretaría C,5388.0
OC-08039,2019-04-12,PROV-045,Secretaría C,5388.0
OC-08040,2019-04-12,PROV-077,Secretaría B,1996.0
OC-08041,2019-04-12,PROV-077,Secretaría B,1996.0
OC-08042,2019-04-12,PROV-531,Secretaría C,15360.0
OC-08043,2019-04-12,PROV-077,Secretaría B,1996.0
OC-08044,2019-04-12,PROV-323,Secretaría A,12718.0
OC-08045,2019-04-12,PROV-025,Secretaría D,62593.3
OC-08046,2019-04-12,PROV-059,Secretaría G,834.0
OC-08047,2019-04-12,PROV-045,Secretaría C,5388.0
OC-08048,2019-04-12,PROV-323,Secretaría A,12718.0
OC-08049,2019-04-15,PROV-080,Secretaría B,8122.56
OC-08050,2019-04-15,PROV-080,Secretaría B,8122.56
OC-08051,2019-04-15,PROV-080,Secretaría B,8122.56
OC-08052,2019-04-15,PROV-080,Secretaría B,8122.56
OC-08053,2019-04-15,PROV-080,Secretaría B,8122.56
OC-08054,2019-04-15,PROV-080,Secretaría B,8122.56
OC-08055,2019-04-15,PROV-062,Secretaría B,38821.52
OC-08056,2019-04-15,PROV-371,Secretaría C,7713.96
OC-08057,2019-04-15,PROV-080,Secretaría C,11224.0
OC-08058,2019-04-15,PROV-466,Secretaría C,1500.0
OC-08059,2019-04-15,PROV-080,Secretaría B,8122.56
OC-08060,2019-04-15,PROV-062,Secretaría B,38821.52
OC-08061,2019-04-15,PROV-080,Secretaría B,8122.56
OC-08062,2019-04-15,PROV-080,Secretaría B,8122.56
OC-08063,2019-04-15,PROV-080,Secretaría B,8122.56
OC-08064,2019-04-15,PROV-080,Secretaría B,8122.56
OC-08065,2019-04-15,PROV-080,Secretaría B,8122.56
OC-08066,2019-04-15,PROV-080,Secretaría B,8122.56
OC-08067,2019-04-15,PROV-062,Secretaría B,38821.52
OC-08068,2019-04-15,PROV-080,Secretaría B,8122.56
OC-08069,2019-04-15,PROV-161,Secretaría A,47400.0
OC-08070,2019-04-15,PROV-077,Secretaría C,1777.0
OC-08071,2019-04-15,PROV-077,Secretaría C,1777.0
OC-08072,2019-04-15,PROV-077,Secretaría C,1777.0
OC-08073,2019-04-15,PROV-077,Secretaría C,1777.0
OC-08074,2019-04-15,PROV-077,Secretaría C,1777.0
OC-08075,2019-04-15,PROV-077,Secretaría C,1777.0
OC-08076,2019-04-15,PROV-077,Secretaría C,1777.0
OC-08077,2019-04-15,PROV-080,Secretaría B,8122.56
OC-08078,2019-04-15,PROV-062,Secretaría B,38821.52
OC-08079,2019-04-15,PROV-019,Secretaría B,67939.0
OC-08080,2019-04-15,PROV-062,Secretaría B,38821.52
OC-08081,2019-04-15,PROV-195,Secretaría A,1399.0
OC-08082,2019-04-15,PROV-141,Secretaría A,1009.8
OC-08083,2019-04-15,PROV-141,Secretaría A,1009.8
OC-08084,2019-04-15,PROV-141,Secretaría A,1009.8
OC-08085,2019-04-15,PROV-141,Secretaría A,1009.8
OC-08086,2019-04-15,PROV-141,Secretaría A,1009.8
OC-08087,2019-04-15,PROV-141,Secretaría A,1009.8
OC-08088,2019-04-15,PROV-141,Secretaría A,1009.8
OC-08089,2019-04-15,PROV-019,Secretaría B,67939.0
OC-08090,2019-04-15,PROV-019,Secretaría B,67939.0
OC-08091,2019-04-15,PROV-019,Secretaría B,67939.0
OC-08092,2019-04-15,PROV-019,Secretaría B,67939.0
OC-08093,2019-04-15,PROV-019,Secretaría B,67939.0
OC-08094,2019-04-15,PROV-019,Secretaría B,67939.0
OC-08095,2019-04-15,PROV-019,Secretaría B,67939.0
OC-08096,2019-04-15,PROV-019,Secretaría B,67939.0
OC-08097,2019-04-15,PROV-019,Secretaría B,67939.0
OC-08098,2019-04-15,PROV-019,Secretaría B,67939.0
OC-08099,2019-04-15,PROV-019,Secretaría B,67939.0
OC-08100,2019-04-15,PROV-019,Secretaría B,67939.0
OC-08101,2019-04-15,PROV-019,Secretaría B,67939.0
OC-08102,2019-04-15,PROV-019,Secretaría B,67939.0
OC-08103,2019-04-15,PROV-019,Secretaría B,67939.0
OC-08104,2019-04-15,PROV-019,Secretaría B,67939.0
OC-08105,2019-04-15,PROV-019,Secretaría B,67939.0
OC-08106,2019-04-15,PROV-077,Secretaría C,1777.0
OC-08107,2019-04-15,PROV-019,Secretaría B,67939.0
OC-08108,2019-04-15,PROV-062,Secretaría B,38821.52
OC-08109,2019-04-15,PROV-062,Secretaría B,38821.52
OC-08110,2019-04-15,PROV-062,Secretaría B,38821.52
OC-08111,2019-04-15,PROV-077,Secretaría C,1777.0
OC-08112,2019-04-15,PROV-019,Secretaría B,67939.0
OC-08113,2019-04-15,PROV-077,Secretaría C,1777.0
OC-08114,2019-04-15,PROV-045,Secretaría E,2562.74
OC-08115,2019-04-15,PROV-045,Secretaría E,2562.74
OC-08116,2019-04-15,PROV-045,Secretaría E,2562.74
OC-08117,2019-04-15,PROV-045,Secretaría E,2562.74
OC-08118,2019-04-15,PROV-045,Secretaría E,2562.74
OC-08119,2019-04-15,PROV-020,Secretaría A,1907.39
OC-08120,2019-04-15,PROV-020,Secretaría A,1907.39
OC-08121,2019-04-15,PROV-020,Secretaría A,1907.39
OC-08122,2019-04-15,PROV-003,Secretaría C,686.27
OC-08123,2019-04-15,PROV-240,Secretaría C,137700.0
OC-08124,2019-04-15,PROV-021,Secretaría D,560.0
OC-08125,2019-04-15,PROV-045,Secretaría D,3028.32
OC-08126,2019-04-15,PROV-070,Secretaría D,536.0
OC-08127,2019-04-15,PROV-100,Secretaría D,3980.0
OC-08128,2019-04-15,PROV-030,Secretaría D,1320.0
OC-08129,2019-04-15,PROV-084,Secretaría C,4680.0
OC-08130,2019-04-15,PROV-033,Secretaría C,8370.0
OC-08131,2019-04-15,PROV-033,Secretaría C,8370.0
OC-08132,2019-04-15,PROV-033,Secretaría C,8370.0
OC-08133,2019-04-15,PROV-033,Secretaría C,8370.0
OC-08134,2019-04-15,PROV-281,Secretaría C,1210.0
OC-08135,2019-04-15,PROV-425,Secretaría A,1400.0
OC-08136,2019-04-15,PROV-466,Secretaría C,5000.0
OC-08137,2019-04-15,PROV-265,Secretaría B,2641.0
OC-08138,2019-04-15,PROV-265,Secretaría B,2641.0
OC-08139,2019-04-15,PROV-084,Secretaría B,8300.0
OC-08140,2019-04-15,PROV-050,Secretaría C,1155.0
OC-08141,2019-04-15,PROV-077,Secretaría C,1777.0
OC-08142,2019-04-15,PROV-084,Secretaría C,4680.0
OC-08143,2019-04-15,PROV-077,Secretaría G,8406.0
OC-08144,2019-04-15,PROV-020,Secretaría A,1907.39
OC-08145,2019-04-15,PROV-077,Secretaría G,8406.0
OC-08146,2019-04-15,PROV-080,Secretaría G,8604.65
OC-08147,2019-04-15,PROV-080,Secretaría G,8604.65
OC-08148,2019-04-15,PROV-080,Secretaría G,8604.65
OC-08149,2019-04-15,PROV-080,Secretaría G,8604.65
OC-08150,2019-04-15,PROV-077,Secretaría G,8406.0
OC-08151,2019-04-15,PROV-080,Secretaría G,8604.65
OC-08152,2019-04-15,PROV-080,Secretaría G,8604.65
OC-08153,2019-04-15,PROV-080,Secretaría G,8604.65
OC-08154,2019-04-15,PROV-080,Secretaría G,8604.65
OC-08155,2019-04-15,PROV-080,Secretaría G,8604.65
OC-08156,2019-04-15,PROV-080,Secretaría G,8604.65
OC-08157,2019-04-15,PROV-080,Secretaría G,8604.65
OC-08158,2019-04-15,PROV-080,Secretaría G,8604.65
OC-08159,2019-04-15,PROV-077,Secretaría G,1080.0
OC-08160,2019-04-15,PROV-077,Secretaría G,1080.0
OC-08161,2019-04-15,PROV-080,Secretaría G,8604.65
OC-08162,2019-04-15,PROV-077,Secretaría G,1080.0
OC-08163,2019-04-15,PROV-077,Secretaría G,1080.0
OC-08164,2019-04-15,PROV-077,Secretaría G,8406.0
OC-08165,2019-04-15,PROV-077,Secretaría G,8406.0
OC-08166,2019-04-15,PROV-077,Secretaría G,8406.0
OC-08167,2019-04-15,PROV-077,Secretaría G,8406.0
OC-08168,2019-04-15,PROV-077,Secretaría G,8406.0
OC-08169,2019-04-15,PROV-077,Secretaría G,8406.0
OC-08170,2019-04-15,PROV-077,Secretaría G,8406.0
OC-08171,2019-04-15,PROV-077,Secretaría G,8406.0
OC-08172,2019-04-15,PROV-077,Secretaría G,8406.0
OC-08173,2019-04-15,PROV-077,Secretaría G,8406.0
OC-08174,2019-04-15,PROV-077,Secretaría G,8406.0
OC-08175,2019-04-15,PROV-077,Secretaría G,8406.0
OC-08176,2019-04-16,PROV-137,Secretaría D,78800.0
OC-08177,2019-04-16,PROV-095,Secretaría B,6870.0
OC-08178,2019-04-16,PROV-135,Secretaría D,18300.0
OC-08179,2019-04-16,PROV-069,Secretaría B,2084.5
OC-08180,2019-04-16,PROV-069,Secretaría B,2084.5
OC-08181,2019-04-16,PROV-150,Secretaría B,2268.0
OC-08182,2019-04-16,PROV-150,Secretaría B,2268.0
OC-08183,2019-04-16,PROV-024,Secretaría B,2835.5
OC-08184,2019-04-16,PROV-024,Secretaría B,2835.5
OC-08185,2019-04-16,PROV-135,Secretaría D,20800.0
OC-08186,2019-04-16,PROV-005,Secretaría B,34679.4
OC-08187,2019-04-16,PROV-008,Secretaría B,6356.0
OC-08188,2019-04-16,PROV-008,Secretaría B,6356.0
OC-08189,2019-04-16,PROV-008,Secretaría B,6356.0
OC-08190,2019-04-16,PROV-005,Secretaría B,34679.4
OC-08191,2019-04-16,PROV-005,Secretaría B,34679.4
OC-08192,2019-04-16,PROV-005,Secretaría B,34679.4
OC-08193,2019-04-16,PROV-005,Secretaría B,34679.4
OC-08194,2019-04-16,PROV-005,Secretaría B,34679.4
OC-08195,2019-04-16,PROV-005,Secretaría B,34679.4
OC-08196,2019-04-16,PROV-005,Secretaría B,34679.4
OC-08197,2019-04-16,PROV-025,Secretaría D,11628.1
OC-08198,2019-04-16,PROV-095,Secretaría B,6870.0
OC-08199,2019-04-16,PROV-025,Secretaría D,11628.1
OC-08200,2019-04-16,PROV-030,Secretaría D,2087.0
OC-08201,2019-04-16,PROV-025,Secretaría D,11628.1
OC-08202,2019-04-16,PROV-025,Secretaría D,11628.1
OC-08203,2019-04-16,PROV-306,Secretaría C,2565.0
OC-08204,2019-04-16,PROV-007,Secretaría C,4430.0
OC-08205,2019-04-16,PROV-007,Secretaría C,4430.0
OC-08206,2019-04-16,PROV-007,Secretaría C,4430.0
OC-08207,2019-04-16,PROV-062,Secretaría B,45948.0
OC-08208,2019-04-16,PROV-100,Secretaría D,995.0
OC-08209,2019-04-16,PROV-100,Secretaría D,995.0
OC-08210,2019-04-16,PROV-100,Secretaría D,995.0
OC-08211,2019-04-16,PROV-030,Secretaría D,2087.0
OC-08212,2019-04-16,PROV-020,Secretaría A,6145.0
OC-08213,2019-04-16,PROV-030,Secretaría D,2087.0
OC-08214,2019-04-16,PROV-176,Secretaría D,20172.0
OC-08215,2019-04-16,PROV-176,Secretaría D,20172.0
OC-08216,2019-04-16,PROV-176,Secretaría D,20172.0
OC-08217,2019-04-16,PROV-176,Secretaría D,20172.0
OC-08218,2019-04-16,PROV-020,Secretaría D,2205.55
OC-08219,2019-04-16,PROV-020,Secretaría D,2205.55
OC-08220,2019-04-16,PROV-020,Secretaría D,2205.55
OC-08221,2019-04-16,PROV-020,Secretaría D,2205.55
OC-08222,2019-04-16,PROV-030,Secretaría D,2087.0
OC-08223,2019-04-16,PROV-025,Secretaría D,11628.1
OC-08224,2019-04-17,PROV-024,Secretaría C,14809.6
OC-08225,2019-04-17,PROV-024,Secretaría C,14809.6
OC-08226,2019-04-17,PROV-017,Secretaría C,54664.0
OC-08227,2019-04-17,PROV-017,Secretaría C,54664.0
OC-08228,2019-04-17,PROV-017,Secretaría C,54664.0
OC-08229,2019-04-17,PROV-017,Secretaría C,54664.0
OC-08230,2019-04-17,PROV-017,Secretaría C,54664.0
OC-08231,2019-04-17,PROV-017,Secretaría C,54664.0
OC-08232,2019-04-17,PROV-024,Secretaría C,14809.6
OC-08233,2019-04-17,PROV-017,Secretaría C,54664.0
OC-08234,2019-04-17,PROV-225,Secretaría C,7135.05
OC-08235,2019-04-17,PROV-001,Secretaría C,534.9
OC-08236,2019-04-17,PROV-225,Secretaría C,7135.05
OC-08237,2019-04-17,PROV-225,Secretaría C,7135.05
OC-08238,2019-04-17,PROV-079,Secretaría C,435600.0
OC-08239,2019-04-17,PROV-001,Secretaría C,4930.0
OC-08240,2019-04-17,PROV-001,Secretaría C,4930.0
OC-08241,2019-04-17,PROV-064,Secretaría A,5870.0
OC-08242,2019-04-17,PROV-001,Secretaría C,534.9
OC-08243,2019-04-17,PROV-001,Secretaría C,534.9
OC-08244,2019-04-17,PROV-423,Secretaría E,50000.0
OC-08245,2019-04-17,PROV-001,Secretaría C,534.9
OC-08246,2019-04-22,PROV-008,Secretaría C,18820.0
OC-08247,2019-04-22,PROV-005,Secretaría C,33176.0
OC-08248,2019-04-22,PROV-005,Secretaría C,33176.0
OC-08249,2019-04-22,PROV-005,Secretaría C,33176.0
OC-08250,2019-04-22,PROV-005,Secretaría C,33176.0
OC-08251,2019-04-22,PROV-005,Secretaría C,33176.0
OC-08252,2019-04-22,PROV-008,Secretaría C,18820.0
OC-08253,2019-04-22,PROV-008,Secretaría C,18820.0
OC-08254,2019-04-22,PROV-008,Secretaría C,18820.0
OC-08255,2019-04-22,PROV-008,Secretaría C,18820.0
OC-08256,2019-04-22,PROV-008,Secretaría C,18820.0
OC-08257,2019-04-22,PROV-008,Secretaría C,18820.0
OC-08258,2019-04-22,PROV-059,Secretaría F,2390.0
OC-08259,2019-04-22,PROV-005,Secretaría C,33176.0
OC-08260,2019-04-22,PROV-059,Secretaría H,11920.0
OC-08261,2019-04-22,PROV-005,Secretaría C,33176.0
OC-08262,2019-04-22,PROV-225,Secretaría C,27495.83
OC-08263,2019-04-22,PROV-005,Secretaría C,33176.0
OC-08264,2019-04-22,PROV-005,Secretaría C,33176.0
OC-08265,2019-04-22,PROV-225,Secretaría C,27495.83
OC-08266,2019-04-22,PROV-225,Secretaría C,27495.83
OC-08267,2019-04-22,PROV-225,Secretaría C,27495.83
OC-08268,2019-04-22,PROV-225,Secretaría C,27495.83
OC-08269,2019-04-22,PROV-225,Secretaría C,27495.83
OC-08270,2019-04-22,PROV-225,Secretaría C,27495.83
OC-08271,2019-04-22,PROV-005,Secretaría C,33176.0
OC-08272,2019-04-22,PROV-005,Secretaría C,33176.0
OC-08273,2019-04-22,PROV-005,Secretaría C,33176.0
OC-08274,2019-04-22,PROV-005,Secretaría C,33176.0
OC-08275,2019-04-22,PROV-005,Secretaría C,33176.0
OC-08276,2019-04-22,PROV-005,Secretaría C,33176.0
OC-08277,2019-04-22,PROV-005,Secretaría C,33176.0
OC-08278,2019-04-23,PROV-183,Secretaría C,70500.0
OC-08279,2019-04-23,PROV-077,Secretaría C,3720.0
OC-08280,2019-04-23,PROV-077,Secretaría C,3720.0
OC-08281,2019-04-23,PROV-083,Secretaría C,5579.0
OC-08282,2019-04-23,PROV-083,Secretaría C,5579.0
OC-08283,2019-04-23,PROV-016,Secretaría C,2790.0
OC-08284,2019-04-23,PROV-183,Secretaría C,70500.0
OC-08285,2019-04-23,PROV-005,Secretaría B,197104.9
OC-08286,2019-04-23,PROV-005,Secretaría B,197104.9
OC-08287,2019-04-23,PROV-005,Secretaría B,197104.9
OC-08288,2019-04-23,PROV-005,Secretaría B,197104.9
OC-08289,2019-04-23,PROV-005,Secretaría B,197104.9
OC-08290,2019-04-23,PROV-005,Secretaría B,197104.9
OC-08291,2019-04-23,PROV-077,Secretaría C,3720.0
OC-08292,2019-04-23,PROV-005,Secretaría B,197104.9
OC-08293,2019-04-23,PROV-077,Secretaría C,3720.0
OC-08294,2019-04-23,PROV-080,Secretaría C,7849.3
OC-08295,2019-04-23,PROV-077,Secretaría C,3720.0
OC-08296,2019-04-23,PROV-080,Secretaría C,7849.3
OC-08297,2019-04-23,PROV-080,Secretaría C,7849.3
OC-08298,2019-04-23,PROV-080,Secretaría C,7849.3
OC-08299,2019-04-23,PROV-080,Secretaría C,7849.3
OC-08300,2019-04-23,PROV-080,Secretaría C,7849.3
OC-08301,2019-04-23,PROV-080,Secretaría C,7849.3
OC-08302,2019-04-23,PROV-080,Secretaría C,7849.3
OC-08303,2019-04-23,PROV-080,Secretaría C,7849.3
OC-08304,2019-04-23,PROV-080,Secretaría C,7849.3
OC-08305,2019-04-23,PROV-005,Secretaría B,197104.9
OC-08306,2019-04-23,PROV-080,Secretaría C,7849.3
OC-08307,2019-04-23,PROV-080,Secretaría C,7849.3
OC-08308,2019-04-23,PROV-080,Secretaría C,7849.3
OC-08309,2019-04-23,PROV-080,Secretaría C,7849.3
OC-08310,2019-04-23,PROV-080,Secretaría C,7849.3
OC-08311,2019-04-23,PROV-077,Secretaría C,3720.0
OC-08312,2019-04-23,PROV-005,Secretaría B,197104.9
OC-08313,2019-04-23,PROV-005,Secretaría B,197104.9
OC-08314,2019-04-23,PROV-005,Secretaría B,197104.9
OC-08315,2019-04-23,PROV-008,Secretaría B,90620.0
OC-08316,2019-04-23,PROV-058,Secretaría B,39180.0
OC-08317,2019-04-23,PROV-058,Secretaría B,39180.0
OC-08318,2019-04-23,PROV-058,Secretaría B,39180.0
OC-08319,2019-04-23,PROV-058,Secretaría B,39180.0
OC-08320,2019-04-23,PROV-095,Secretaría B,105990.0
OC-08321,2019-04-23,PROV-095,Secretaría B,105990.0
OC-08322,2019-04-23,PROV-095,Secretaría B,105990.0
OC-08323,2019-04-23,PROV-095,Secretaría B,105990.0
OC-08324,2019-04-23,PROV-095,Secretaría B,105990.0
OC-08325,2019-04-23,PROV-005,Secretaría B,197104.9
OC-08326,2019-04-23,PROV-069,Secretaría B,30560.0
OC-08327,2019-04-23,PROV-069,Secretaría B,30560.0
OC-08328,2019-04-23,PROV-069,Secretaría B,30560.0
OC-08329,2019-04-23,PROV-069,Secretaría B,30560.0
OC-08330,2019-04-23,PROV-008,Secretaría B,90620.0
OC-08331,2019-04-23,PROV-008,Secretaría B,90620.0
OC-08332,2019-04-23,PROV-095,Secretaría B,105990.0
OC-08333,2019-04-23,PROV-008,Secretaría B,90620.0
OC-08334,2019-04-23,PROV-008,Secretaría B,90620.0
OC-08335,2019-04-23,PROV-005,Secretaría B,197104.9
OC-08336,2019-04-23,PROV-005,Secretaría B,197104.9
OC-08337,2019-04-23,PROV-005,Secretaría B,197104.9
OC-08338,2019-04-23,PROV-005,Secretaría B,197104.9
OC-08339,2019-04-23,PROV-005,Secretaría B,197104.9
OC-08340,2019-04-23,PROV-008,Secretaría B,90620.0
OC-08341,2019-04-23,PROV-005,Secretaría B,197104.9
OC-08342,2019-04-23,PROV-008,Secretaría B,90620.0
OC-08343,2019-04-23,PROV-008,Secretaría B,90620.0
OC-08344,2019-04-23,PROV-008,Secretaría B,90620.0
OC-08345,2019-04-23,PROV-008,Secretaría B,90620.0
OC-08346,2019-04-23,PROV-008,Secretaría B,90620.0
OC-08347,2019-04-23,PROV-008,Secretaría B,90620.0
OC-08348,2019-04-23,PROV-008,Secretaría B,90620.0
OC-08349,2019-04-24,PROV-033,Secretaría C,11115.0
OC-08350,2019-04-24,PROV-020,Secretaría A,10673.64
OC-08351,2019-04-24,PROV-020,Secretaría A,10673.64
OC-08352,2019-04-24,PROV-020,Secretaría A,1132.15
OC-08353,2019-04-24,PROV-020,Secretaría A,10673.64
OC-08354,2019-04-24,PROV-020,Secretaría A,10673.64
OC-08355,2019-04-24,PROV-020,Secretaría A,10673.64
OC-08356,2019-04-24,PROV-020,Secretaría A,10673.64
OC-08357,2019-04-24,PROV-020,Secretaría A,10673.64
OC-08358,2019-04-24,PROV-020,Secretaría A,10673.64
OC-08359,2019-04-24,PROV-020,Secretaría A,1132.15
OC-08360,2019-04-24,PROV-020,Secretaría A,10673.64
OC-08361,2019-04-24,PROV-167,Secretaría F,8160.0
OC-08362,2019-04-24,PROV-020,Secretaría A,10520.0
OC-08363,2019-04-24,PROV-020,Secretaría A,1632.98
OC-08364,2019-04-24,PROV-034,Secretaría A,2495.0
OC-08365,2019-04-24,PROV-034,Secretaría A,1585.0
OC-08366,2019-04-24,PROV-034,Secretaría A,1140.0
OC-08367,2019-04-24,PROV-373,Secretaría B,42240.0
OC-08368,2019-04-24,PROV-088,Secretaría B,2400.0
OC-08369,2019-04-24,PROV-059,Secretaría B,12890.0
OC-08370,2019-04-24,PROV-017,Secretaría C,1746.0
OC-08371,2019-04-24,PROV-012,Secretaría A,16187.0
OC-08372,2019-04-24,PROV-045,Secretaría D,6249.12
OC-08373,2019-04-24,PROV-020,Secretaría D,2650.0
OC-08374,2019-04-24,PROV-020,Secretaría A,10673.64
OC-08375,2019-04-24,PROV-020,Secretaría D,2650.0
OC-08376,2019-04-24,PROV-237,Secretaría E,1400.0
OC-08377,2019-04-24,PROV-020,Secretaría A,3800.0
OC-08378,2019-04-24,PROV-034,Secretaría F,8195.0
OC-08379,2019-04-24,PROV-034,Secretaría F,8195.0
OC-08380,2019-04-24,PROV-034,Secretaría F,8195.0
OC-08381,2019-04-24,PROV-100,Secretaría A,10800.0
OC-08382,2019-04-24,PROV-084,Secretaría G,2600.0
OC-08383,2019-04-24,PROV-034,Secretaría F,2775.0
OC-08384,2019-04-24,PROV-034,Secretaría F,2775.0
OC-08385,2019-04-24,PROV-034,Secretaría F,2775.0
OC-08386,2019-04-24,PROV-195,Secretaría C,7699.0
OC-08387,2019-04-24,PROV-195,Secretaría C,7699.0
OC-08388,2019-04-24,PROV-211,Secretaría C,4800.0
OC-08389,2019-04-24,PROV-034,Secretaría F,8195.0
OC-08390,2019-04-24,PROV-086,Secretaría C,3577.0
OC-08391,2019-04-24,PROV-086,Secretaría C,3577.0
OC-08392,2019-04-24,PROV-020,Secretaría A,5096.0
OC-08393,2019-04-24,PROV-020,Secretaría A,5096.0
OC-08394,2019-04-24,PROV-020,Secretaría A,5096.0
OC-08395,2019-04-24,PROV-311,Secretaría E,4400.0
OC-08396,2019-04-24,PROV-020,Secretaría D,2650.0
OC-08397,2019-04-24,PROV-097,Secretaría C,26900.0
OC-08398,2019-04-24,PROV-092,Secretaría A,55000.0
OC-08399,2019-04-24,PROV-074,Secretaría C,20200.0
OC-08400,2019-04-24,PROV-074,Secretaría C,20200.0
OC-08401,2019-04-24,PROV-086,Secretaría C,3577.0
OC-08402,2019-04-24,PROV-097,Secretaría C,26900.0
OC-08403,2019-04-25,PROV-030,Secretaría D,1800.0
OC-08404,2019-04-25,PROV-030,Secretaría A,1870.0
OC-08405,2019-04-25,PROV-255,Secretaría B,15000.0
OC-08406,2019-04-25,PROV-036,Secretaría B,134520.0
OC-08407,2019-04-25,PROV-020,Secretaría B,8736.0
OC-08408,2019-04-25,PROV-101,Secretaría B,130000.0
OC-08409,2019-04-25,PROV-134,Secretaría B,115000.0
OC-08410,2019-04-25,PROV-118,Secretaría B,127500.0
OC-08411,2019-04-25,PROV-003,Secretaría B,7127.21
OC-08412,2019-04-25,PROV-165,Secretaría B,120000.0
OC-08413,2019-04-25,PROV-241,Secretaría B,55000.0
OC-08414,2019-04-25,PROV-018,Secretaría B,31507.33
OC-08415,2019-04-25,PROV-145,Secretaría B,25200.0
OC-08416,2019-04-25,PROV-008,Secretaría B,85856.6
OC-08417,2019-04-25,PROV-016,Secretaría B,127158.0
OC-08418,2019-04-25,PROV-234,Secretaría B,20550.0
OC-08419,2019-04-25,PROV-100,Secretaría D,1020.0
OC-08420,2019-04-25,PROV-180,Secretaría B,105000.0
OC-08421,2019-04-25,PROV-108,Secretaría B,47952.0
OC-08422,2019-04-25,PROV-084,Secretaría H,880.0
OC-08423,2019-04-25,PROV-256,Secretaría E,9800.0
OC-08424,2019-04-25,PROV-100,Secretaría D,975.0
OC-08425,2019-04-25,PROV-080,Secretaría B,23037.0
OC-08426,2019-04-25,PROV-077,Secretaría C,1300.0
OC-08427,2019-04-25,PROV-080,Secretaría C,3533.39
OC-08428,2019-04-25,PROV-080,Secretaría C,4510.07
OC-08429,2019-04-25,PROV-077,Secretaría C,4655.0
OC-08430,2019-04-25,PROV-414,Secretaría B,2400.0
OC-08431,2019-04-25,PROV-414,Secretaría C,4000.0
OC-08432,2019-04-25,PROV-077,Secretaría C,2157.0
OC-08433,2019-04-25,PROV-317,Secretaría C,5220.0
OC-08434,2019-04-25,PROV-059,Secretaría H,2370.0
OC-08435,2019-04-25,PROV-045,Secretaría F,1711.95
OC-08436,2019-04-25,PROV-074,Secretaría I,27000.0
OC-08437,2019-04-25,PROV-088,Secretaría I,19700.0
OC-08438,2019-04-25,PROV-030,Secretaría D,8850.0
OC-08439,2019-04-25,PROV-018,Secretaría B,3189.6
OC-08440,2019-04-25,PROV-414,Secretaría C,2080.0
OC-08441,2019-04-25,PROV-050,Secretaría G,900.0
OC-08442,2019-04-26,PROV-027,Secretaría A,12082.0
OC-08443,2019-04-26,PROV-027,Secretaría A,12483.0
OC-08444,2019-04-26,PROV-027,Secretaría A,1346.0
OC-08445,2019-04-26,PROV-027,Secretaría A,1314.0
OC-08446,2019-04-26,PROV-027,Secretaría A,3285.0
OC-08447,2019-04-26,PROV-027,Secretaría A,7227.0
OC-08448,2019-04-26,PROV-027,Secretaría A,3130.0
OC-08449,2019-04-26,PROV-027,Secretaría A,21786.0
OC-08450,2019-04-26,PROV-027,Secretaría A,11169.0
OC-08451,2019-04-26,PROV-027,Secretaría A,7074.0
OC-08452,2019-04-26,PROV-027,Secretaría D,11268.0
OC-08453,2019-04-26,PROV-027,Secretaría A,15620.0
OC-08454,2019-04-26,PROV-027,Secretaría A,10924.0
OC-08455,2019-04-26,PROV-027,Secretaría A,7884.0
OC-08456,2019-04-26,PROV-027,Secretaría A,7512.0
OC-08457,2019-04-26,PROV-027,Secretaría A,19710.0
OC-08458,2019-04-26,PROV-027,Secretaría A,19532.0
OC-08459,2019-04-26,PROV-027,Secretaría A,54531.0
OC-08460,2019-04-26,PROV-027,Secretaría A,53180.0
OC-08461,2019-04-26,PROV-014,Secretaría A,6860700.0
OC-08462,2019-04-26,PROV-027,Secretaría A,15111.0
OC-08463,2019-04-26,PROV-142,Secretaría C,10872.0
OC-08464,2019-04-26,PROV-027,Secretaría A,21681.0
OC-08465,2019-04-26,PROV-027,Secretaría D,12520.0
OC-08466,2019-04-26,PROV-027,Secretaría D,8478.0
OC-08467,2019-04-26,PROV-027,Secretaría D,36206.0
OC-08468,2019-04-26,PROV-027,Secretaría A,5256.0
OC-08469,2019-04-26,PROV-140,Secretaría A,9486.0
OC-08470,2019-04-26,PROV-074,Secretaría A,520.0
OC-08471,2019-04-26,PROV-272,Secretaría A,1680.0
OC-08472,2019-04-26,PROV-272,Secretaría A,3950.0
OC-08473,2019-04-26,PROV-272,Secretaría A,4100.0
OC-08474,2019-04-26,PROV-141,Secretaría A,679.55
OC-08475,2019-04-26,PROV-141,Secretaría A,936.79
OC-08476,2019-04-26,PROV-141,Secretaría A,645.74
OC-08477,2019-04-26,PROV-074,Secretaría A,2850.0
OC-08478,2019-04-26,PROV-144,Secretaría C,61778.0
OC-08479,2019-04-26,PROV-084,Secretaría G,2990.0
OC-08480,2019-04-26,PROV-141,Secretaría A,1632.0
OC-08481,2019-04-26,PROV-141,Secretaría A,1529.4
OC-08482,2019-04-26,PROV-033,Secretaría C,11072.0
OC-08483,2019-04-26,PROV-090,Secretaría C,7561.05
OC-08484,2019-04-26,PROV-033,Secretaría G,5145.2
OC-08485,2019-04-26,PROV-045,Secretaría G,841.94
OC-08486,2019-04-26,PROV-104,Secretaría G,6949.16
OC-08487,2019-04-26,PROV-010,Secretaría A,88880.0
OC-08488,2019-04-26,PROV-012,Secretaría A,44480.0
OC-08489,2019-04-26,PROV-027,Secretaría D,32850.0
OC-08490,2019-04-26,PROV-027,Secretaría A,4599.0
OC-08491,2019-04-26,PROV-027,Secretaría A,4382.0
OC-08492,2019-04-26,PROV-027,Secretaría A,5102.0
OC-08493,2019-04-26,PROV-141,Secretaría A,654.32
OC-08494,2019-04-29,PROV-056,Secretaría A,21445.55
OC-08495,2019-04-29,PROV-108,Secretaría B,3600.0
OC-08496,2019-04-29,PROV-223,Secretaría F,10648.2
OC-08497,2019-04-29,PROV-021,Secretaría C,14176.0
OC-08498,2019-04-30,PROV-002,Secretaría C,391750.0
OC-08499,2019-04-30,PROV-064,Secretaría A,3800.0
OC-08500,2019-04-30,PROV-041,Secretaría C,17604.5
OC-08501,2019-04-30,PROV-117,Secretaría B,127500.0
OC-08502,2019-04-30,PROV-002,Secretaría C,2660.0
OC-08503,2019-04-30,PROV-002,Secretaría C,8785.0
OC-08504,2019-04-30,PROV-002,Secretaría C,53369.0
OC-08505,2019-04-30,PROV-002,Secretaría C,25164.5
OC-08506,2019-04-30,PROV-002,Secretaría C,60640.0
OC-08507,2019-04-30,PROV-002,Secretaría C,71190.0
OC-08508,2019-04-30,PROV-002,Secretaría C,12334.0
OC-08509,2019-04-30,PROV-002,Secretaría B,68662.0
OC-08510,2019-04-30,PROV-011,Secretaría C,37681.0
OC-08511,2019-04-30,PROV-275,Secretaría A,990.0
OC-08512,2019-04-30,PROV-055,Secretaría H,1050.0
OC-08513,2019-04-30,PROV-011,Secretaría B,37638.0
OC-08514,2019-04-30,PROV-011,Secretaría C,4802.0
OC-08515,2019-04-30,PROV-011,Secretaría C,17680.0
OC-08516,2019-04-30,PROV-011,Secretaría C,110.0
OC-08517,2019-04-30,PROV-011,Secretaría B,48824.5
OC-08518,2019-04-30,PROV-011,Secretaría C,7525.0
OC-08519,2019-04-30,PROV-067,Secretaría E,79600.0
OC-08520,2019-04-30,PROV-275,Secretaría E,25440.0
OC-08521,2019-04-30,PROV-011,Secretaría C,44969.0
OC-08522,2019-05-02,PROV-080,Secretaría C,1188.5
OC-08523,2019-05-02,PROV-320,Secretaría B,3600.0
OC-08524,2019-05-02,PROV-124,Secretaría B,6720.0
OC-08525,2019-05-02,PROV-124,Secretaría B,4984.0
OC-08526,2019-05-02,PROV-142,Secretaría C,21640.0
OC-08527,2019-05-02,PROV-041,Secretaría C,1973.78
OC-08528,2019-05-02,PROV-017,Secretaría A,47542.25
OC-08529,2019-05-02,PROV-109,Secretaría B,1005.0
OC-08530,2019-05-02,PROV-194,Secretaría B,11045.0
OC-08531,2019-05-02,PROV-109,Secretaría C,3375.0
OC-08532,2019-05-02,PROV-109,Secretaría C,15891.0
OC-08533,2019-05-02,PROV-109,Secretaría C,2064.0
OC-08534,2019-05-02,PROV-109,Secretaría C,7284.0
OC-08535,2019-05-02,PROV-194,Secretaría A,5862.5
OC-08536,2019-05-02,PROV-093,Secretaría B,10242.38
OC-08537,2019-05-02,PROV-010,Secretaría C,9026.0
OC-08538,2019-05-02,PROV-045,Secretaría B,14300.93
OC-08539,2019-05-02,PROV-109,Secretaría C,2705.0
OC-08540,2019-05-02,PROV-041,Secretaría C,6621.81
OC-08541,2019-05-02,PROV-218,Secretaría C,2200.0
OC-08542,2019-05-02,PROV-080,Secretaría C,5805.46
OC-08543,2019-05-02,PROV-001,Secretaría C,2788.0
OC-08544,2019-05-02,PROV-007,Secretaría B,23900.0
OC-08545,2019-05-02,PROV-007,Secretaría B,142350.5
OC-08546,2019-05-02,PROV-007,Secretaría C,20400.0
OC-08547,2019-05-02,PROV-007,Secretaría C,33670.0
OC-08548,2019-05-02,PROV-007,Secretaría C,88780.0
OC-08549,2019-05-02,PROV-007,Secretaría C,9700.0
OC-08550,2019-05-02,PROV-007,Secretaría C,81140.0
OC-08551,2019-05-02,PROV-218,Secretaría C,21530.0
OC-08552,2019-05-02,PROV-007,Secretaría A,104650.0
OC-08553,2019-05-02,PROV-041,Secretaría C,21689.53
OC-08554,2019-05-02,PROV-012,Secretaría A,16900.0
OC-08555,2019-05-02,PROV-012,Secretaría A,30158.0
OC-08556,2019-05-02,PROV-012,Secretaría A,27298.0
OC-08557,2019-05-02,PROV-012,Secretaría A,16103.0
OC-08558,2019-05-02,PROV-012,Secretaría A,20362.0
OC-08559,2019-05-02,PROV-077,Secretaría G,2717.0
OC-08560,2019-05-02,PROV-077,Secretaría C,5813.0
OC-08561,2019-05-03,PROV-141,Secretaría A,819.04
OC-08562,2019-05-03,PROV-141,Secretaría A,1690.38
OC-08563,2019-05-03,PROV-141,Secretaría A,1889.0
OC-08564,2019-05-03,PROV-020,Secretaría A,2960.02
OC-08565,2019-05-03,PROV-020,Secretaría A,564.92
OC-08566,2019-05-03,PROV-020,Secretaría A,2900.0
OC-08567,2019-05-03,PROV-074,Secretaría A,882.0
OC-08568,2019-05-03,PROV-020,Secretaría A,1890.0
OC-08569,2019-05-03,PROV-034,Secretaría A,1975.0
OC-08570,2019-05-03,PROV-034,Secretaría A,5420.0
OC-08571,2019-05-03,PROV-074,Secretaría A,2641.0
OC-08572,2019-05-03,PROV-034,Secretaría A,2570.0
OC-08573,2019-05-03,PROV-034,Secretaría A,1340.0
OC-08574,2019-05-03,PROV-195,Secretaría B,11569.0
OC-08575,2019-05-03,PROV-020,Secretaría A,565.0
OC-08576,2019-05-03,PROV-086,Secretaría B,9264.0
OC-08577,2019-05-03,PROV-017,Secretaría C,1539.8
OC-08578,2019-05-03,PROV-059,Secretaría E,3768.0
OC-08579,2019-05-03,PROV-045,Secretaría A,525.64
OC-08580,2019-05-03,PROV-002,Secretaría B,4538.0
OC-08581,2019-05-03,PROV-002,Secretaría B,545.0
OC-08582,2019-05-03,PROV-084,Secretaría H,1930.0
OC-08583,2019-05-03,PROV-041,Secretaría B,68769.13
OC-08584,2019-05-03,PROV-041,Secretaría C,1459.85
OC-08585,2019-05-03,PROV-003,Secretaría C,4204.47
OC-08586,2019-05-03,PROV-041,Secretaría C,2226.36
OC-08587,2019-05-03,PROV-087,Secretaría B,16940.0
OC-08588,2019-05-03,PROV-087,Secretaría B,4538.0
OC-08589,2019-05-03,PROV-030,Secretaría B,1493.0
OC-08590,2019-05-03,PROV-086,Secretaría B,2125.0
OC-08591,2019-05-03,PROV-083,Secretaría C,2710.0
OC-08592,2019-05-03,PROV-104,Secretaría C,6973.4
OC-08593,2019-05-03,PROV-003,Secretaría C,2608.79
OC-08594,2019-05-03,PROV-020,Secretaría A,3035.0
OC-08595,2019-05-03,PROV-033,Secretaría A,3743.0
OC-08596,2019-05-03,PROV-034,Secretaría A,1890.0
OC-08597,2019-05-03,PROV-135,Secretaría A,1100.0
OC-08598,2019-05-03,PROV-128,Secretaría A,96449.1
OC-08599,2019-05-03,PROV-128,Secretaría A,83712.51
OC-08600,2019-05-03,PROV-003,Secretaría A,2921.0
OC-08601,2019-05-03,PROV-010,Secretaría F,22565.0
OC-08602,2019-05-03,PROV-010,Secretaría F,23345.0
OC-08603,2019-05-03,PROV-003,Secretaría C,4420.8
OC-08604,2019-05-03,PROV-170,Secretaría E,2704.0
OC-08605,2019-05-03,PROV-146,Secretaría E,5760.0
OC-08606,2019-05-03,PROV-170,Secretaría E,95084.0
OC-08607,2019-05-03,PROV-045,Secretaría A,2735.85
OC-08608,2019-05-03,PROV-020,Secretaría A,1982.59
OC-08609,2019-05-03,PROV-020,Secretaría A,4648.0
OC-08610,2019-05-03,PROV-020,Secretaría A,24772.0
OC-08611,2019-05-03,PROV-020,Secretaría A,796.91
OC-08612,2019-05-03,PROV-020,Secretaría A,13830.0
OC-08613,2019-05-03,PROV-059,Secretaría C,4349.0
OC-08614,2019-05-03,PROV-135,Secretaría A,7750.0
OC-08615,2019-05-03,PROV-135,Secretaría A,9800.0
OC-08616,2019-05-03,PROV-135,Secretaría A,700.0
OC-08617,2019-05-03,PROV-309,Secretaría C,7500.0
OC-08618,2019-05-03,PROV-135,Secretaría D,880.0
OC-08619,2019-05-03,PROV-077,Secretaría G,1306.0
OC-08620,2019-05-03,PROV-045,Secretaría D,1553.66
OC-08621,2019-05-03,PROV-055,Secretaría C,1490.0
OC-08622,2019-05-03,PROV-020,Secretaría A,5755.12
OC-08623,2019-05-03,PROV-084,Secretaría B,6680.0
OC-08624,2019-05-03,PROV-023,Secretaría D,2370.0
OC-08625,2019-05-03,PROV-033,Secretaría G,890.0
OC-08626,2019-05-03,PROV-167,Secretaría F,7100.0
OC-08627,2019-05-03,PROV-167,Secretaría F,18751.0
OC-08628,2019-05-03,PROV-167,Secretaría F,2000.0
OC-08629,2019-05-06,PROV-110,Secretaría E,64800.0
OC-08630,2019-05-06,PROV-008,Secretaría B,12960.0
OC-08631,2019-05-06,PROV-056,Secretaría A,33256.22
OC-08632,2019-05-06,PROV-455,Secretaría D,36000.0
OC-08633,2019-05-06,PROV-021,Secretaría B,30855.0
OC-08634,2019-05-06,PROV-056,Secretaría A,14892.0
OC-08635,2019-05-06,PROV-021,Secretaría G,3415.0
OC-08636,2019-05-07,PROV-020,Secretaría A,1170.0
OC-08637,2019-05-07,PROV-087,Secretaría B,18600.0
OC-08638,2019-05-07,PROV-087,Secretaría B,5210.0
OC-08639,2019-05-07,PROV-087,Secretaría B,9716.0
OC-08640,2019-05-07,PROV-087,Secretaría B,5120.0
OC-08641,2019-05-07,PROV-020,Secretaría F,7355.4
OC-08642,2019-05-07,PROV-250,Secretaría C,36000.0
OC-08643,2019-05-07,PROV-100,Secretaría B,1100.0
OC-08644,2019-05-07,PROV-003,Secretaría D,6998.98
OC-08645,2019-05-07,PROV-003,Secretaría D,793.01
OC-08646,2019-05-07,PROV-374,Secretaría B,6655.0
OC-08647,2019-05-07,PROV-090,Secretaría F,2004.84
OC-08648,2019-05-07,PROV-149,Secretaría F,4750.0
OC-08649,2019-05-07,PROV-020,Secretaría A,4000.0
OC-08650,2019-05-07,PROV-020,Secretaría A,3620.0
OC-08651,2019-05-07,PROV-087,Secretaría B,34160.0
OC-08652,2019-05-07,PROV-030,Secretaría D,1744.0
OC-08653,2019-05-07,PROV-087,Secretaría B,5460.0
OC-08654,2019-05-07,PROV-087,Secretaría B,10300.0
OC-08655,2019-05-07,PROV-020,Secretaría A,1560.0
OC-08656,2019-05-07,PROV-083,Secretaría C,9000.0
OC-08657,2019-05-07,PROV-003,Secretaría I,3008.15
OC-08658,2019-05-07,PROV-074,Secretaría I,39000.0
OC-08659,2019-05-07,PROV-061,Secretaría B,66105.0
OC-08660,2019-05-07,PROV-424,Secretaría A,1250.0
OC-08661,2019-05-07,PROV-017,Secretaría A,1085.0
OC-08662,2019-05-07,PROV-087,Secretaría B,3690.0
OC-08663,2019-05-07,PROV-212,Secretaría A,52053.0
OC-08664,2019-05-07,PROV-030,Secretaría A,1125.0
OC-08665,2019-05-07,PROV-105,Secretaría A,1840.0
OC-08666,2019-05-07,PROV-135,Secretaría A,1900.0
OC-08667,2019-05-07,PROV-105,Secretaría A,2621.0
OC-08668,2019-05-07,PROV-149,Secretaría F,8190.0
OC-08669,2019-05-07,PROV-167,Secretaría F,7000.0
OC-08670,2019-05-07,PROV-490,Secretaría B,14461.69
OC-08671,2019-05-07,PROV-020,Secretaría A,1426.83
OC-08672,2019-05-07,PROV-020,Secretaría A,2250.0
OC-08673,2019-05-07,PROV-367,Secretaría C,72000.0
OC-08674,2019-05-07,PROV-020,Secretaría A,2333.22
OC-08675,2019-05-07,PROV-105,Secretaría A,650.0
OC-08676,2019-05-07,PROV-272,Secretaría A,1400.0
OC-08677,2019-05-07,PROV-100,Secretaría A,620.0
OC-08678,2019-05-07,PROV-317,Secretaría C,2625.0
OC-08679,2019-05-07,PROV-223,Secretaría E,3993.0
OC-08680,2019-05-07,PROV-023,Secretaría E,54600.0
OC-08681,2019-05-07,PROV-100,Secretaría D,1030.0
OC-08682,2019-05-07,PROV-100,Secretaría D,600.0
OC-08683,2019-05-07,PROV-057,Secretaría D,3800.0
OC-08684,2019-05-07,PROV-056,Secretaría D,18274.34
OC-08685,2019-05-07,PROV-050,Secretaría C,4800.0
OC-08686,2019-05-07,PROV-419,Secretaría D,52000.0
OC-08687,2019-05-07,PROV-084,Secretaría F,16290.0
OC-08688,2019-05-07,PROV-084,Secretaría A,2200.0
OC-08689,2019-05-07,PROV-003,Secretaría E,5244.32
OC-08690,2019-05-07,PROV-105,Secretaría A,8706.0
OC-08691,2019-05-07,PROV-057,Secretaría D,2800.0
OC-08692,2019-05-07,PROV-017,Secretaría F,4605.4
OC-08693,2019-05-07,PROV-512,Secretaría E,4250.0
OC-08694,2019-05-07,PROV-020,Secretaría F,2615.0
OC-08695,2019-05-07,PROV-020,Secretaría A,720.0
OC-08696,2019-05-07,PROV-020,Secretaría A,993.59
OC-08697,2019-05-07,PROV-317,Secretaría C,6500.0
OC-08698,2019-05-07,PROV-149,Secretaría F,1800.0
OC-08699,2019-05-07,PROV-232,Secretaría C,7539.0
OC-08700,2019-05-07,PROV-135,Secretaría A,1300.0
OC-08701,2019-05-07,PROV-135,Secretaría A,1730.0
OC-08702,2019-05-07,PROV-020,Secretaría A,17060.0
OC-08703,2019-05-07,PROV-017,Secretaría G,3740.0
OC-08704,2019-05-07,PROV-020,Secretaría A,6900.0
OC-08705,2019-05-07,PROV-141,Secretaría A,1159.0
OC-08706,2019-05-07,PROV-141,Secretaría A,5564.58
OC-08707,2019-05-07,PROV-020,Secretaría A,540.0
OC-08708,2019-05-07,PROV-141,Secretaría A,516.04
OC-08709,2019-05-07,PROV-383,Secretaría A,3000.0
OC-08710,2019-05-07,PROV-383,Secretaría A,1450.0
OC-08711,2019-05-07,PROV-020,Secretaría A,1518.88
OC-08712,2019-05-08,PROV-418,Secretaría C,10921.8
OC-08713,2019-05-08,PROV-033,Secretaría B,3980.0
OC-08714,2019-05-08,PROV-521,Secretaría E,2050.0
OC-08715,2019-05-08,PROV-119,Secretaría E,37000.0
OC-08716,2019-05-08,PROV-227,Secretaría C,11650.0
OC-08717,2019-05-08,PROV-086,Secretaría C,4785.0
OC-08718,2019-05-08,PROV-065,Secretaría D,10990.0
OC-08719,2019-05-08,PROV-195,Secretaría J,2298.0
OC-08720,2019-05-08,PROV-227,Secretaría C,28200.0
OC-08721,2019-05-08,PROV-035,Secretaría F,1110780.0
OC-08722,2019-05-08,PROV-380,Secretaría D,1200.0
OC-08723,2019-05-08,PROV-556,Secretaría E,5000.0
OC-08724,2019-05-08,PROV-281,Secretaría E,23595.0
OC-08725,2019-05-08,PROV-048,Secretaría A,88640.0
OC-08726,2019-05-08,PROV-356,Secretaría C,3600.0
OC-08727,2019-05-08,PROV-077,Secretaría C,1536.0
OC-08728,2019-05-08,PROV-045,Secretaría A,2501.78
OC-08729,2019-05-08,PROV-327,Secretaría C,98300.0
OC-08730,2019-05-08,PROV-059,Secretaría E,12804.0
OC-08731,2019-05-08,PROV-176,Secretaría I,11147.73
OC-08732,2019-05-08,PROV-317,Secretaría B,4995.0
OC-08733,2019-05-08,PROV-169,Secretaría C,8000.0
OC-08734,2019-05-09,PROV-030,Secretaría B,3500.0
OC-08735,2019-05-09,PROV-103,Secretaría C,3960.0
OC-08736,2019-05-09,PROV-103,Secretaría B,14800.0
OC-08737,2019-05-09,PROV-018,Secretaría A,34290.0
OC-08738,2019-05-09,PROV-103,Secretaría C,29600.0
OC-08739,2019-05-09,PROV-226,Secretaría B,2260.0
OC-08740,2019-05-09,PROV-018,Secretaría E,7927.6
OC-08741,2019-05-09,PROV-128,Secretaría C,9138.81
OC-08742,2019-05-09,PROV-166,Secretaría H,83300.0
OC-08743,2019-05-10,PROV-084,Secretaría F,2900.0
OC-08744,2019-05-10,PROV-342,Secretaría F,10000.0
OC-08745,2019-05-10,PROV-200,Secretaría C,5425.0
OC-08746,2019-05-10,PROV-035,Secretaría G,252954.0
OC-08747,2019-05-10,PROV-202,Secretaría G,4200.0
OC-08748,2019-05-10,PROV-141,Secretaría A,1163.76
OC-08749,2019-05-10,PROV-141,Secretaría A,704.37
OC-08750,2019-05-10,PROV-141,Secretaría A,2268.0
OC-08751,2019-05-10,PROV-052,Secretaría A,11550.0
OC-08752,2019-05-10,PROV-538,Secretaría C,7860.0
OC-08753,2019-05-10,PROV-388,Secretaría I,16800.0
OC-08754,2019-05-10,PROV-141,Secretaría A,1076.7
OC-08755,2019-05-10,PROV-036,Secretaría C,110920.0
OC-08756,2019-05-10,PROV-149,Secretaría F,580.0
OC-08757,2019-05-10,PROV-018,Secretaría C,1259.3
OC-08758,2019-05-10,PROV-183,Secretaría B,29482.0
OC-08759,2019-05-10,PROV-363,Secretaría A,14200.0
OC-08760,2019-05-10,PROV-033,Secretaría A,3664.01
OC-08761,2019-05-10,PROV-009,Secretaría A,48360.0
OC-08762,2019-05-10,PROV-317,Secretaría C,760.0
OC-08763,2019-05-10,PROV-317,Secretaría B,3454.4
OC-08764,2019-05-10,PROV-551,Secretaría E,1800.0
OC-08765,2019-05-10,PROV-392,Secretaría G,19200.0
OC-08766,2019-05-10,PROV-002,Secretaría B,925.0
OC-08767,2019-05-10,PROV-002,Secretaría G,2360.0
OC-08768,2019-05-10,PROV-001,Secretaría C,41925.0
OC-08769,2019-05-10,PROV-001,Secretaría C,4776.5
OC-08770,2019-05-10,PROV-517,Secretaría G,6800.0
OC-08771,2019-05-10,PROV-104,Secretaría B,10150.0
OC-08772,2019-05-10,PROV-360,Secretaría G,1880.0
OC-08773,2019-05-10,PROV-434,Secretaría B,10020.0
OC-08774,2019-05-10,PROV-088,Secretaría B,8000.0
OC-08775,2019-05-10,PROV-107,Secretaría A,23025.0
OC-08776,2019-05-10,PROV-017,Secretaría A,96516.5
OC-08777,2019-05-10,PROV-010,Secretaría A,167930.0
OC-08778,2019-05-10,PROV-009,Secretaría A,120900.0
OC-08779,2019-05-10,PROV-106,Secretaría G,350523.0
OC-08780,2019-05-10,PROV-128,Secretaría D,16614.55
OC-08781,2019-05-10,PROV-020,Secretaría D,2509.0
OC-08782,2019-05-10,PROV-020,Secretaría D,1750.0
OC-08783,2019-05-10,PROV-045,Secretaría F,5406.35
OC-08784,2019-05-10,PROV-200,Secretaría E,2180.0
OC-08785,2019-05-10,PROV-544,Secretaría E,3600.0
OC-08786,2019-05-10,PROV-162,Secretaría A,50410.8
OC-08787,2019-05-10,PROV-017,Secretaría G,22610.2
OC-08788,2019-05-10,PROV-033,Secretaría D,3000.0
OC-08789,2019-05-10,PROV-084,Secretaría H,490.0
OC-08790,2019-05-10,PROV-386,Secretaría D,64788.24
OC-08791,2019-05-10,PROV-279,Secretaría B,5000.0
OC-08792,2019-05-10,PROV-279,Secretaría B,13000.0
OC-08793,2019-05-10,PROV-048,Secretaría A,16800.0
OC-08794,2019-05-10,PROV-034,Secretaría D,1390.0
OC-08795,2019-05-10,PROV-034,Secretaría A,1175.0
OC-08796,2019-05-10,PROV-034,Secretaría A,2700.0
OC-08797,2019-05-10,PROV-169,Secretaría G,3230.0
OC-08798,2019-05-10,PROV-034,Secretaría F,2620.0
OC-08799,2019-05-10,PROV-034,Secretaría F,975.0
OC-08800,2019-05-10,PROV-140,Secretaría A,4950.0
OC-08801,2019-05-10,PROV-483,Secretaría C,1880.0
OC-08802,2019-05-10,PROV-034,Secretaría A,1015.0
OC-08803,2019-05-13,PROV-010,Secretaría G,7056.0
OC-08804,2019-05-13,PROV-010,Secretaría A,305760.0
OC-08805,2019-05-13,PROV-010,Secretaría C,16464.0
OC-08806,2019-05-13,PROV-010,Secretaría F,188160.0
OC-08807,2019-05-13,PROV-010,Secretaría E,14112.0
OC-08808,2019-05-13,PROV-010,Secretaría A,117600.0
OC-08809,2019-05-13,PROV-010,Secretaría I,9664.0
OC-08810,2019-05-13,PROV-010,Secretaría A,37632.0
OC-08811,2019-05-13,PROV-010,Secretaría A,94080.0
OC-08812,2019-05-13,PROV-010,Secretaría A,42336.0
OC-08813,2019-05-13,PROV-010,Secretaría I,47040.0
OC-08814,2019-05-13,PROV-010,Secretaría E,14496.0
OC-08815,2019-05-13,PROV-010,Secretaría D,23520.0
OC-08816,2019-05-13,PROV-010,Secretaría D,28224.0
OC-08817,2019-05-13,PROV-010,Secretaría D,9408.0
OC-08818,2019-05-13,PROV-372,Secretaría C,15253.2
OC-08819,2019-05-13,PROV-045,Secretaría D,53529.25
OC-08820,2019-05-13,PROV-010,Secretaría D,11760.0
OC-08821,2019-05-13,PROV-255,Secretaría B,20000.0
OC-08822,2019-05-13,PROV-207,Secretaría C,1644.92
OC-08823,2019-05-13,PROV-207,Secretaría C,8873.12
OC-08824,2019-05-13,PROV-207,Secretaría C,13390.91
OC-08825,2019-05-13,PROV-003,Secretaría I,959.31
OC-08826,2019-05-13,PROV-185,Secretaría A,304000.0
OC-08827,2019-05-13,PROV-166,Secretaría H,90500.0
OC-08828,2019-05-13,PROV-030,Secretaría C,1587.0
OC-08829,2019-05-13,PROV-086,Secretaría C,3500.0
OC-08830,2019-05-13,PROV-309,Secretaría E,32760.0
OC-08831,2019-05-13,PROV-223,Secretaría E,15370.0
OC-08832,2019-05-13,PROV-418,Secretaría C,9705.21
OC-08833,2019-05-13,PROV-272,Secretaría D,1320.0
OC-08834,2019-05-14,PROV-038,Secretaría C,15298.5
OC-08835,2019-05-14,PROV-038,Secretaría B,34968.0
OC-08836,2019-05-14,PROV-038,Secretaría C,1748.4
OC-08837,2019-05-14,PROV-038,Secretaría F,74307.0
OC-08838,2019-05-14,PROV-038,Secretaría F,87420.0
OC-08839,2019-05-14,PROV-038,Secretaría A,10927.5
OC-08840,2019-05-14,PROV-038,Secretaría I,21855.0
OC-08841,2019-05-14,PROV-038,Secretaría A,7867.8
OC-08842,2019-05-14,PROV-038,Secretaría C,17484.0
OC-08843,2019-05-14,PROV-038,Secretaría G,13113.0
OC-08844,2019-05-14,PROV-479,Secretaría E,2607.0
OC-08845,2019-05-14,PROV-083,Secretaría C,9500.0
OC-08846,2019-05-14,PROV-041,Secretaría C,30557.11
OC-08847,2019-05-14,PROV-038,Secretaría C,8742.0
OC-08848,2019-05-14,PROV-038,Secretaría A,59835.0
OC-08849,2019-05-14,PROV-038,Secretaría D,4371.0
OC-08850,2019-05-14,PROV-038,Secretaría D,5245.2
OC-08851,2019-05-14,PROV-038,Secretaría A,67813.0
OC-08852,2019-05-14,PROV-038,Secretaría A,79780.0
OC-08853,2019-05-14,PROV-038,Secretaría D,3989.0
OC-08854,2019-05-14,PROV-038,Secretaría A,359010.0
OC-08855,2019-05-14,PROV-038,Secretaría C,7978.0
OC-08856,2019-05-14,PROV-038,Secretaría A,63824.0
OC-08857,2019-05-14,PROV-038,Secretaría D,4786.8
OC-08858,2019-05-14,PROV-038,Secretaría I,27923.0
OC-08859,2019-05-14,PROV-038,Secretaría A,31912.0
OC-08860,2019-05-14,PROV-038,Secretaría C,6556.5
OC-08861,2019-05-14,PROV-038,Secretaría A,99725.0
OC-08862,2019-05-15,PROV-140,Secretaría A,29000.0
OC-08863,2019-05-15,PROV-018,Secretaría E,8384.99
OC-08864,2019-05-15,PROV-056,Secretaría A,2090.59
OC-08865,2019-05-15,PROV-034,Secretaría D,3355.0
OC-08866,2019-05-15,PROV-018,Secretaría F,4331.28
OC-08867,2019-05-15,PROV-030,Secretaría F,14500.0
OC-08868,2019-05-15,PROV-142,Secretaría C,1930.0
OC-08869,2019-05-15,PROV-030,Secretaría A,11600.0
OC-08870,2019-05-15,PROV-024,Secretaría B,92122.0
OC-08871,2019-05-15,PROV-028,Secretaría B,175850.0
OC-08872,2019-05-15,PROV-559,Secretaría E,10500.0
OC-08873,2019-05-16,PROV-034,Secretaría A,1630.2
OC-08874,2019-05-16,PROV-169,Secretaría A,4800.0
OC-08875,2019-05-16,PROV-034,Secretaría A,2875.0
OC-08876,2019-05-16,PROV-034,Secretaría A,3020.0
OC-08877,2019-05-16,PROV-020,Secretaría A,3925.0
OC-08878,2019-05-16,PROV-020,Secretaría A,1455.0
OC-08879,2019-05-16,PROV-020,Secretaría A,2097.1
OC-08880,2019-05-16,PROV-020,Secretaría A,3486.0
OC-08881,2019-05-16,PROV-020,Secretaría A,1305.71
OC-08882,2019-05-16,PROV-169,Secretaría C,960.0
OC-08883,2019-05-16,PROV-141,Secretaría A,1871.54
OC-08884,2019-05-16,PROV-141,Secretaría A,986.86
OC-08885,2019-05-16,PROV-141,Secretaría A,25695.3
OC-08886,2019-05-16,PROV-074,Secretaría D,12438.0
OC-08887,2019-05-16,PROV-020,Secretaría D,5800.0
OC-08888,2019-05-16,PROV-034,Secretaría A,2050.0
OC-08889,2019-05-16,PROV-105,Secretaría A,973.0
OC-08890,2019-05-16,PROV-293,Secretaría E,27000.0
OC-08891,2019-05-16,PROV-020,Secretaría A,5524.82
OC-08892,2019-05-16,PROV-100,Secretaría D,3200.0
OC-08893,2019-05-16,PROV-104,Secretaría B,7809.8
OC-08894,2019-05-16,PROV-123,Secretaría C,825.0
OC-08895,2019-05-16,PROV-052,Secretaría A,120525.0
OC-08896,2019-05-16,PROV-020,Secretaría A,2054.66
OC-08897,2019-05-16,PROV-342,Secretaría F,10600.0
OC-08898,2019-05-16,PROV-084,Secretaría B,3590.0
OC-08899,2019-05-16,PROV-274,Secretaría E,27000.0
OC-08900,2019-05-16,PROV-153,Secretaría E,12000.0
OC-08901,2019-05-16,PROV-345,Secretaría E,21600.0
OC-08902,2019-05-16,PROV-346,Secretaría E,30000.0
OC-08903,2019-05-16,PROV-378,Secretaría E,40200.0
OC-08904,2019-05-16,PROV-411,Secretaría E,27000.0
OC-08905,2019-05-16,PROV-474,Secretaría E,15000.0
OC-08906,2019-05-16,PROV-020,Secretaría A,1250.0
OC-08907,2019-05-16,PROV-020,Secretaría A,2020.67
OC-08908,2019-05-16,PROV-056,Secretaría A,598.32
OC-08909,2019-05-16,PROV-021,Secretaría E,770.0
OC-08910,2019-05-16,PROV-119,Secretaría E,15000.0
OC-08911,2019-05-16,PROV-200,Secretaría C,2650.0
OC-08912,2019-05-16,PROV-125,Secretaría B,44685.0
OC-08913,2019-05-16,PROV-016,Secretaría B,30600.0
OC-08914,2019-05-16,PROV-056,Secretaría A,280.0
OC-08915,2019-05-16,PROV-306,Secretaría E,10650.0
OC-08916,2019-05-16,PROV-018,Secretaría G,40502.84
OC-08917,2019-05-16,PROV-018,Secretaría B,11037.44
OC-08918,2019-05-16,PROV-003,Secretaría B,1960.21
OC-08919,2019-05-16,PROV-275,Secretaría E,8160.0
OC-08920,2019-05-16,PROV-275,Secretaría E,6900.0
OC-08921,2019-05-16,PROV-445,Secretaría E,27000.0
OC-08922,2019-05-16,PROV-020,Secretaría A,3120.0
OC-08923,2019-05-16,PROV-018,Secretaría A,38754.3
OC-08924,2019-05-16,PROV-050,Secretaría E,10260.0
OC-08925,2019-05-16,PROV-086,Secretaría B,3474.0
OC-08926,2019-05-16,PROV-401,Secretaría B,11155.0
OC-08927,2019-05-16,PROV-181,Secretaría A,12000.0
OC-08928,2019-05-16,PROV-049,Secretaría B,17666.08
OC-08929,2019-05-16,PROV-087,Secretaría B,4100.0
OC-08930,2019-05-16,PROV-265,Secretaría B,5527.0
OC-08931,2019-05-16,PROV-253,Secretaría B,6360.0
OC-08932,2019-05-16,PROV-326,Secretaría B,2450.0
OC-08933,2019-05-16,PROV-084,Secretaría B,18060.0
OC-08934,2019-05-16,PROV-083,Secretaría C,5482.27
OC-08935,2019-05-16,PROV-049,Secretaría B,51093.99
OC-08936,2019-05-16,PROV-017,Secretaría E,47821.4
OC-08937,2019-05-16,PROV-045,Secretaría G,24982.14
OC-08938,2019-05-16,PROV-084,Secretaría B,11550.0
OC-08939,2019-05-16,PROV-231,Secretaría E,64000.0
OC-08940,2019-05-16,PROV-442,Secretaría C,12500.0
OC-08941,2019-05-16,PROV-175,Secretaría C,2663.0
OC-08942,2019-05-17,PROV-232,Secretaría G,16500.0
OC-08943,2019-05-17,PROV-142,Secretaría C,4550.0
OC-08944,2019-05-17,PROV-399,Secretaría D,2904.0
OC-08945,2019-05-17,PROV-399,Secretaría A,48977.51
OC-08946,2019-05-17,PROV-123,Secretaría C,1638.0
OC-08947,2019-05-17,PROV-457,Secretaría C,35000.0
OC-08948,2019-05-17,PROV-405,Secretaría E,24600.0
OC-08949,2019-05-17,PROV-124,Secretaría C,3105.0
OC-08950,2019-05-17,PROV-123,Secretaría C,6941.0
OC-08951,2019-05-17,PROV-041,Secretaría C,6650.0
OC-08952,2019-05-17,PROV-128,Secretaría C,1222.33
OC-08953,2019-05-17,PROV-211,Secretaría C,8400.0
OC-08954,2019-05-17,PROV-169,Secretaría C,2880.0
OC-08955,2019-05-17,PROV-494,Secretaría C,5000.0
OC-08956,2019-05-17,PROV-447,Secretaría C,5500.0
OC-08957,2019-05-17,PROV-105,Secretaría C,12930.0
OC-08958,2019-05-17,PROV-008,Secretaría B,474211.6
OC-08959,2019-05-17,PROV-059,Secretaría C,4575.0
OC-08960,2019-05-17,PROV-123,Secretaría C,8250.0
OC-08961,2019-05-17,PROV-059,Secretaría C,1500.0
OC-08962,2019-05-17,PROV-059,Secretaría D,7550.0
OC-08963,2019-05-17,PROV-059,Secretaría G,2120.0
OC-08964,2019-05-17,PROV-069,Secretaría B,39750.0
OC-08965,2019-05-17,PROV-024,Secretaría B,75338.76
OC-08966,2019-05-17,PROV-108,Secretaría B,101260.0
OC-08967,2019-05-17,PROV-489,Secretaría B,10054.8
OC-08968,2019-05-17,PROV-208,Secretaría B,28635.0
OC-08969,2019-05-17,PROV-024,Secretaría B,68914.7
OC-08970,2019-05-17,PROV-069,Secretaría B,103276.5
OC-08971,2019-05-17,PROV-021,Secretaría J,700.0
OC-08972,2019-05-17,PROV-021,Secretaría H,1549.0
OC-08973,2019-05-17,PROV-150,Secretaría B,220832.5
OC-08974,2019-05-17,PROV-414,Secretaría C,1760.0
OC-08975,2019-05-17,PROV-055,Secretaría A,1320.0
OC-08976,2019-05-17,PROV-059,Secretaría F,4800.0
OC-08977,2019-05-17,PROV-059,Secretaría H,920.0
OC-08978,2019-05-17,PROV-059,Secretaría G,540.0
OC-08979,2019-05-17,PROV-008,Secretaría B,193096.4
OC-08980,2019-05-17,PROV-059,Secretaría G,2920.0
OC-08981,2019-05-17,PROV-100,Secretaría B,7300.0
OC-08982,2019-05-17,PROV-059,Secretaría H,2250.0
OC-08983,2019-05-20,PROV-040,Secretaría E,39930.0
OC-08984,2019-05-20,PROV-056,Secretaría A,4777.48
OC-08985,2019-05-20,PROV-408,Secretaría A,27200.0
OC-08986,2019-05-20,PROV-183,Secretaría C,5845.35
OC-08987,2019-05-20,PROV-018,Secretaría D,11736.12
OC-08988,2019-05-20,PROV-205,Secretaría A,18400.0
OC-08989,2019-05-20,PROV-074,Secretaría I,3200.0
OC-08990,2019-05-20,PROV-059,Secretaría H,6437.0
OC-08991,2019-05-20,PROV-055,Secretaría H,4910.0
OC-08992,2019-05-20,PROV-108,Secretaría B,5076.0
OC-08993,2019-05-20,PROV-040,Secretaría E,36800.0
OC-08994,2019-05-21,PROV-114,Secretaría B,2177.78
OC-08995,2019-05-21,PROV-113,Secretaría B,1348.17
OC-08996,2019-05-21,PROV-479,Secretaría E,2560.0
OC-08997,2019-05-21,PROV-084,Secretaría H,6900.0
OC-08998,2019-05-21,PROV-433,Secretaría E,4125.0
OC-08999,2019-05-21,PROV-298,Secretaría C,68000.0
OC-09000,2019-05-21,PROV-020,Secretaría A,5417.4
OC-09001,2019-05-21,PROV-272,Secretaría D,1000.0
OC-09002,2019-05-21,PROV-017,Secretaría C,8913.4
OC-09003,2019-05-21,PROV-017,Secretaría J,1067.0
OC-09004,2019-05-21,PROV-135,Secretaría D,19200.0
OC-09005,2019-05-21,PROV-086,Secretaría C,7400.0
OC-09006,2019-05-21,PROV-127,Secretaría B,39300.0
OC-09007,2019-05-21,PROV-127,Secretaría B,14800.0
OC-09008,2019-05-21,PROV-338,Secretaría B,1800.0
OC-09009,2019-05-21,PROV-030,Secretaría B,1658.0
OC-09010,2019-05-21,PROV-306,Secretaría C,4380.0
OC-09011,2019-05-21,PROV-096,Secretaría C,25040.0
OC-09012,2019-05-21,PROV-084,Secretaría G,4690.0
OC-09013,2019-05-21,PROV-059,Secretaría H,1485.0
OC-09014,2019-05-21,PROV-087,Secretaría B,5060.0
OC-09015,2019-05-21,PROV-096,Secretaría C,8135.0
OC-09016,2019-05-21,PROV-096,Secretaría D,3836.0
OC-09017,2019-05-21,PROV-096,Secretaría H,439.0
OC-09018,2019-05-21,PROV-001,Secretaría C,3140.0
OC-09019,2019-05-21,PROV-433,Secretaría E,800.0
OC-09020,2019-05-21,PROV-433,Secretaría E,8250.0
OC-09021,2019-05-21,PROV-445,Secretaría E,15000.0
OC-09022,2019-05-21,PROV-496,Secretaría E,18150.0
OC-09023,2019-05-21,PROV-100,Secretaría E,7000.0
OC-09024,2019-05-21,PROV-596,Secretaría E,5000.0
OC-09025,2019-05-21,PROV-575,Secretaría E,5000.0
OC-09026,2019-05-21,PROV-595,Secretaría E,5000.0
OC-09027,2019-05-21,PROV-447,Secretaría E,10000.0
OC-09028,2019-05-21,PROV-573,Secretaría E,8150.0
OC-09029,2019-05-21,PROV-153,Secretaría E,100000.0
OC-09030,2019-05-21,PROV-119,Secretaría E,100000.0
OC-09031,2019-05-21,PROV-096,Secretaría C,1683.0
OC-09032,2019-05-21,PROV-414,Secretaría B,1200.0
OC-09033,2019-05-21,PROV-040,Secretaría F,20880.0
OC-09034,2019-05-21,PROV-100,Secretaría G,1061.4
OC-09035,2019-05-21,PROV-603,Secretaría D,780.0
OC-09036,2019-05-21,PROV-018,Secretaría D,1240.74
OC-09037,2019-05-21,PROV-135,Secretaría D,22400.0
OC-09038,2019-05-21,PROV-090,Secretaría A,12517.0
OC-09039,2019-05-21,PROV-020,Secretaría A,516.44
OC-09040,2019-05-21,PROV-020,Secretaría A,4301.33
OC-09041,2019-05-21,PROV-020,Secretaría A,2619.96
OC-09042,2019-05-21,PROV-020,Secretaría A,743.6
OC-09043,2019-05-21,PROV-020,Secretaría A,2887.64
OC-09044,2019-05-21,PROV-034,Secretaría A,540.0
OC-09045,2019-05-21,PROV-034,Secretaría A,2675.0
OC-09046,2019-05-21,PROV-034,Secretaría A,2360.0
OC-09047,2019-05-21,PROV-034,Secretaría A,1250.0
OC-09048,2019-05-21,PROV-034,Secretaría A,2190.0
OC-09049,2019-05-21,PROV-034,Secretaría A,795.0
OC-09050,2019-05-21,PROV-071,Secretaría B,134050.0
OC-09051,2019-05-21,PROV-020,Secretaría A,1055.0
OC-09052,2019-05-21,PROV-272,Secretaría A,1210.0
OC-09053,2019-05-21,PROV-090,Secretaría A,9008.06
OC-09054,2019-05-21,PROV-272,Secretaría A,2030.0
OC-09055,2019-05-21,PROV-085,Secretaría B,80297.79
OC-09056,2019-05-21,PROV-127,Secretaría B,5640.0
OC-09057,2019-05-21,PROV-033,Secretaría A,8479.0
OC-09058,2019-05-21,PROV-034,Secretaría A,1575.0
OC-09059,2019-05-21,PROV-084,Secretaría A,8340.0
OC-09060,2019-05-21,PROV-272,Secretaría A,710.0
OC-09061,2019-05-21,PROV-149,Secretaría F,4000.0
OC-09062,2019-05-21,PROV-356,Secretaría C,5100.0
OC-09063,2019-05-21,PROV-084,Secretaría H,440.0
OC-09064,2019-05-21,PROV-111,Secretaría C,7324.7
OC-09065,2019-05-21,PROV-105,Secretaría E,2792.5
OC-09066,2019-05-21,PROV-223,Secretaría E,50400.0
OC-09067,2019-05-21,PROV-017,Secretaría C,25259.0
OC-09068,2019-05-21,PROV-017,Secretaría E,21407.05
OC-09069,2019-05-21,PROV-020,Secretaría A,740.0
OC-09070,2019-05-21,PROV-105,Secretaría A,2234.0
OC-09071,2019-05-21,PROV-104,Secretaría C,3058.0
OC-09072,2019-05-22,PROV-128,Secretaría D,1917.22
OC-09073,2019-05-22,PROV-065,Secretaría B,1490.0
OC-09074,2019-05-22,PROV-516,Secretaría A,1600.0
OC-09075,2019-05-22,PROV-020,Secretaría A,7440.0
OC-09076,2019-05-22,PROV-123,Secretaría H,4680.5
OC-09077,2019-05-22,PROV-369,Secretaría G,71900.0
OC-09078,2019-05-22,PROV-492,Secretaría E,15400.0
OC-09079,2019-05-22,PROV-021,Secretaría H,9016.0
OC-09080,2019-05-22,PROV-096,Secretaría C,7948.0
OC-09081,2019-05-22,PROV-309,Secretaría C,2500.0
OC-09082,2019-05-22,PROV-070,Secretaría C,20435.5
OC-09083,2019-05-22,PROV-183,Secretaría B,3572.0
OC-09084,2019-05-22,PROV-123,Secretaría F,4156.5
OC-09085,2019-05-22,PROV-083,Secretaría C,2677.3
OC-09086,2019-05-22,PROV-017,Secretaría G,1021.1
OC-09087,2019-05-22,PROV-034,Secretaría A,900.0
OC-09088,2019-05-22,PROV-141,Secretaría A,1866.51
OC-09089,2019-05-22,PROV-105,Secretaría A,780.0
OC-09090,2019-05-22,PROV-086,Secretaría C,22950.0
OC-09091,2019-05-22,PROV-045,Secretaría B,5170.0
OC-09092,2019-05-22,PROV-141,Secretaría A,622.36
OC-09093,2019-05-22,PROV-017,Secretaría B,4266.0
OC-09094,2019-05-22,PROV-020,Secretaría A,5323.57
OC-09095,2019-05-22,PROV-020,Secretaría A,2420.0
OC-09096,2019-05-22,PROV-020,Secretaría A,965.25
OC-09097,2019-05-22,PROV-224,Secretaría A,41866.0
OC-09098,2019-05-22,PROV-034,Secretaría A,2905.0
OC-09099,2019-05-22,PROV-141,Secretaría A,644.35
OC-09100,2019-05-23,PROV-055,Secretaría C,2108.0
OC-09101,2019-05-23,PROV-096,Secretaría C,1584.0
OC-09102,2019-05-23,PROV-123,Secretaría G,8225.0
OC-09103,2019-05-23,PROV-055,Secretaría G,3510.0
OC-09104,2019-05-23,PROV-055,Secretaría C,3805.0
OC-09105,2019-05-23,PROV-096,Secretaría C,4188.0
OC-09106,2019-05-23,PROV-099,Secretaría C,23870.0
OC-09107,2019-05-23,PROV-009,Secretaría C,21339.0
OC-09108,2019-05-23,PROV-009,Secretaría C,6333.6
OC-09109,2019-05-23,PROV-030,Secretaría D,17264.0
OC-09110,2019-05-23,PROV-055,Secretaría G,1170.0
OC-09111,2019-05-23,PROV-096,Secretaría C,4068.0
OC-09112,2019-05-23,PROV-021,Secretaría G,3000.0
OC-09113,2019-05-23,PROV-096,Secretaría C,3360.0
OC-09114,2019-05-23,PROV-096,Secretaría B,1188.0
OC-09115,2019-05-23,PROV-096,Secretaría G,3960.0
OC-09116,2019-05-23,PROV-096,Secretaría C,828.0
OC-09117,2019-05-23,PROV-096,Secretaría C,990.0
OC-09118,2019-05-23,PROV-055,Secretaría D,4680.0
OC-09119,2019-05-23,PROV-055,Secretaría F,7020.0
OC-09120,2019-05-23,PROV-123,Secretaría H,7050.0
OC-09121,2019-05-23,PROV-055,Secretaría B,18720.0
OC-09122,2019-05-23,PROV-096,Secretaría C,3001.0
OC-09123,2019-05-23,PROV-123,Secretaría B,8700.0
OC-09124,2019-05-23,PROV-123,Secretaría H,4700.0
OC-09125,2019-05-23,PROV-123,Secretaría G,9400.0
OC-09126,2019-05-24,PROV-033,Secretaría C,9900.0
OC-09127,2019-05-24,PROV-262,Secretaría B,60000.0
OC-09128,2019-05-24,PROV-461,Secretaría E,3000.0
OC-09129,2019-05-24,PROV-491,Secretaría E,1500.0
OC-09130,2019-05-24,PROV-045,Secretaría H,6676.04
OC-09131,2019-05-24,PROV-394,Secretaría B,60000.0
OC-09132,2019-05-24,PROV-224,Secretaría A,19229.56
OC-09133,2019-05-24,PROV-174,Secretaría B,110000.0
OC-09134,2019-05-24,PROV-041,Secretaría G,8460.42
OC-09135,2019-05-24,PROV-124,Secretaría B,14700.0
OC-09136,2019-05-24,PROV-128,Secretaría D,5134.0
OC-09137,2019-05-24,PROV-271,Secretaría B,100000.0
OC-09138,2019-05-27,PROV-195,Secretaría A,2699.0
OC-09139,2019-05-27,PROV-105,Secretaría A,1852.0
OC-09140,2019-05-27,PROV-105,Secretaría A,1703.0
OC-09141,2019-05-27,PROV-034,Secretaría A,4400.0
OC-09142,2019-05-27,PROV-020,Secretaría A,618.35
OC-09143,2019-05-27,PROV-045,Secretaría C,882.72
OC-09144,2019-05-27,PROV-205,Secretaría A,129200.0
OC-09145,2019-05-27,PROV-284,Secretaría C,14400.0
OC-09146,2019-05-27,PROV-077,Secretaría G,1721.0
OC-09147,2019-05-27,PROV-052,Secretaría A,78103.0
OC-09148,2019-05-27,PROV-090,Secretaría A,6258.0
OC-09149,2019-05-27,PROV-090,Secretaría A,12516.0
OC-09150,2019-05-27,PROV-033,Secretaría D,46810.0
OC-09151,2019-05-27,PROV-030,Secretaría C,2050.0
OC-09152,2019-05-27,PROV-527,Secretaría C,5685.0
OC-09153,2019-05-27,PROV-023,Secretaría D,1740.0
OC-09154,2019-05-27,PROV-030,Secretaría D,5254.0
OC-09155,2019-05-27,PROV-077,Secretaría F,4806.1
OC-09156,2019-05-27,PROV-056,Secretaría A,37295.0
OC-09157,2019-05-27,PROV-104,Secretaría B,32620.61
OC-09158,2019-05-27,PROV-017,Secretaría E,16756.0
OC-09159,2019-05-27,PROV-472,Secretaría D,2000.0
OC-09160,2019-05-27,PROV-055,Secretaría B,19000.0
OC-09161,2019-05-27,PROV-281,Secretaría C,6171.0
OC-09162,2019-05-27,PROV-063,Secretaría A,52394.0
OC-09163,2019-05-27,PROV-424,Secretaría F,4100.0
OC-09164,2019-05-27,PROV-585,Secretaría C,4650.0
OC-09165,2019-05-27,PROV-317,Secretaría C,1680.0
OC-09166,2019-05-27,PROV-284,Secretaría C,6000.0
OC-09167,2019-05-27,PROV-564,Secretaría D,9726.41
OC-09168,2019-05-27,PROV-059,Secretaría H,599.0
OC-09169,2019-05-27,PROV-320,Secretaría B,3360.0
OC-09170,2019-05-27,PROV-020,Secretaría A,14597.0
OC-09171,2019-05-27,PROV-270,Secretaría E,4500.0
OC-09172,2019-05-27,PROV-483,Secretaría E,460.0
OC-09173,2019-05-27,PROV-158,Secretaría C,19000.0
OC-09174,2019-05-27,PROV-045,Secretaría C,874.55
OC-09175,2019-05-27,PROV-359,Secretaría B,2600.0
OC-09176,2019-05-27,PROV-057,Secretaría H,2000.0
OC-09177,2019-05-27,PROV-057,Secretaría H,3600.0
OC-09178,2019-05-27,PROV-159,Secretaría C,10107.0
OC-09179,2019-05-27,PROV-485,Secretaría E,1600.0
OC-09180,2019-05-27,PROV-039,Secretaría A,129200.0
OC-09181,2019-05-27,PROV-181,Secretaría A,73200.0
OC-09182,2019-05-27,PROV-181,Secretaría A,37300.0
OC-09183,2019-05-27,PROV-135,Secretaría A,480.0
OC-09184,2019-05-27,PROV-135,Secretaría A,1280.0
OC-09185,2019-05-27,PROV-135,Secretaría A,1800.0
OC-09186,2019-05-27,PROV-039,Secretaría A,8228.0
OC-09187,2019-05-27,PROV-181,Secretaría A,23200.0
OC-09188,2019-05-27,PROV-521,Secretaría E,1740.0
OC-09189,2019-05-27,PROV-121,Secretaría C,5970.0
OC-09190,2019-05-27,PROV-147,Secretaría B,5800.0
OC-09191,2019-05-27,PROV-483,Secretaría B,5660.0
OC-09192,2019-05-27,PROV-169,Secretaría B,1920.0
OC-09193,2019-05-27,PROV-169,Secretaría H,6400.0
OC-09194,2019-05-27,PROV-100,Secretaría D,800.0
OC-09195,2019-05-27,PROV-093,Secretaría B,3126.64
OC-09196,2019-05-27,PROV-594,Secretaría C,5000.0
OC-09197,2019-05-27,PROV-147,Secretaría B,4150.0
OC-09198,2019-05-27,PROV-100,Secretaría D,750.0
OC-09199,2019-05-27,PROV-057,Secretaría A,900.0
OC-09200,2019-05-27,PROV-020,Secretaría A,6127.6
OC-09201,2019-05-27,PROV-584,Secretaría B,6800.0
OC-09202,2019-05-27,PROV-167,Secretaría B,15100.0
OC-09203,2019-05-27,PROV-105,Secretaría B,2378.5
OC-09204,2019-05-27,PROV-147,Secretaría B,6820.0
OC-09205,2019-05-27,PROV-100,Secretaría D,670.0
OC-09206,2019-05-28,PROV-359,Secretaría B,5500.0
OC-09207,2019-05-28,PROV-036,Secretaría B,172280.0
OC-09208,2019-05-28,PROV-361,Secretaría F,22500.0
OC-09209,2019-05-28,PROV-018,Secretaría C,2714.13
OC-09210,2019-05-28,PROV-338,Secretaría B,3932.0
OC-09211,2019-05-28,PROV-065,Secretaría C,890.0
OC-09212,2019-05-28,PROV-018,Secretaría B,1081.0
OC-09213,2019-05-28,PROV-029,Secretaría D,255617.24
OC-09214,2019-05-28,PROV-417,Secretaría A,15769.0
OC-09215,2019-05-28,PROV-045,Secretaría D,8575.4
OC-09216,2019-05-28,PROV-390,Secretaría C,1680.0
OC-09217,2019-05-28,PROV-041,Secretaría A,10213.9
OC-09218,2019-05-28,PROV-077,Secretaría C,765.0
OC-09219,2019-05-28,PROV-080,Secretaría C,1315.56
OC-09220,2019-05-28,PROV-113,Secretaría A,3093.07
OC-09221,2019-05-28,PROV-021,Secretaría H,8750.0
OC-09222,2019-05-28,PROV-020,Secretaría A,1960.0
OC-09223,2019-05-28,PROV-041,Secretaría A,9431.22
OC-09224,2019-05-28,PROV-020,Secretaría A,1375.0
OC-09225,2019-05-28,PROV-020,Secretaría A,615.03
OC-09226,2019-05-28,PROV-102,Secretaría D,100000.0
OC-09227,2019-05-28,PROV-034,Secretaría A,4900.0
OC-09228,2019-05-28,PROV-034,Secretaría A,765.0
OC-09229,2019-05-28,PROV-141,Secretaría A,1203.54
OC-09230,2019-05-28,PROV-020,Secretaría A,2462.64
OC-09231,2019-05-28,PROV-020,Secretaría A,2579.46
OC-09232,2019-05-28,PROV-020,Secretaría A,8755.17
OC-09233,2019-05-28,PROV-034,Secretaría A,1130.0
OC-09234,2019-05-28,PROV-020,Secretaría D,1545.58
OC-09235,2019-05-28,PROV-020,Secretaría A,2004.0
OC-09236,2019-05-28,PROV-020,Secretaría A,3690.0
OC-09237,2019-05-28,PROV-020,Secretaría A,630.0
OC-09238,2019-05-28,PROV-020,Secretaría A,1350.0
OC-09239,2019-05-28,PROV-034,Secretaría A,2085.0
OC-09240,2019-05-28,PROV-034,Secretaría A,6440.0
OC-09241,2019-05-28,PROV-383,Secretaría A,1990.0
OC-09242,2019-05-29,PROV-001,Secretaría C,5394.0
OC-09243,2019-05-29,PROV-007,Secretaría C,35200.0
OC-09244,2019-05-29,PROV-007,Secretaría A,107800.0
OC-09245,2019-05-29,PROV-007,Secretaría C,10070.0
OC-09246,2019-05-29,PROV-007,Secretaría B,4950.0
OC-09247,2019-05-29,PROV-007,Secretaría B,19920.0
OC-09248,2019-05-29,PROV-007,Secretaría C,70233.0
OC-09249,2019-05-29,PROV-007,Secretaría C,90896.0
OC-09250,2019-05-29,PROV-001,Secretaría C,10036.7
OC-09251,2019-05-29,PROV-007,Secretaría B,141933.5
OC-09252,2019-05-29,PROV-001,Secretaría C,4030.4
OC-09253,2019-05-29,PROV-007,Secretaría C,44824.0
OC-09254,2019-05-29,PROV-001,Secretaría C,4724.0
OC-09255,2019-05-29,PROV-001,Secretaría C,46709.9
OC-09256,2019-05-29,PROV-001,Secretaría C,4450.0
OC-09257,2019-05-29,PROV-001,Secretaría B,69250.0
OC-09258,2019-05-29,PROV-001,Secretaría C,3899.6
OC-09259,2019-05-29,PROV-116,Secretaría C,61236.2
OC-09260,2019-05-29,PROV-116,Secretaría C,389000.0
OC-09261,2019-05-29,PROV-116,Secretaría C,62653.52
OC-09262,2019-05-29,PROV-116,Secretaría C,2910.0
OC-09263,2019-05-29,PROV-001,Secretaría B,6727.0
OC-09264,2019-05-29,PROV-002,Secretaría C,18165.0
OC-09265,2019-05-31,PROV-103,Secretaría C,31800.0
OC-09266,2019-05-31,PROV-103,Secretaría C,30400.0
OC-09267,2019-05-31,PROV-103,Secretaría B,11400.0
OC-09268,2019-05-31,PROV-103,Secretaría C,2700.0
OC-09269,2019-05-31,PROV-121,Secretaría G,11950.0
OC-09270,2019-05-31,PROV-124,Secretaría B,3570.0
OC-09271,2019-05-31,PROV-124,Secretaría C,3230.0
OC-09272,2019-05-31,PROV-142,Secretaría C,18600.0
OC-09273,2019-05-31,PROV-027,Secretaría B,6994.0
OC-09274,2019-05-31,PROV-162,Secretaría A,9946.2
OC-09275,2019-05-31,PROV-056,Secretaría A,124997.86
OC-09276,2019-05-31,PROV-124,Secretaría B,4480.0
OC-09277,2019-06-03,PROV-030,Secretaría A,8521.0
OC-09278,2019-06-03,PROV-020,Secretaría A,3255.0
OC-09279,2019-06-03,PROV-020,Secretaría A,669.87
OC-09280,2019-06-03,PROV-223,Secretaría E,3025.0
OC-09281,2019-06-03,PROV-311,Secretaría E,2850.0
OC-09282,2019-06-03,PROV-074,Secretaría A,4876.0
OC-09283,2019-06-03,PROV-224,Secretaría D,17288.96
OC-09284,2019-06-03,PROV-027,Secretaría A,1821.0
OC-09285,2019-06-03,PROV-246,Secretaría A,84608.47
OC-09286,2019-06-03,PROV-027,Secretaría A,4678.34
OC-09287,2019-06-03,PROV-211,Secretaría E,2400.0
OC-09288,2019-06-03,PROV-363,Secretaría D,17415.0
OC-09289,2019-06-03,PROV-027,Secretaría A,6928.0
OC-09290,2019-06-03,PROV-033,Secretaría B,6180.0
OC-09291,2019-06-03,PROV-027,Secretaría D,4736.0
OC-09292,2019-06-03,PROV-027,Secretaría D,3405.0
OC-09293,2019-06-03,PROV-027,Secretaría A,6456.0
OC-09294,2019-06-03,PROV-027,Secretaría D,2418.0
OC-09295,2019-06-03,PROV-027,Secretaría A,15290.0
OC-09296,2019-06-03,PROV-027,Secretaría D,21545.0
OC-09297,2019-06-03,PROV-306,Secretaría B,980.0
OC-09298,2019-06-03,PROV-027,Secretaría D,2123.0
OC-09299,2019-06-03,PROV-333,Secretaría B,54450.0
OC-09300,2019-06-03,PROV-348,Secretaría A,16916.04
OC-09301,2019-06-03,PROV-077,Secretaría C,1344.0
OC-09302,2019-06-03,PROV-034,Secretaría A,700.0
OC-09303,2019-06-03,PROV-002,Secretaría B,1330.0
OC-09304,2019-06-03,PROV-017,Secretaría E,54933.0
OC-09305,2019-06-03,PROV-002,Secretaría B,54470.0
OC-09306,2019-06-03,PROV-002,Secretaría B,32020.0
OC-09307,2019-06-03,PROV-002,Secretaría C,40313.0
OC-09308,2019-06-03,PROV-002,Secretaría C,19094.0
OC-09309,2019-06-03,PROV-002,Secretaría C,7281.0
OC-09310,2019-06-03,PROV-002,Secretaría C,6097.0
OC-09311,2019-06-03,PROV-002,Secretaría C,44125.0
OC-09312,2019-06-03,PROV-008,Secretaría B,108000.0
OC-09313,2019-06-03,PROV-203,Secretaría C,88000.0
OC-09314,2019-06-03,PROV-194,Secretaría B,11256.0
OC-09315,2019-06-03,PROV-194,Secretaría A,6037.5
OC-09316,2019-06-03,PROV-109,Secretaría C,2046.0
OC-09317,2019-06-03,PROV-259,Secretaría D,5500.0
OC-09318,2019-06-03,PROV-109,Secretaría C,3348.0
OC-09319,2019-06-03,PROV-319,Secretaría D,91349.89
OC-09320,2019-06-03,PROV-109,Secretaría C,15624.0
OC-09321,2019-06-03,PROV-105,Secretaría E,1701.0
OC-09322,2019-06-03,PROV-158,Secretaría E,27000.0
OC-09323,2019-06-03,PROV-070,Secretaría A,5381.0
OC-09324,2019-06-03,PROV-105,Secretaría E,2932.0
OC-09325,2019-06-03,PROV-389,Secretaría C,1500.0
OC-09326,2019-06-03,PROV-109,Secretaría C,3680.0
OC-09327,2019-06-03,PROV-109,Secretaría B,1068.0
OC-09328,2019-06-03,PROV-109,Secretaría C,7404.0
OC-09329,2019-06-03,PROV-100,Secretaría A,1634.0
OC-09330,2019-06-04,PROV-318,Secretaría B,105000.0
OC-09331,2019-06-04,PROV-062,Secretaría B,46065.62
OC-09332,2019-06-04,PROV-491,Secretaría E,4000.0
OC-09333,2019-06-04,PROV-200,Secretaría E,596.0
OC-09334,2019-06-04,PROV-049,Secretaría B,25356.49
OC-09335,2019-06-04,PROV-034,Secretaría F,1215.0
OC-09336,2019-06-04,PROV-084,Secretaría B,9490.0
OC-09337,2019-06-04,PROV-128,Secretaría C,1155.0
OC-09338,2019-06-04,PROV-027,Secretaría D,1803.0
OC-09339,2019-06-04,PROV-059,Secretaría B,4580.0
OC-09340,2019-06-04,PROV-271,Secretaría B,13300.0
OC-09341,2019-06-04,PROV-071,Secretaría B,172981.95
OC-09342,2019-06-04,PROV-003,Secretaría C,2753.18
OC-09343,2019-06-04,PROV-086,Secretaría B,3585.0
OC-09344,2019-06-04,PROV-468,Secretaría C,3960.0
OC-09345,2019-06-04,PROV-041,Secretaría B,42308.7
OC-09346,2019-06-04,PROV-105,Secretaría A,5680.0
OC-09347,2019-06-04,PROV-380,Secretaría F,3500.0
OC-09348,2019-06-04,PROV-027,Secretaría D,3926.0
OC-09349,2019-06-04,PROV-088,Secretaría C,22500.0
OC-09350,2019-06-04,PROV-141,Secretaría A,675.98
OC-09351,2019-06-04,PROV-141,Secretaría A,829.06
OC-09352,2019-06-04,PROV-041,Secretaría G,2321.61
OC-09353,2019-06-04,PROV-149,Secretaría F,3100.0
OC-09354,2019-06-04,PROV-074,Secretaría A,3550.0
OC-09355,2019-06-04,PROV-105,Secretaría A,3024.55
OC-09356,2019-06-04,PROV-100,Secretaría A,910.0
OC-09357,2019-06-04,PROV-045,Secretaría H,1150.6
OC-09358,2019-06-04,PROV-003,Secretaría E,8843.19
OC-09359,2019-06-04,PROV-074,Secretaría A,5375.0
OC-09360,2019-06-04,PROV-074,Secretaría A,6602.0
OC-09361,2019-06-04,PROV-020,Secretaría A,1967.32
OC-09362,2019-06-04,PROV-074,Secretaría A,21390.0
OC-09363,2019-06-04,PROV-020,Secretaría A,563.32
OC-09364,2019-06-04,PROV-020,Secretaría A,955.16
OC-09365,2019-06-04,PROV-020,Secretaría A,897.76
OC-09366,2019-06-04,PROV-141,Secretaría A,772.91
OC-09367,2019-06-04,PROV-083,Secretaría C,2380.0
OC-09368,2019-06-05,PROV-540,Secretaría C,13800.0
OC-09369,2019-06-05,PROV-275,Secretaría A,1085.0
OC-09370,2019-06-05,PROV-169,Secretaría H,4000.0
OC-09371,2019-06-05,PROV-169,Secretaría C,3200.0
OC-09372,2019-06-05,PROV-169,Secretaría C,7200.0
OC-09373,2019-06-05,PROV-169,Secretaría C,3840.0
OC-09374,2019-06-05,PROV-169,Secretaría C,2560.0
OC-09375,2019-06-05,PROV-050,Secretaría C,20072.0
OC-09376,2019-06-05,PROV-169,Secretaría E,7680.0
OC-09377,2019-06-05,PROV-224,Secretaría A,7943.65
OC-09378,2019-06-05,PROV-050,Secretaría B,4409.0
OC-09379,2019-06-05,PROV-055,Secretaría B,18300.0
OC-09380,2019-06-05,PROV-070,Secretaría A,16693.3
OC-09381,2019-06-05,PROV-483,Secretaría G,920.0
OC-09382,2019-06-05,PROV-226,Secretaría B,91800.0
OC-09383,2019-06-05,PROV-468,Secretaría B,3300.0
OC-09384,2019-06-05,PROV-055,Secretaría H,2250.0
OC-09385,2019-06-05,PROV-128,Secretaría F,1232.58
OC-09386,2019-06-05,PROV-034,Secretaría F,17525.0
OC-09387,2019-06-05,PROV-003,Secretaría A,894.15
OC-09388,2019-06-06,PROV-207,Secretaría C,12836.26
OC-09389,2019-06-06,PROV-256,Secretaría C,11500.0
OC-09390,2019-06-06,PROV-023,Secretaría C,81308.0
OC-09391,2019-06-06,PROV-224,Secretaría A,3448.5
OC-09392,2019-06-06,PROV-030,Secretaría A,1821.4
OC-09393,2019-06-06,PROV-383,Secretaría A,4960.0
OC-09394,2019-06-06,PROV-020,Secretaría A,1050.0
OC-09395,2019-06-06,PROV-020,Secretaría A,4134.08
OC-09396,2019-06-06,PROV-020,Secretaría A,4271.15
OC-09397,2019-06-06,PROV-020,Secretaría A,1368.0
OC-09398,2019-06-06,PROV-020,Secretaría A,2736.0
OC-09399,2019-06-06,PROV-034,Secretaría A,2400.0
OC-09400,2019-06-06,PROV-034,Secretaría A,2970.0
OC-09401,2019-06-06,PROV-034,Secretaría A,690.0
OC-09402,2019-06-06,PROV-034,Secretaría A,9675.0
OC-09403,2019-06-06,PROV-074,Secretaría A,2010.0
OC-09404,2019-06-06,PROV-074,Secretaría A,675.0
OC-09405,2019-06-07,PROV-295,Secretaría B,50000.0
OC-09406,2019-06-07,PROV-147,Secretaría C,4800.0
OC-09407,2019-06-07,PROV-491,Secretaría E,19950.0
OC-09408,2019-06-07,PROV-072,Secretaría E,7750.0
OC-09409,2019-06-07,PROV-344,Secretaría F,2960.0
OC-09410,2019-06-07,PROV-141,Secretaría A,1892.1
OC-09411,2019-06-07,PROV-141,Secretaría A,3975.0
OC-09412,2019-06-07,PROV-036,Secretaría C,106200.0
OC-09413,2019-06-07,PROV-076,Secretaría A,579400.0
OC-09414,2019-06-07,PROV-167,Secretaría F,13460.0
OC-09415,2019-06-07,PROV-149,Secretaría F,5280.0
OC-09416,2019-06-07,PROV-141,Secretaría A,889.7
OC-09417,2019-06-07,PROV-002,Secretaría C,5280.0
OC-09418,2019-06-07,PROV-193,Secretaría C,16450.0
OC-09419,2019-06-07,PROV-104,Secretaría J,2100.0
OC-09420,2019-06-07,PROV-461,Secretaría E,24000.0
OC-09421,2019-06-07,PROV-483,Secretaría C,7670.0
OC-09422,2019-06-07,PROV-202,Secretaría C,12714.0
OC-09423,2019-06-07,PROV-161,Secretaría A,56880.0
OC-09424,2019-06-07,PROV-265,Secretaría B,12300.0
OC-09425,2019-06-07,PROV-055,Secretaría G,1780.0
OC-09426,2019-06-07,PROV-200,Secretaría B,2490.0
OC-09427,2019-06-07,PROV-055,Secretaría B,1160.0
OC-09428,2019-06-07,PROV-059,Secretaría A,1884.0
OC-09429,2019-06-07,PROV-017,Secretaría A,61893.4
OC-09430,2019-06-07,PROV-055,Secretaría C,2210.0
OC-09431,2019-06-07,PROV-062,Secretaría B,2264.5
OC-09432,2019-06-10,PROV-020,Secretaría A,2051.68
OC-09433,2019-06-10,PROV-278,Secretaría E,60000.0
OC-09434,2019-06-10,PROV-030,Secretaría D,758.0
OC-09435,2019-06-10,PROV-006,Secretaría E,1762803.0
OC-09436,2019-06-10,PROV-020,Secretaría A,2016.0
OC-09437,2019-06-10,PROV-045,Secretaría D,437.03
OC-09438,2019-06-10,PROV-116,Secretaría C,4560.0
OC-09439,2019-06-10,PROV-020,Secretaría A,1787.77
OC-09440,2019-06-10,PROV-056,Secretaría A,17200.0
OC-09441,2019-06-10,PROV-030,Secretaría G,1350.0
OC-09442,2019-06-10,PROV-105,Secretaría A,1891.0
OC-09443,2019-06-10,PROV-024,Secretaría B,104380.0
OC-09444,2019-06-10,PROV-080,Secretaría C,5402.2
OC-09445,2019-06-10,PROV-141,Secretaría A,565.31
OC-09446,2019-06-10,PROV-272,Secretaría A,3450.0
OC-09447,2019-06-10,PROV-272,Secretaría A,4530.0
OC-09448,2019-06-10,PROV-272,Secretaría A,7600.0
OC-09449,2019-06-10,PROV-214,Secretaría J,15000.0
OC-09450,2019-06-10,PROV-149,Secretaría F,2640.0
OC-09451,2019-06-10,PROV-261,Secretaría B,161800.0
OC-09452,2019-06-10,PROV-016,Secretaría B,12540.0
OC-09453,2019-06-10,PROV-041,Secretaría C,44973.43
OC-09454,2019-06-10,PROV-080,Secretaría C,1297.7
OC-09455,2019-06-10,PROV-425,Secretaría D,4200.0
OC-09456,2019-06-11,PROV-255,Secretaría B,5000.0
OC-09457,2019-06-11,PROV-100,Secretaría D,1500.0
OC-09458,2019-06-11,PROV-146,Secretaría E,56000.0
OC-09459,2019-06-11,PROV-211,Secretaría C,7200.0
OC-09460,2019-06-11,PROV-514,Secretaría F,4950.0
OC-09461,2019-06-11,PROV-200,Secretaría D,4485.0
OC-09462,2019-06-11,PROV-200,Secretaría A,14600.0
OC-09463,2019-06-11,PROV-027,Secretaría D,9750.0
OC-09464,2019-06-11,PROV-027,Secretaría A,67200.0
OC-09465,2019-06-11,PROV-027,Secretaría A,42000.0
OC-09466,2019-06-11,PROV-020,Secretaría F,13789.69
OC-09467,2019-06-11,PROV-018,Secretaría D,8252.85
OC-09468,2019-06-11,PROV-281,Secretaría E,1210.0
OC-09469,2019-06-11,PROV-142,Secretaría C,2010.0
OC-09470,2019-06-11,PROV-003,Secretaría A,10647.9
OC-09471,2019-06-11,PROV-001,Secretaría C,3919.9
OC-09472,2019-06-11,PROV-170,Secretaría E,32319.0
OC-09473,2019-06-11,PROV-544,Secretaría E,3000.0
OC-09474,2019-06-11,PROV-080,Secretaría D,4745.72
OC-09475,2019-06-11,PROV-087,Secretaría B,4120.0
OC-09476,2019-06-11,PROV-193,Secretaría C,51470.0
OC-09477,2019-06-11,PROV-326,Secretaría B,24720.0
OC-09478,2019-06-11,PROV-193,Secretaría C,89570.0
OC-09479,2019-06-12,PROV-056,Secretaría D,5232.0
OC-09480,2019-06-12,PROV-098,Secretaría E,690000.0
OC-09481,2019-06-12,PROV-042,Secretaría D,30000.0
OC-09482,2019-06-12,PROV-104,Secretaría G,1722.0
OC-09483,2019-06-12,PROV-050,Secretaría G,10180.0
OC-09484,2019-06-13,PROV-087,Secretaría B,1290.0
OC-09485,2019-06-13,PROV-010,Secretaría C,17524.0
OC-09486,2019-06-13,PROV-010,Secretaría F,87620.0
OC-09487,2019-06-13,PROV-010,Secretaría A,21905.0
OC-09488,2019-06-13,PROV-010,Secretaría D,8762.0
OC-09489,2019-06-13,PROV-010,Secretaría D,6571.5
OC-09490,2019-06-13,PROV-010,Secretaría C,19714.5
OC-09491,2019-06-13,PROV-129,Secretaría B,130000.0
OC-09492,2019-06-13,PROV-215,Secretaría B,120000.0
OC-09493,2019-06-13,PROV-020,Secretaría A,1200.0
OC-09494,2019-06-13,PROV-036,Secretaría B,114460.0
OC-09495,2019-06-13,PROV-135,Secretaría A,1430.0
OC-09496,2019-06-13,PROV-030,Secretaría A,6527.0
OC-09497,2019-06-13,PROV-074,Secretaría A,1050.0
OC-09498,2019-06-13,PROV-034,Secretaría A,1440.0
OC-09499,2019-06-13,PROV-034,Secretaría A,680.0
OC-09500,2019-06-13,PROV-034,Secretaría A,2005.0
OC-09501,2019-06-13,PROV-034,Secretaría A,2090.0
OC-09502,2019-06-13,PROV-034,Secretaría A,1435.0
OC-09503,2019-06-13,PROV-166,Secretaría H,1485.03
OC-09504,2019-06-13,PROV-030,Secretaría A,3531.0
OC-09505,2019-06-13,PROV-020,Secretaría A,2380.0
OC-09506,2019-06-13,PROV-020,Secretaría A,1620.0
OC-09507,2019-06-13,PROV-020,Secretaría A,4010.73
OC-09508,2019-06-13,PROV-010,Secretaría D,5257.2
OC-09509,2019-06-13,PROV-020,Secretaría A,2728.14
OC-09510,2019-06-13,PROV-010,Secretaría C,1752.4
OC-09511,2019-06-13,PROV-010,Secretaría F,23875.0
OC-09512,2019-06-13,PROV-010,Secretaría F,65715.0
OC-09513,2019-06-13,PROV-038,Secretaría A,201000.0
OC-09514,2019-06-13,PROV-038,Secretaría C,12060.0
OC-09515,2019-06-13,PROV-038,Secretaría A,80400.0
OC-09516,2019-06-13,PROV-038,Secretaría A,40200.0
OC-09517,2019-06-13,PROV-038,Secretaría I,16080.0
OC-09518,2019-06-13,PROV-038,Secretaría G,8040.0
OC-09519,2019-06-13,PROV-010,Secretaría F,26286.0
OC-09520,2019-06-13,PROV-080,Secretaría C,5116.31
OC-09521,2019-06-13,PROV-038,Secretaría A,100500.0
OC-09522,2019-06-13,PROV-100,Secretaría D,8888.8
OC-09523,2019-06-13,PROV-010,Secretaría A,119375.0
OC-09524,2019-06-13,PROV-010,Secretaría A,38200.0
OC-09525,2019-06-13,PROV-038,Secretaría B,73470.0
OC-09526,2019-06-13,PROV-010,Secretaría B,11937.5
OC-09527,2019-06-13,PROV-010,Secretaría C,16712.5
OC-09528,2019-06-13,PROV-010,Secretaría C,13143.0
OC-09529,2019-06-13,PROV-010,Secretaría B,30667.0
OC-09530,2019-06-13,PROV-017,Secretaría B,1302.0
OC-09531,2019-06-13,PROV-010,Secretaría I,14847.0
OC-09532,2019-06-13,PROV-169,Secretaría G,1440.0
OC-09533,2019-06-13,PROV-010,Secretaría D,13370.0
OC-09534,2019-06-13,PROV-010,Secretaría D,33425.0
OC-09535,2019-06-13,PROV-010,Secretaría F,167125.0
OC-09536,2019-06-13,PROV-010,Secretaría F,19100.0
OC-09537,2019-06-13,PROV-010,Secretaría C,2865.0
OC-09538,2019-06-14,PROV-069,Secretaría B,1297.8
OC-09539,2019-06-14,PROV-221,Secretaría B,230862.4
OC-09540,2019-06-14,PROV-189,Secretaría B,171450.0
OC-09541,2019-06-14,PROV-021,Secretaría J,1487.0
OC-09542,2019-06-14,PROV-024,Secretaría B,137193.4
OC-09543,2019-06-14,PROV-024,Secretaría B,37250.9
OC-09544,2019-06-14,PROV-108,Secretaría B,33960.0
OC-09545,2019-06-14,PROV-016,Secretaría B,116059.0
OC-09546,2019-06-14,PROV-208,Secretaría B,56761.0
OC-09547,2019-06-14,PROV-047,Secretaría B,5972.41
OC-09548,2019-06-14,PROV-078,Secretaría B,24240.8
OC-09549,2019-06-14,PROV-058,Secretaría B,37420.0
OC-09550,2019-06-14,PROV-008,Secretaría B,69745.0
OC-09551,2019-06-14,PROV-008,Secretaría B,78046.0
OC-09552,2019-06-14,PROV-020,Secretaría A,6350.0
OC-09553,2019-06-14,PROV-020,Secretaría A,1111.52
OC-09554,2019-06-14,PROV-020,Secretaría A,1487.0
OC-09555,2019-06-14,PROV-051,Secretaría B,27472.81
OC-09556,2019-06-14,PROV-062,Secretaría B,22291.45
OC-09557,2019-06-14,PROV-020,Secretaría A,1835.89
OC-09558,2019-06-14,PROV-028,Secretaría B,152721.0
OC-09559,2019-06-14,PROV-064,Secretaría A,201287.0
OC-09560,2019-06-14,PROV-123,Secretaría G,4802.0
OC-09561,2019-06-14,PROV-005,Secretaría B,236153.3
OC-09562,2019-06-14,PROV-019,Secretaría B,56768.0
OC-09563,2019-06-18,PROV-100,Secretaría D,1580.0
OC-09564,2019-06-18,PROV-070,Secretaría A,4429.6
OC-09565,2019-06-18,PROV-057,Secretaría A,1200.0
OC-09566,2019-06-18,PROV-027,Secretaría C,2342.0
OC-09567,2019-06-18,PROV-270,Secretaría E,27000.0
OC-09568,2019-06-18,PROV-043,Secretaría D,345843.41
OC-09569,2019-06-18,PROV-060,Secretaría D,135890.0
OC-09570,2019-06-18,PROV-057,Secretaría A,39560.0
OC-09571,2019-06-18,PROV-243,Secretaría A,39930.0
OC-09572,2019-06-18,PROV-045,Secretaría D,1813.58
OC-09573,2019-06-18,PROV-202,Secretaría C,11320.0
OC-09574,2019-06-18,PROV-045,Secretaría D,1420.11
OC-09575,2019-06-18,PROV-433,Secretaría E,8000.0
OC-09576,2019-06-18,PROV-100,Secretaría D,362.0
OC-09577,2019-06-18,PROV-045,Secretaría D,3279.62
OC-09578,2019-06-18,PROV-020,Secretaría A,810.06
OC-09579,2019-06-18,PROV-020,Secretaría A,849.09
OC-09580,2019-06-18,PROV-024,Secretaría C,20021.5
OC-09581,2019-06-18,PROV-012,Secretaría A,8031.0
OC-09582,2019-06-18,PROV-169,Secretaría I,5120.0
OC-09583,2019-06-18,PROV-050,Secretaría H,2787.0
OC-09584,2019-06-18,PROV-483,Secretaría B,750.0
OC-09585,2019-06-18,PROV-169,Secretaría G,3040.0
OC-09586,2019-06-18,PROV-528,Secretaría E,2400.0
OC-09587,2019-06-18,PROV-100,Secretaría D,890.0
OC-09588,2019-06-18,PROV-070,Secretaría B,2926.5
OC-09589,2019-06-18,PROV-024,Secretaría C,41326.0
OC-09590,2019-06-18,PROV-074,Secretaría A,1400.0
OC-09591,2019-06-18,PROV-020,Secretaría A,1760.0
OC-09592,2019-06-18,PROV-147,Secretaría B,28600.0
OC-09593,2019-06-18,PROV-033,Secretaría D,54050.0
OC-09594,2019-06-18,PROV-049,Secretaría B,4050.0
OC-09595,2019-06-18,PROV-084,Secretaría B,13270.0
OC-09596,2019-06-18,PROV-154,Secretaría B,128000.0
OC-09597,2019-06-18,PROV-265,Secretaría B,21970.0
OC-09598,2019-06-18,PROV-049,Secretaría B,1551.0
OC-09599,2019-06-18,PROV-062,Secretaría B,4206.39
OC-09600,2019-06-18,PROV-019,Secretaría B,5088.0
OC-09601,2019-06-18,PROV-030,Secretaría B,595.0
OC-09602,2019-06-18,PROV-020,Secretaría A,2081.77
OC-09603,2019-06-18,PROV-062,Secretaría B,15751.94
OC-09604,2019-06-18,PROV-020,Secretaría B,5750.0
OC-09605,2019-06-18,PROV-049,Secretaría B,17640.03
OC-09606,2019-06-18,PROV-123,Secretaría C,553.5
OC-09607,2019-06-18,PROV-019,Secretaría B,3789.0
OC-09608,2019-06-18,PROV-022,Secretaría C,1620.0
OC-09609,2019-06-18,PROV-030,Secretaría A,5960.0
OC-09610,2019-06-18,PROV-045,Secretaría C,1488.62
OC-09611,2019-06-18,PROV-361,Secretaría F,6500.0
OC-09612,2019-06-18,PROV-284,Secretaría C,15400.0
OC-09613,2019-06-18,PROV-147,Secretaría B,3150.0
OC-09614,2019-06-18,PROV-142,Secretaría B,1200.0
OC-09615,2019-06-18,PROV-080,Secretaría B,4799.2
OC-09616,2019-06-18,PROV-027,Secretaría D,14400.0
OC-09617,2019-06-18,PROV-147,Secretaría B,8750.0
OC-09618,2019-06-19,PROV-414,Secretaría B,2760.0
OC-09619,2019-06-19,PROV-030,Secretaría A,7412.0
OC-09620,2019-06-19,PROV-342,Secretaría F,4800.0
OC-09621,2019-06-19,PROV-281,Secretaría C,2420.0
OC-09622,2019-06-19,PROV-033,Secretaría F,2580.0
OC-09623,2019-06-19,PROV-063,Secretaría C,105620.3
OC-09624,2019-06-19,PROV-232,Secretaría C,20899.0
OC-09625,2019-06-19,PROV-383,Secretaría A,14550.0
OC-09626,2019-06-19,PROV-045,Secretaría C,22087.72
OC-09627,2019-06-19,PROV-516,Secretaría F,10010.0
OC-09628,2019-06-19,PROV-045,Secretaría C,18568.64
OC-09629,2019-06-19,PROV-479,Secretaría C,2820.0
OC-09630,2019-06-19,PROV-090,Secretaría G,80572.7
OC-09631,2019-06-19,PROV-001,Secretaría C,4638.0
OC-09632,2019-06-19,PROV-235,Secretaría A,8800.0
OC-09633,2019-06-19,PROV-041,Secretaría C,34338.0
OC-09634,2019-06-19,PROV-045,Secretaría C,15736.03
OC-09635,2019-06-19,PROV-235,Secretaría A,17500.0
OC-09636,2019-06-19,PROV-305,Secretaría D,11000.0
OC-09637,2019-06-19,PROV-235,Secretaría A,11800.0
OC-09638,2019-06-19,PROV-235,Secretaría A,8600.0
OC-09639,2019-06-19,PROV-096,Secretaría G,3031.5
OC-09640,2019-06-19,PROV-123,Secretaría G,670.0
OC-09641,2019-06-19,PROV-045,Secretaría C,22774.64
OC-09642,2019-06-19,PROV-030,Secretaría A,6608.0
OC-09643,2019-06-19,PROV-030,Secretaría A,3271.0
OC-09644,2019-06-19,PROV-029,Secretaría D,120395.0
OC-09645,2019-06-19,PROV-080,Secretaría E,6009.66
OC-09646,2019-06-19,PROV-100,Secretaría D,4770.0
OC-09647,2019-06-19,PROV-399,Secretaría D,3811.5
OC-09648,2019-06-19,PROV-030,Secretaría A,7100.0
OC-09649,2019-06-19,PROV-305,Secretaría A,14900.0
OC-09650,2019-06-19,PROV-070,Secretaría A,1285.0
OC-09651,2019-06-19,PROV-018,Secretaría B,7164.54
OC-09652,2019-06-19,PROV-176,Secretaría A,14759.58
OC-09653,2019-06-19,PROV-080,Secretaría C,3189.75
OC-09654,2019-06-21,PROV-334,Secretaría A,9531.04
OC-09655,2019-06-21,PROV-169,Secretaría F,22400.0
OC-09656,2019-06-21,PROV-105,Secretaría A,14350.0
OC-09657,2019-06-21,PROV-198,Secretaría A,59636.0
OC-09658,2019-06-21,PROV-100,Secretaría A,575.5
OC-09659,2019-06-21,PROV-035,Secretaría G,602000.0
OC-09660,2019-06-21,PROV-012,Secretaría A,93310.0
OC-09661,2019-06-21,PROV-050,Secretaría A,6850.0
OC-09662,2019-06-21,PROV-145,Secretaría B,43217.5
OC-09663,2019-06-21,PROV-030,Secretaría D,3000.0
OC-09664,2019-06-21,PROV-467,Secretaría C,5000.0
OC-09665,2019-06-21,PROV-414,Secretaría C,4600.0
OC-09666,2019-06-21,PROV-017,Secretaría A,5388.1
OC-09667,2019-06-21,PROV-308,Secretaría C,15780.0
OC-09668,2019-06-21,PROV-591,Secretaría C,5100.0
OC-09669,2019-06-21,PROV-077,Secretaría C,7179.0
OC-09670,2019-06-21,PROV-084,Secretaría G,3190.0
OC-09671,2019-06-21,PROV-034,Secretaría F,29100.0
OC-09672,2019-06-21,PROV-077,Secretaría C,7770.0
OC-09673,2019-06-21,PROV-077,Secretaría C,8550.0
OC-09674,2019-06-21,PROV-016,Secretaría B,9125.0
OC-09675,2019-06-21,PROV-050,Secretaría B,2455.0
OC-09676,2019-06-21,PROV-041,Secretaría C,24088.34
OC-09677,2019-06-21,PROV-072,Secretaría E,49800.0
OC-09678,2019-06-21,PROV-572,Secretaría B,1980.0
OC-09679,2019-06-21,PROV-447,Secretaría C,3300.0
OC-09680,2019-06-21,PROV-357,Secretaría A,44500.0
OC-09681,2019-06-21,PROV-104,Secretaría C,4427.0
OC-09682,2019-06-21,PROV-017,Secretaría A,27688.6
OC-09683,2019-06-21,PROV-572,Secretaría B,6250.0
OC-09684,2019-06-24,PROV-568,Secretaría A,9075.0
OC-09685,2019-06-24,PROV-030,Secretaría D,3685.0
OC-09686,2019-06-24,PROV-145,Secretaría B,25820.0
OC-09687,2019-06-24,PROV-501,Secretaría A,9438.0
OC-09688,2019-06-24,PROV-084,Secretaría G,4890.0
OC-09689,2019-06-24,PROV-040,Secretaría E,38800.0
OC-09690,2019-06-24,PROV-356,Secretaría C,4200.0
OC-09691,2019-06-24,PROV-114,Secretaría C,9880.7
OC-09692,2019-06-24,PROV-285,Secretaría A,43000.0
OC-09693,2019-06-24,PROV-052,Secretaría A,41220.0
OC-09694,2019-06-24,PROV-414,Secretaría C,2392.0
OC-09695,2019-06-24,PROV-135,Secretaría D,5700.0
OC-09696,2019-06-25,PROV-142,Secretaría C,6950.0
OC-09697,2019-06-25,PROV-020,Secretaría A,2375.1
OC-09698,2019-06-25,PROV-113,Secretaría C,11767.35
OC-09699,2019-06-25,PROV-003,Secretaría C,58637.79
OC-09700,2019-06-25,PROV-337,Secretaría E,51750.0
OC-09701,2019-06-25,PROV-113,Secretaría C,14224.49
OC-09702,2019-06-25,PROV-027,Secretaría D,990.0
OC-09703,2019-06-25,PROV-027,Secretaría A,15345.0
OC-09704,2019-06-25,PROV-003,Secretaría C,12462.56
OC-09705,2019-06-25,PROV-502,Secretaría G,5400.0
OC-09706,2019-06-25,PROV-135,Secretaría D,7300.0
OC-09707,2019-06-25,PROV-100,Secretaría D,1304.0
OC-09708,2019-06-25,PROV-172,Secretaría F,162000.0
OC-09709,2019-06-25,PROV-141,Secretaría A,2276.59
OC-09710,2019-06-25,PROV-141,Secretaría A,562.97
OC-09711,2019-06-25,PROV-141,Secretaría A,686.98
OC-09712,2019-06-25,PROV-141,Secretaría A,939.9
OC-09713,2019-06-25,PROV-311,Secretaría E,7500.0
OC-09714,2019-06-25,PROV-337,Secretaría E,37704.0
OC-09715,2019-06-25,PROV-018,Secretaría D,1578.86
OC-09716,2019-06-25,PROV-063,Secretaría A,119854.0
OC-09717,2019-06-25,PROV-167,Secretaría F,1520.0
OC-09718,2019-06-25,PROV-254,Secretaría D,113100.0
OC-09719,2019-06-25,PROV-010,Secretaría B,11012.5
OC-09720,2019-06-25,PROV-197,Secretaría D,127643.0
OC-09721,2019-06-25,PROV-259,Secretaría D,24520.0
OC-09722,2019-06-25,PROV-025,Secretaría D,33759.0
OC-09723,2019-06-25,PROV-105,Secretaría D,1540.0
OC-09724,2019-06-25,PROV-045,Secretaría D,1471.69
OC-09725,2019-06-25,PROV-050,Secretaría C,4640.0
OC-09726,2019-06-25,PROV-483,Secretaría C,3680.0
OC-09727,2019-06-25,PROV-086,Secretaría C,3060.0
OC-09728,2019-06-25,PROV-020,Secretaría A,985.0
OC-09729,2019-06-25,PROV-020,Secretaría A,2055.14
OC-09730,2019-06-25,PROV-005,Secretaría B,64917.0
OC-09731,2019-06-25,PROV-020,Secretaría A,620.34
OC-09732,2019-06-25,PROV-020,Secretaría A,1479.94
OC-09733,2019-06-25,PROV-198,Secretaría D,41400.0
OC-09734,2019-06-25,PROV-268,Secretaría D,104000.0
OC-09735,2019-06-25,PROV-050,Secretaría C,44576.0
OC-09736,2019-06-25,PROV-105,Secretaría A,9490.0
OC-09737,2019-06-25,PROV-021,Secretaría H,4299.0
OC-09738,2019-06-25,PROV-050,Secretaría C,79900.0
OC-09739,2019-06-25,PROV-259,Secretaría D,13290.0
OC-09740,2019-06-25,PROV-050,Secretaría C,4506.0
OC-09741,2019-06-25,PROV-149,Secretaría F,3200.0
OC-09742,2019-06-25,PROV-057,Secretaría A,19500.0
OC-09743,2019-06-25,PROV-065,Secretaría J,2490.0
OC-09744,2019-06-25,PROV-045,Secretaría F,14576.25
OC-09745,2019-06-25,PROV-259,Secretaría D,1650.0
OC-09746,2019-06-26,PROV-084,Secretaría B,1680.0
OC-09747,2019-06-26,PROV-544,Secretaría E,1500.0
OC-09748,2019-06-26,PROV-141,Secretaría A,2064.45
OC-09749,2019-06-26,PROV-090,Secretaría A,4436.6
OC-09750,2019-06-26,PROV-034,Secretaría A,7210.0
OC-09751,2019-06-26,PROV-363,Secretaría A,15103.28
OC-09752,2019-06-26,PROV-103,Secretaría C,34580.0
OC-09753,2019-06-26,PROV-012,Secretaría A,32552.0
OC-09754,2019-06-26,PROV-389,Secretaría A,4200.0
OC-09755,2019-06-26,PROV-010,Secretaría A,17600.0
OC-09756,2019-06-26,PROV-012,Secretaría A,16276.0
OC-09757,2019-06-26,PROV-090,Secretaría A,38046.0
OC-09758,2019-06-26,PROV-027,Secretaría A,13239.0
OC-09759,2019-06-26,PROV-363,Secretaría A,11077.89
OC-09760,2019-06-26,PROV-103,Secretaría B,15200.0
OC-09761,2019-06-26,PROV-141,Secretaría A,1795.52
OC-09762,2019-06-26,PROV-010,Secretaría A,35200.0
OC-09763,2019-06-26,PROV-034,Secretaría A,8120.0
OC-09764,2019-06-26,PROV-084,Secretaría B,4850.0
OC-09765,2019-06-26,PROV-034,Secretaría B,6600.0
OC-09766,2019-06-26,PROV-104,Secretaría B,600.0
OC-09767,2019-06-26,PROV-083,Secretaría B,23496.68
OC-09768,2019-06-26,PROV-087,Secretaría B,11090.0
OC-09769,2019-06-26,PROV-193,Secretaría C,10350.0
OC-09770,2019-06-26,PROV-034,Secretaría A,620.0
OC-09771,2019-06-26,PROV-090,Secretaría A,2768.4
OC-09772,2019-06-26,PROV-034,Secretaría D,3695.0
OC-09773,2019-06-26,PROV-100,Secretaría D,1722.0
OC-09774,2019-06-26,PROV-034,Secretaría A,6720.0
OC-09775,2019-06-26,PROV-363,Secretaría A,16479.28
OC-09776,2019-06-26,PROV-023,Secretaría E,4200.0
OC-09777,2019-06-26,PROV-452,Secretaría E,35000.0
OC-09778,2019-06-26,PROV-105,Secretaría A,940.0
OC-09779,2019-06-27,PROV-012,Secretaría F,100420.0
OC-09780,2019-06-27,PROV-001,Secretaría C,1380.0
OC-09781,2019-06-27,PROV-001,Secretaría C,7480.0
OC-09782,2019-06-27,PROV-001,Secretaría C,7331.0
OC-09783,2019-06-27,PROV-001,Secretaría G,3096.5
OC-09784,2019-06-27,PROV-030,Secretaría A,2460.0
OC-09785,2019-06-27,PROV-027,Secretaría D,660.0
OC-09786,2019-06-27,PROV-105,Secretaría A,735.0
OC-09787,2019-06-27,PROV-105,Secretaría A,655.0
OC-09788,2019-06-27,PROV-100,Secretaría A,21450.0
OC-09789,2019-06-27,PROV-100,Secretaría A,4700.0
OC-09790,2019-06-27,PROV-416,Secretaría F,31443.0
OC-09791,2019-06-27,PROV-223,Secretaría C,8470.0
OC-09792,2019-06-27,PROV-001,Secretaría C,7959.8
OC-09793,2019-06-27,PROV-391,Secretaría A,60800.0
OC-09794,2019-06-27,PROV-167,Secretaría C,11900.0
OC-09795,2019-06-27,PROV-105,Secretaría A,4440.0
OC-09796,2019-06-27,PROV-096,Secretaría C,667.0
OC-09797,2019-06-27,PROV-055,Secretaría H,3560.0
OC-09798,2019-06-27,PROV-088,Secretaría C,21600.0
OC-09799,2019-06-27,PROV-045,Secretaría C,437.02
OC-09800,2019-06-27,PROV-045,Secretaría C,996.1
OC-09801,2019-06-27,PROV-211,Secretaría E,6800.0
OC-09802,2019-06-27,PROV-001,Secretaría C,6936.5
OC-09803,2019-06-27,PROV-223,Secretaría C,3630.0
OC-09804,2019-06-27,PROV-002,Secretaría C,7680.0
OC-09805,2019-06-27,PROV-012,Secretaría A,49872.0
OC-09806,2019-06-27,PROV-010,Secretaría A,59500.0
OC-09807,2019-06-27,PROV-065,Secretaría B,2260.0
OC-09808,2019-06-27,PROV-018,Secretaría E,7659.3
OC-09809,2019-06-27,PROV-086,Secretaría B,5846.0
OC-09810,2019-06-27,PROV-104,Secretaría C,11934.84
OC-09811,2019-06-28,PROV-015,Secretaría B,1490.0
OC-09812,2019-06-28,PROV-015,Secretaría C,5920.0
OC-09813,2019-06-28,PROV-015,Secretaría C,55900.0
OC-09814,2019-06-28,PROV-015,Secretaría C,7950.0
OC-09815,2019-06-28,PROV-015,Secretaría B,34130.0
OC-09816,2019-06-28,PROV-147,Secretaría B,5120.0
OC-09817,2019-06-28,PROV-147,Secretaría B,6480.0
OC-09818,2019-06-28,PROV-015,Secretaría B,67210.0
OC-09819,2019-06-28,PROV-015,Secretaría C,20770.0
OC-09820,2019-06-28,PROV-018,Secretaría B,13089.33
OC-09821,2019-06-28,PROV-157,Secretaría C,76712.0
OC-09822,2019-06-28,PROV-157,Secretaría B,123445.0
OC-09823,2019-06-28,PROV-157,Secretaría B,5050.0
OC-09824,2019-06-28,PROV-157,Secretaría B,20400.0
OC-09825,2019-06-28,PROV-157,Secretaría A,52000.0
OC-09826,2019-06-28,PROV-157,Secretaría C,33480.0
OC-09827,2019-06-28,PROV-157,Secretaría C,9440.0
OC-09828,2019-06-28,PROV-157,Secretaría C,35300.0
OC-09829,2019-06-28,PROV-093,Secretaría B,16994.03
OC-09830,2019-06-28,PROV-538,Secretaría H,1270.0
OC-09831,2019-06-28,PROV-030,Secretaría D,6360.0
OC-09832,2019-06-28,PROV-104,Secretaría B,2700.0
OC-09833,2019-06-28,PROV-001,Secretaría C,3154.0
OC-09834,2019-06-28,PROV-097,Secretaría E,27500.0
OC-09835,2019-06-28,PROV-100,Secretaría H,3680.0
OC-09836,2019-06-28,PROV-033,Secretaría A,5310.0
OC-09837,2019-06-28,PROV-001,Secretaría C,17607.6
OC-09838,2019-06-28,PROV-001,Secretaría C,28615.5
OC-09839,2019-06-28,PROV-001,Secretaría C,10406.0
OC-09840,2019-06-28,PROV-001,Secretaría B,62147.0
OC-09841,2019-06-28,PROV-001,Secretaría C,484280.0
OC-09842,2019-06-28,PROV-001,Secretaría C,2183.7
OC-09843,2019-06-28,PROV-001,Secretaría C,6013.2
OC-09844,2019-06-28,PROV-001,Secretaría C,76870.0
OC-09845,2019-06-28,PROV-045,Secretaría H,2464.24
OC-09846,2019-06-28,PROV-001,Secretaría C,5530.0
OC-09847,2019-06-28,PROV-001,Secretaría C,67379.4
OC-09848,2019-06-28,PROV-123,Secretaría B,3791.5
OC-09849,2019-06-28,PROV-021,Secretaría B,10753.0
OC-09850,2019-06-28,PROV-018,Secretaría E,8551.84
OC-09851,2019-06-28,PROV-047,Secretaría B,4573.53
OC-09852,2019-06-28,PROV-301,Secretaría B,13920.09
OC-09853,2019-06-28,PROV-049,Secretaría B,70696.15
OC-09854,2019-06-28,PROV-001,Secretaría B,4563.0
OC-09855,2019-06-28,PROV-269,Secretaría B,13693.36
OC-09856,2019-07-01,PROV-017,Secretaría A,29150.0
OC-09857,2019-07-01,PROV-034,Secretaría A,840.0
OC-09858,2019-07-01,PROV-034,Secretaría A,7585.0
OC-09859,2019-07-01,PROV-034,Secretaría A,1900.0
OC-09860,2019-07-01,PROV-070,Secretaría B,2795.6
OC-09861,2019-07-01,PROV-135,Secretaría A,900.0
OC-09862,2019-07-01,PROV-063,Secretaría A,29642.58
OC-09863,2019-07-01,PROV-338,Secretaría B,6920.0
OC-09864,2019-07-01,PROV-059,Secretaría D,34576.0
OC-09865,2019-07-01,PROV-087,Secretaría B,10040.0
OC-09866,2019-07-01,PROV-055,Secretaría B,9280.0
OC-09867,2019-07-01,PROV-059,Secretaría B,11397.0
OC-09868,2019-07-01,PROV-059,Secretaría B,20065.0
OC-09869,2019-07-01,PROV-055,Secretaría B,14780.0
OC-09870,2019-07-01,PROV-059,Secretaría B,20670.0
OC-09871,2019-07-01,PROV-055,Secretaría B,18560.0
OC-09872,2019-07-01,PROV-019,Secretaría B,14720.0
OC-09873,2019-07-01,PROV-087,Secretaría B,6342.0
OC-09874,2019-07-01,PROV-107,Secretaría A,78481.6
OC-09875,2019-07-01,PROV-077,Secretaría B,4428.0
OC-09876,2019-07-01,PROV-041,Secretaría C,21660.65
OC-09877,2019-07-01,PROV-077,Secretaría B,1638.0
OC-09878,2019-07-01,PROV-109,Secretaría C,15987.9
OC-09879,2019-07-01,PROV-109,Secretaría C,5399.0
OC-09880,2019-07-01,PROV-109,Secretaría C,3417.0
OC-09881,2019-07-01,PROV-109,Secretaría C,2052.0
OC-09882,2019-07-01,PROV-109,Secretaría B,999.0
OC-09883,2019-07-01,PROV-194,Secretaría B,11206.0
OC-09884,2019-07-01,PROV-194,Secretaría A,3400.0
OC-09885,2019-07-01,PROV-001,Secretaría C,479.0
OC-09886,2019-07-01,PROV-109,Secretaría C,3690.0
OC-09887,2019-07-01,PROV-034,Secretaría A,920.0
OC-09888,2019-07-01,PROV-034,Secretaría A,2440.0
OC-09889,2019-07-01,PROV-034,Secretaría A,675.0
OC-09890,2019-07-01,PROV-235,Secretaría A,10320.0
OC-09891,2019-07-01,PROV-055,Secretaría B,990.0
OC-09892,2019-07-01,PROV-235,Secretaría A,15800.0
OC-09893,2019-07-01,PROV-456,Secretaría J,36000.0
OC-09894,2019-07-01,PROV-409,Secretaría J,22000.0
OC-09895,2019-07-01,PROV-034,Secretaría A,740.0
OC-09896,2019-07-02,PROV-033,Secretaría G,1486.0
OC-09897,2019-07-02,PROV-055,Secretaría B,20800.0
OC-09898,2019-07-02,PROV-105,Secretaría A,2700.0
OC-09899,2019-07-02,PROV-113,Secretaría A,3084.0
OC-09900,2019-07-02,PROV-342,Secretaría F,9000.0
OC-09901,2019-07-02,PROV-167,Secretaría F,14500.0
OC-09902,2019-07-02,PROV-149,Secretaría F,3600.0
OC-09903,2019-07-02,PROV-164,Secretaría B,11585.04
OC-09904,2019-07-02,PROV-149,Secretaría F,2110.0
OC-09905,2019-07-02,PROV-034,Secretaría F,8335.0
OC-09906,2019-07-02,PROV-034,Secretaría F,14650.0
OC-09907,2019-07-02,PROV-361,Secretaría F,2100.0
OC-09908,2019-07-02,PROV-090,Secretaría G,1785.04
OC-09909,2019-07-02,PROV-016,Secretaría B,1490.0
OC-09910,2019-07-02,PROV-178,Secretaría C,3410.0
OC-09911,2019-07-02,PROV-274,Secretaría E,1000.0
OC-09912,2019-07-02,PROV-027,Secretaría C,18622.08
OC-09913,2019-07-02,PROV-004,Secretaría A,14204294.73
OC-09914,2019-07-02,PROV-111,Secretaría C,19510.4
OC-09915,2019-07-02,PROV-030,Secretaría A,6086.0
OC-09916,2019-07-02,PROV-030,Secretaría A,3092.0
OC-09917,2019-07-02,PROV-020,Secretaría A,1056.46
OC-09918,2019-07-02,PROV-020,Secretaría A,1908.31
OC-09919,2019-07-02,PROV-472,Secretaría E,14000.0
OC-09920,2019-07-02,PROV-034,Secretaría F,8285.0
OC-09921,2019-07-02,PROV-022,Secretaría C,6180.0
OC-09922,2019-07-02,PROV-020,Secretaría A,3994.0
OC-09923,2019-07-02,PROV-020,Secretaría A,1997.24
OC-09924,2019-07-02,PROV-070,Secretaría B,5802.0
OC-09925,2019-07-02,PROV-179,Secretaría B,1000.0
OC-09926,2019-07-02,PROV-049,Secretaría B,33221.87
OC-09927,2019-07-02,PROV-084,Secretaría B,8300.0
OC-09928,2019-07-02,PROV-096,Secretaría H,7430.4
OC-09929,2019-07-02,PROV-149,Secretaría F,12900.0
OC-09930,2019-07-02,PROV-149,Secretaría F,9500.0
OC-09931,2019-07-02,PROV-567,Secretaría C,7600.0
OC-09932,2019-07-02,PROV-020,Secretaría A,1813.2
OC-09933,2019-07-02,PROV-020,Secretaría A,1005.64
OC-09934,2019-07-02,PROV-020,Secretaría A,6369.0
OC-09935,2019-07-02,PROV-020,Secretaría A,994.36
OC-09936,2019-07-02,PROV-048,Secretaría A,26800.0
OC-09937,2019-07-02,PROV-048,Secretaría A,21200.0
OC-09938,2019-07-02,PROV-020,Secretaría A,5850.0
OC-09939,2019-07-02,PROV-080,Secretaría B,23996.0
OC-09940,2019-07-02,PROV-105,Secretaría A,3257.0
OC-09941,2019-07-02,PROV-275,Secretaría A,4975.0
OC-09942,2019-07-02,PROV-082,Secretaría C,46244.0
OC-09943,2019-07-02,PROV-317,Secretaría C,5520.0
OC-09944,2019-07-02,PROV-059,Secretaría E,26640.0
OC-09945,2019-07-02,PROV-055,Secretaría J,40800.0
OC-09946,2019-07-02,PROV-030,Secretaría A,4672.0
OC-09947,2019-07-02,PROV-128,Secretaría F,1750.0
OC-09948,2019-07-02,PROV-086,Secretaría C,13200.0
OC-09949,2019-07-02,PROV-393,Secretaría E,1450.0
OC-09950,2019-07-02,PROV-317,Secretaría C,2510.0
OC-09951,2019-07-02,PROV-284,Secretaría E,2200.0
OC-09952,2019-07-02,PROV-020,Secretaría A,3369.81
OC-09953,2019-07-02,PROV-105,Secretaría A,1193.0
OC-09954,2019-07-02,PROV-055,Secretaría C,2100.0
OC-09955,2019-07-02,PROV-065,Secretaría C,3000.0
OC-09956,2019-07-02,PROV-141,Secretaría A,1078.03
OC-09957,2019-07-02,PROV-100,Secretaría D,2575.0
OC-09958,2019-07-02,PROV-141,Secretaría A,1619.87
OC-09959,2019-07-02,PROV-059,Secretaría A,1788.0
OC-09960,2019-07-02,PROV-020,Secretaría A,2080.0
OC-09961,2019-07-02,PROV-104,Secretaría H,1340.0
OC-09962,2019-07-02,PROV-020,Secretaría A,1285.0
OC-09963,2019-07-02,PROV-020,Secretaría A,1150.0
OC-09964,2019-07-02,PROV-141,Secretaría A,701.44
OC-09965,2019-07-03,PROV-390,Secretaría B,2300.0
OC-09966,2019-07-03,PROV-035,Secretaría F,88814.0
OC-09967,2019-07-03,PROV-006,Secretaría D,2851856.67
OC-09968,2019-07-03,PROV-100,Secretaría A,5915.0
OC-09969,2019-07-03,PROV-034,Secretaría F,3200.0
OC-09970,2019-07-03,PROV-558,Secretaría G,3600.0
OC-09971,2019-07-03,PROV-105,Secretaría A,27000.0
OC-09972,2019-07-03,PROV-027,Secretaría D,45140.0
OC-09973,2019-07-03,PROV-142,Secretaría B,2350.0
OC-09974,2019-07-03,PROV-027,Secretaría D,15799.0
OC-09975,2019-07-03,PROV-027,Secretaría D,1320.0
OC-09976,2019-07-03,PROV-142,Secretaría C,17370.0
OC-09977,2019-07-03,PROV-142,Secretaría B,2380.0
OC-09978,2019-07-03,PROV-041,Secretaría C,21292.92
OC-09979,2019-07-03,PROV-041,Secretaría G,8000.57
OC-09980,2019-07-03,PROV-016,Secretaría B,4190.0
OC-09981,2019-07-03,PROV-027,Secretaría D,56425.0
OC-09982,2019-07-04,PROV-084,Secretaría D,9620.0
OC-09983,2019-07-04,PROV-025,Secretaría D,76213.68
OC-09984,2019-07-04,PROV-055,Secretaría F,2640.0
OC-09985,2019-07-04,PROV-142,Secretaría C,2060.0
OC-09986,2019-07-04,PROV-010,Secretaría F,29700.0
OC-09987,2019-07-04,PROV-010,Secretaría F,99000.0
OC-09988,2019-07-04,PROV-237,Secretaría C,91839.0
OC-09989,2019-07-04,PROV-147,Secretaría C,3300.0
OC-09990,2019-07-04,PROV-176,Secretaría D,24141.24
OC-09991,2019-07-04,PROV-113,Secretaría D,4188.5
OC-09992,2019-07-04,PROV-490,Secretaría B,11590.0
OC-09993,2019-07-04,PROV-084,Secretaría B,6570.0
OC-09994,2019-07-04,PROV-176,Secretaría I,14935.5
OC-09995,2019-07-04,PROV-265,Secretaría B,5914.0
OC-09996,2019-07-04,PROV-301,Secretaría B,100000.0
OC-09997,2019-07-04,PROV-020,Secretaría D,1100.0
OC-09998,2019-07-04,PROV-184,Secretaría B,127500.0
OC-09999,2019-07-04,PROV-603,Secretaría A,840.0
OC-10000,2019-07-04,PROV-050,Secretaría D,3030.0
OC-10001,2019-07-04,PROV-164,Secretaría B,100000.0
OC-10002,2019-07-05,PROV-019,Secretaría B,28672.0
OC-10003,2019-07-05,PROV-257,Secretaría E,44950.0
OC-10004,2019-07-05,PROV-306,Secretaría C,2283.0
OC-10005,2019-07-05,PROV-175,Secretaría C,12759.0
OC-10006,2019-07-05,PROV-120,Secretaría E,530000.0
OC-10007,2019-07-05,PROV-169,Secretaría G,2400.0
OC-10008,2019-07-05,PROV-124,Secretaría B,19600.0
OC-10009,2019-07-05,PROV-017,Secretaría C,1100.0
OC-10010,2019-07-05,PROV-062,Secretaría B,7147.05
OC-10011,2019-07-05,PROV-481,Secretaría A,10500.0
OC-10012,2019-07-05,PROV-051,Secretaría B,3026.16
OC-10013,2019-07-05,PROV-048,Secretaría A,85000.0
OC-10014,2019-07-05,PROV-200,Secretaría E,3475.0
OC-10015,2019-07-05,PROV-009,Secretaría A,138000.0
OC-10016,2019-07-05,PROV-579,Secretaría C,7500.0
OC-10017,2019-07-05,PROV-226,Secretaría B,5007.8
OC-10018,2019-07-05,PROV-087,Secretaría B,2320.0
OC-10019,2019-07-05,PROV-121,Secretaría B,3800.0
OC-10020,2019-07-05,PROV-019,Secretaría B,17510.0
OC-10021,2019-07-05,PROV-306,Secretaría B,565.5
OC-10022,2019-07-05,PROV-193,Secretaría E,34080.0
OC-10023,2019-07-05,PROV-070,Secretaría D,6819.0
OC-10024,2019-07-05,PROV-170,Secretaría E,28620.0
OC-10025,2019-07-05,PROV-100,Secretaría D,828.4
OC-10026,2019-07-05,PROV-137,Secretaría D,78800.0
OC-10027,2019-07-05,PROV-604,Secretaría E,3850.0
OC-10028,2019-07-05,PROV-505,Secretaría C,10000.0
OC-10029,2019-07-05,PROV-030,Secretaría D,11471.0
OC-10030,2019-07-05,PROV-406,Secretaría C,56000.0
OC-10031,2019-07-05,PROV-033,Secretaría C,2486.0
OC-10032,2019-07-05,PROV-059,Secretaría C,11216.0
OC-10033,2019-07-05,PROV-342,Secretaría F,3300.0
OC-10034,2019-07-05,PROV-356,Secretaría C,9000.0
OC-10035,2019-07-05,PROV-159,Secretaría G,13850.0
OC-10036,2019-07-05,PROV-005,Secretaría B,30200.0
OC-10037,2019-07-05,PROV-028,Secretaría B,6300.0
OC-10038,2019-07-05,PROV-169,Secretaría G,1600.0
OC-10039,2019-07-05,PROV-100,Secretaría D,3500.0
OC-10040,2019-07-05,PROV-017,Secretaría G,1726.0
OC-10041,2019-07-05,PROV-159,Secretaría C,53500.0
OC-10042,2019-07-05,PROV-050,Secretaría F,5918.0
OC-10043,2019-07-10,PROV-009,Secretaría A,81000.0
OC-10044,2019-07-10,PROV-009,Secretaría A,22000.0
OC-10045,2019-07-10,PROV-009,Secretaría A,7920.0
OC-10046,2019-07-10,PROV-041,Secretaría G,8029.3
OC-10047,2019-07-10,PROV-009,Secretaría A,6600.0
OC-10048,2019-07-10,PROV-009,Secretaría F,88000.0
OC-10049,2019-07-10,PROV-009,Secretaría F,110000.0
OC-10050,2019-07-10,PROV-009,Secretaría F,26400.0
OC-10051,2019-07-10,PROV-009,Secretaría A,121500.0
OC-10052,2019-07-10,PROV-009,Secretaría C,8800.0
OC-10053,2019-07-10,PROV-009,Secretaría D,7040.0
OC-10054,2019-07-10,PROV-009,Secretaría A,60750.0
OC-10055,2019-07-10,PROV-021,Secretaría C,5230.0
OC-10056,2019-07-10,PROV-009,Secretaría A,72900.0
OC-10057,2019-07-10,PROV-009,Secretaría D,8100.0
OC-10058,2019-07-10,PROV-009,Secretaría E,20250.0
OC-10059,2019-07-10,PROV-097,Secretaría C,6000.0
OC-10060,2019-07-10,PROV-258,Secretaría B,48600.0
OC-10061,2019-07-10,PROV-009,Secretaría C,2850.0
OC-10062,2019-07-10,PROV-132,Secretaría B,102300.0
OC-10063,2019-07-10,PROV-041,Secretaría E,3023.13
OC-10064,2019-07-10,PROV-009,Secretaría F,237500.0
OC-10065,2019-07-10,PROV-041,Secretaría B,45653.53
OC-10066,2019-07-10,PROV-009,Secretaría B,30800.0
OC-10067,2019-07-10,PROV-009,Secretaría A,145800.0
OC-10068,2019-07-10,PROV-009,Secretaría C,11000.0
OC-10069,2019-07-10,PROV-092,Secretaría G,46000.0
OC-10070,2019-07-10,PROV-009,Secretaría C,1760.0
OC-10071,2019-07-10,PROV-030,Secretaría E,6995.0
OC-10072,2019-07-10,PROV-126,Secretaría B,127500.0
OC-10073,2019-07-10,PROV-196,Secretaría B,150000.0
OC-10074,2019-07-10,PROV-230,Secretaría B,73500.0
OC-10075,2019-07-10,PROV-009,Secretaría C,17600.0
OC-10076,2019-07-10,PROV-236,Secretaría B,50100.0
OC-10077,2019-07-10,PROV-355,Secretaría B,20550.0
OC-10078,2019-07-10,PROV-343,Secretaría B,26700.0
OC-10079,2019-07-10,PROV-239,Secretaría B,53250.0
OC-10080,2019-07-10,PROV-041,Secretaría B,4303.15
OC-10081,2019-07-10,PROV-041,Secretaría B,38463.27
OC-10082,2019-07-10,PROV-041,Secretaría C,6365.67
OC-10083,2019-07-10,PROV-206,Secretaría B,75000.0
OC-10084,2019-07-10,PROV-041,Secretaría F,5994.0
OC-10085,2019-07-10,PROV-012,Secretaría C,4323.2
OC-10086,2019-07-10,PROV-009,Secretaría E,15300.0
OC-10087,2019-07-10,PROV-009,Secretaría G,7125.0
OC-10088,2019-07-10,PROV-009,Secretaría D,38000.0
OC-10089,2019-07-10,PROV-009,Secretaría A,95000.0
OC-10090,2019-07-10,PROV-009,Secretaría C,16625.0
OC-10091,2019-07-10,PROV-009,Secretaría A,33250.0
OC-10092,2019-07-10,PROV-009,Secretaría A,13300.0
OC-10093,2019-07-10,PROV-009,Secretaría A,118750.0
OC-10094,2019-07-10,PROV-009,Secretaría F,23750.0
OC-10095,2019-07-10,PROV-009,Secretaría D,14250.0
OC-10096,2019-07-11,PROV-059,Secretaría G,12950.0
OC-10097,2019-07-11,PROV-554,Secretaría C,2400.0
OC-10098,2019-07-11,PROV-554,Secretaría C,9000.0
OC-10099,2019-07-11,PROV-009,Secretaría B,3120.0
OC-10100,2019-07-11,PROV-034,Secretaría A,2000.0
OC-10101,2019-07-11,PROV-009,Secretaría C,1560.0
OC-10102,2019-07-11,PROV-159,Secretaría D,8000.0
OC-10103,2019-07-11,PROV-041,Secretaría D,9180.89
OC-10104,2019-07-11,PROV-259,Secretaría D,1500.0
OC-10105,2019-07-11,PROV-036,Secretaría C,80240.0
OC-10106,2019-07-11,PROV-020,Secretaría A,856.0
OC-10107,2019-07-11,PROV-041,Secretaría A,695.95
OC-10108,2019-07-11,PROV-023,Secretaría A,826200.0
OC-10109,2019-07-11,PROV-041,Secretaría C,2419.43
OC-10110,2019-07-11,PROV-135,Secretaría D,20300.0
OC-10111,2019-07-11,PROV-114,Secretaría C,1084.08
OC-10112,2019-07-11,PROV-033,Secretaría D,9870.0
OC-10113,2019-07-11,PROV-009,Secretaría I,47500.0
OC-10114,2019-07-11,PROV-020,Secretaría A,5751.0
OC-10115,2019-07-11,PROV-020,Secretaría A,805.82
OC-10116,2019-07-11,PROV-041,Secretaría C,6655.2
OC-10117,2019-07-11,PROV-016,Secretaría B,13002.0
OC-10118,2019-07-11,PROV-067,Secretaría A,253125.0
OC-10119,2019-07-11,PROV-092,Secretaría A,155625.0
OC-10120,2019-07-11,PROV-041,Secretaría C,46601.89
OC-10121,2019-07-11,PROV-047,Secretaría F,2997.0
OC-10122,2019-07-11,PROV-080,Secretaría J,8472.69
OC-10123,2019-07-11,PROV-063,Secretaría A,127333.0
OC-10124,2019-07-11,PROV-041,Secretaría G,3825.93
OC-10125,2019-07-11,PROV-105,Secretaría A,5501.2
OC-10126,2019-07-11,PROV-034,Secretaría A,2290.0
OC-10127,2019-07-11,PROV-034,Secretaría A,2860.0
OC-10128,2019-07-11,PROV-020,Secretaría A,1959.0
OC-10129,2019-07-11,PROV-020,Secretaría A,8616.0
OC-10130,2019-07-11,PROV-047,Secretaría F,5364.0
OC-10131,2019-07-12,PROV-025,Secretaría D,57275.35
OC-10132,2019-07-12,PROV-425,Secretaría D,8500.0
OC-10133,2019-07-12,PROV-104,Secretaría B,1056.5
OC-10134,2019-07-12,PROV-045,Secretaría C,2874.12
OC-10135,2019-07-12,PROV-055,Secretaría G,6750.0
OC-10136,2019-07-12,PROV-055,Secretaría G,1480.0
OC-10137,2019-07-12,PROV-055,Secretaría G,1270.0
OC-10138,2019-07-12,PROV-059,Secretaría C,4736.0
OC-10139,2019-07-12,PROV-009,Secretaría I,44000.0
OC-10140,2019-07-12,PROV-360,Secretaría G,2080.0
OC-10141,2019-07-12,PROV-039,Secretaría A,118700.0
OC-10142,2019-07-12,PROV-195,Secretaría C,18440.0
OC-10143,2019-07-12,PROV-026,Secretaría A,1485216.0
OC-10144,2019-07-12,PROV-039,Secretaría A,109800.0
OC-10145,2019-07-12,PROV-195,Secretaría C,3000.0
OC-10146,2019-07-12,PROV-352,Secretaría E,3300.0
OC-10147,2019-07-12,PROV-175,Secretaría C,6960.0
OC-10148,2019-07-12,PROV-017,Secretaría C,3037.0
OC-10149,2019-07-12,PROV-169,Secretaría G,1120.0
OC-10150,2019-07-12,PROV-083,Secretaría C,1970.0
OC-10151,2019-07-12,PROV-041,Secretaría A,5477.29
OC-10152,2019-07-12,PROV-003,Secretaría H,2919.38
OC-10153,2019-07-12,PROV-096,Secretaría C,3950.0
OC-10154,2019-07-12,PROV-039,Secretaría A,69800.0
OC-10155,2019-07-12,PROV-059,Secretaría G,1414.0
OC-10156,2019-07-12,PROV-059,Secretaría H,554.0
OC-10157,2019-07-12,PROV-059,Secretaría B,831.0
OC-10158,2019-07-12,PROV-380,Secretaría B,6500.0
OC-10159,2019-07-12,PROV-041,Secretaría C,282.35
OC-10160,2019-07-12,PROV-030,Secretaría A,8979.0
OC-10161,2019-07-12,PROV-045,Secretaría A,2757.2
OC-10162,2019-07-12,PROV-100,Secretaría A,2490.0
OC-10163,2019-07-12,PROV-475,Secretaría C,13000.0
OC-10164,2019-07-12,PROV-475,Secretaría C,17000.0
OC-10165,2019-07-12,PROV-207,Secretaría C,4075.96
OC-10166,2019-07-12,PROV-041,Secretaría C,6131.16
OC-10167,2019-07-12,PROV-055,Secretaría H,1920.0
OC-10168,2019-07-12,PROV-041,Secretaría C,5362.57
OC-10169,2019-07-12,PROV-207,Secretaría C,10044.04
OC-10170,2019-07-12,PROV-041,Secretaría C,7005.08
OC-10171,2019-07-12,PROV-041,Secretaría C,693.88
OC-10172,2019-07-12,PROV-059,Secretaría G,1235.0
OC-10173,2019-07-12,PROV-059,Secretaría F,2343.0
OC-10174,2019-07-12,PROV-059,Secretaría C,3162.0
OC-10175,2019-07-12,PROV-041,Secretaría C,3615.15
OC-10176,2019-07-12,PROV-059,Secretaría C,494.0
OC-10177,2019-07-12,PROV-041,Secretaría C,2384.63
OC-10178,2019-07-12,PROV-021,Secretaría G,5600.0
OC-10179,2019-07-12,PROV-009,Secretaría I,48600.0
OC-10180,2019-07-12,PROV-041,Secretaría C,3099.26
OC-10181,2019-07-12,PROV-059,Secretaría J,1482.0
OC-10182,2019-07-15,PROV-020,Secretaría A,6862.0
OC-10183,2019-07-15,PROV-056,Secretaría D,9644.0
OC-10184,2019-07-15,PROV-141,Secretaría A,4154.0
OC-10185,2019-07-15,PROV-141,Secretaría A,576.09
OC-10186,2019-07-15,PROV-105,Secretaría A,1600.0
OC-10187,2019-07-15,PROV-034,Secretaría A,4270.0
OC-10188,2019-07-15,PROV-100,Secretaría A,9680.0
OC-10189,2019-07-15,PROV-020,Secretaría A,2495.52
OC-10190,2019-07-15,PROV-020,Secretaría A,1700.0
OC-10191,2019-07-15,PROV-020,Secretaría A,1910.0
OC-10192,2019-07-15,PROV-074,Secretaría A,2500.0
OC-10193,2019-07-15,PROV-018,Secretaría G,1686.41
OC-10194,2019-07-15,PROV-293,Secretaría E,40200.0
OC-10195,2019-07-15,PROV-141,Secretaría A,1397.5
OC-10196,2019-07-15,PROV-141,Secretaría A,1269.68
OC-10197,2019-07-15,PROV-267,Secretaría C,5200.0
OC-10198,2019-07-15,PROV-034,Secretaría A,4795.0
OC-10199,2019-07-15,PROV-017,Secretaría A,75000.0
OC-10200,2019-07-15,PROV-020,Secretaría A,3029.11
OC-10201,2019-07-15,PROV-034,Secretaría F,880.0
OC-10202,2019-07-15,PROV-057,Secretaría F,4700.0
OC-10203,2019-07-15,PROV-267,Secretaría C,3000.0
OC-10204,2019-07-15,PROV-030,Secretaría A,1033.0
OC-10205,2019-07-15,PROV-123,Secretaría J,1450.0
OC-10206,2019-07-15,PROV-034,Secretaría A,1240.0
OC-10207,2019-07-15,PROV-055,Secretaría B,1560.0
OC-10208,2019-07-15,PROV-123,Secretaría B,2320.0
OC-10209,2019-07-15,PROV-041,Secretaría D,4639.65
OC-10210,2019-07-15,PROV-028,Secretaría B,14225.0
OC-10211,2019-07-15,PROV-131,Secretaría B,8640.0
OC-10212,2019-07-15,PROV-024,Secretaría B,186301.5
OC-10213,2019-07-15,PROV-041,Secretaría A,4050.05
OC-10214,2019-07-15,PROV-055,Secretaría G,1950.0
OC-10215,2019-07-15,PROV-123,Secretaría G,580.0
OC-10216,2019-07-15,PROV-055,Secretaría F,7800.0
OC-10217,2019-07-15,PROV-145,Secretaría B,23655.6
OC-10218,2019-07-15,PROV-024,Secretaría B,162809.8
OC-10219,2019-07-15,PROV-208,Secretaría B,10730.0
OC-10220,2019-07-15,PROV-276,Secretaría B,16995.0
OC-10221,2019-07-15,PROV-108,Secretaría B,16008.0
OC-10222,2019-07-15,PROV-123,Secretaría G,5800.0
OC-10223,2019-07-15,PROV-024,Secretaría B,320237.0
OC-10224,2019-07-15,PROV-058,Secretaría B,144975.0
OC-10225,2019-07-15,PROV-005,Secretaría B,187153.9
OC-10226,2019-07-15,PROV-069,Secretaría B,25227.5
OC-10227,2019-07-15,PROV-055,Secretaría H,5850.0
OC-10228,2019-07-15,PROV-055,Secretaría B,390.0
OC-10229,2019-07-15,PROV-055,Secretaría G,19500.0
OC-10230,2019-07-15,PROV-016,Secretaría B,146750.0
OC-10231,2019-07-15,PROV-055,Secretaría H,3900.0
OC-10232,2019-07-16,PROV-317,Secretaría C,1890.0
OC-10233,2019-07-16,PROV-065,Secretaría B,4150.0
OC-10234,2019-07-16,PROV-483,Secretaría E,1400.0
OC-10235,2019-07-16,PROV-090,Secretaría F,8154.22
OC-10236,2019-07-16,PROV-034,Secretaría B,6800.0
OC-10237,2019-07-16,PROV-175,Secretaría B,1570.0
OC-10238,2019-07-16,PROV-097,Secretaría B,18226.0
OC-10239,2019-07-16,PROV-127,Secretaría B,45360.0
OC-10240,2019-07-16,PROV-170,Secretaría E,3395.23
OC-10241,2019-07-16,PROV-147,Secretaría B,7040.0
OC-10242,2019-07-16,PROV-294,Secretaría B,130000.0
OC-10243,2019-07-16,PROV-182,Secretaría B,130000.0
OC-10244,2019-07-16,PROV-034,Secretaría B,4455.0
OC-10245,2019-07-16,PROV-293,Secretaría E,36000.0
OC-10246,2019-07-16,PROV-534,Secretaría E,7000.0
OC-10247,2019-07-16,PROV-034,Secretaría A,10170.0
OC-10248,2019-07-16,PROV-055,Secretaría G,1240.0
OC-10249,2019-07-16,PROV-127,Secretaría B,19700.0
OC-10250,2019-07-16,PROV-188,Secretaría C,150000.0
OC-10251,2019-07-16,PROV-104,Secretaría B,1640.0
OC-10252,2019-07-16,PROV-550,Secretaría C,12000.0
OC-10253,2019-07-16,PROV-088,Secretaría C,2500.0
OC-10254,2019-07-16,PROV-003,Secretaría G,958.49
OC-10255,2019-07-16,PROV-168,Secretaría A,3690.0
OC-10256,2019-07-16,PROV-003,Secretaría A,6134.1
OC-10257,2019-07-16,PROV-267,Secretaría C,6500.0
OC-10258,2019-07-16,PROV-267,Secretaría C,8400.0
OC-10259,2019-07-16,PROV-228,Secretaría C,108000.0
OC-10260,2019-07-16,PROV-187,Secretaría C,150000.0
OC-10261,2019-07-16,PROV-381,Secretaría C,12000.0
OC-10262,2019-07-16,PROV-023,Secretaría A,10733.0
OC-10263,2019-07-16,PROV-549,Secretaría C,12000.0
OC-10264,2019-07-16,PROV-527,Secretaría C,10000.0
OC-10265,2019-07-16,PROV-557,Secretaría C,11000.0
OC-10266,2019-07-16,PROV-477,Secretaría C,10000.0
OC-10267,2019-07-16,PROV-553,Secretaría C,11500.0
OC-10268,2019-07-16,PROV-104,Secretaría B,1920.0
OC-10269,2019-07-16,PROV-227,Secretaría C,68400.0
OC-10270,2019-07-16,PROV-518,Secretaría C,18000.0
OC-10271,2019-07-17,PROV-033,Secretaría C,33460.0
OC-10272,2019-07-17,PROV-597,Secretaría C,5000.0
OC-10273,2019-07-17,PROV-614,Secretaría C,990.0
OC-10274,2019-07-17,PROV-266,Secretaría E,70000.0
OC-10275,2019-07-17,PROV-414,Secretaría B,1380.0
OC-10276,2019-07-17,PROV-084,Secretaría B,13300.0
OC-10277,2019-07-17,PROV-020,Secretaría A,773.19
OC-10278,2019-07-17,PROV-020,Secretaría A,3460.0
OC-10279,2019-07-17,PROV-020,Secretaría A,765.0
OC-10280,2019-07-17,PROV-074,Secretaría A,1507.0
OC-10281,2019-07-17,PROV-090,Secretaría A,3636.0
OC-10282,2019-07-17,PROV-034,Secretaría A,7020.0
OC-10283,2019-07-17,PROV-034,Secretaría A,1420.0
OC-10284,2019-07-17,PROV-144,Secretaría C,66102.0
OC-10285,2019-07-17,PROV-034,Secretaría A,1985.0
OC-10286,2019-07-17,PROV-020,Secretaría A,5150.0
OC-10287,2019-07-17,PROV-066,Secretaría A,39742.4
OC-10288,2019-07-17,PROV-027,Secretaría D,3556.0
OC-10289,2019-07-17,PROV-464,Secretaría A,21000.0
OC-10290,2019-07-17,PROV-463,Secretaría B,26442.48
OC-10291,2019-07-17,PROV-195,Secretaría B,3999.0
OC-10292,2019-07-17,PROV-002,Secretaría C,260.0
OC-10293,2019-07-17,PROV-009,Secretaría C,16720.0
OC-10294,2019-07-17,PROV-002,Secretaría C,1110.0
OC-10295,2019-07-17,PROV-002,Secretaría C,1650.0
OC-10296,2019-07-17,PROV-246,Secretaría A,68299.4
OC-10297,2019-07-17,PROV-002,Secretaría C,300.0
OC-10298,2019-07-17,PROV-070,Secretaría C,12153.6
OC-10299,2019-07-17,PROV-027,Secretaría H,9446.0
OC-10300,2019-07-17,PROV-092,Secretaría H,19600.0
OC-10301,2019-07-17,PROV-100,Secretaría A,11160.0
OC-10302,2019-07-17,PROV-105,Secretaría A,2879.0
OC-10303,2019-07-17,PROV-121,Secretaría D,9800.0
OC-10304,2019-07-17,PROV-027,Secretaría A,5576.0
OC-10305,2019-07-17,PROV-105,Secretaría A,4500.0
OC-10306,2019-07-18,PROV-027,Secretaría D,18685.0
OC-10307,2019-07-18,PROV-128,Secretaría C,15325.12
OC-10308,2019-07-18,PROV-027,Secretaría H,7024.0
OC-10309,2019-07-18,PROV-027,Secretaría C,7698.0
OC-10310,2019-07-18,PROV-045,Secretaría C,2580.0
OC-10311,2019-07-18,PROV-034,Secretaría A,1100.0
OC-10312,2019-07-18,PROV-045,Secretaría H,10320.0
OC-10313,2019-07-19,PROV-548,Secretaría E,12581.0
OC-10314,2019-07-19,PROV-111,Secretaría C,7875.0
OC-10315,2019-07-19,PROV-202,Secretaría G,45000.0
OC-10316,2019-07-19,PROV-033,Secretaría G,18602.01
OC-10317,2019-07-19,PROV-018,Secretaría G,6242.4
OC-10318,2019-07-19,PROV-023,Secretaría C,17610.0
OC-10319,2019-07-19,PROV-021,Secretaría C,6000.0
OC-10320,2019-07-19,PROV-409,Secretaría J,32000.0
OC-10321,2019-07-19,PROV-027,Secretaría C,7780.0
OC-10322,2019-07-19,PROV-149,Secretaría F,5000.0
OC-10323,2019-07-19,PROV-500,Secretaría B,2800.0
OC-10324,2019-07-19,PROV-356,Secretaría C,2700.0
OC-10325,2019-07-19,PROV-253,Secretaría B,31000.0
OC-10326,2019-07-19,PROV-218,Secretaría D,2850.0
OC-10327,2019-07-19,PROV-218,Secretaría G,3000.0
OC-10328,2019-07-19,PROV-020,Secretaría A,2845.0
OC-10329,2019-07-19,PROV-105,Secretaría A,1763.0
OC-10330,2019-07-19,PROV-020,Secretaría A,13043.75
OC-10331,2019-07-19,PROV-033,Secretaría B,37448.46
OC-10332,2019-07-19,PROV-048,Secretaría A,32050.0
OC-10333,2019-07-19,PROV-040,Secretaría F,13000.0
OC-10334,2019-07-19,PROV-020,Secretaría A,1620.38
OC-10335,2019-07-19,PROV-050,Secretaría D,1802.0
OC-10336,2019-07-19,PROV-021,Secretaría G,810.0
OC-10337,2019-07-19,PROV-025,Secretaría D,4411.12
OC-10338,2019-07-19,PROV-052,Secretaría A,19500.0
OC-10339,2019-07-22,PROV-084,Secretaría B,7250.0
OC-10340,2019-07-22,PROV-055,Secretaría C,1650.0
OC-10341,2019-07-22,PROV-055,Secretaría H,2200.0
OC-10342,2019-07-22,PROV-055,Secretaría C,560.0
OC-10343,2019-07-22,PROV-065,Secretaría C,4300.0
OC-10344,2019-07-22,PROV-059,Secretaría H,1150.0
OC-10345,2019-07-22,PROV-055,Secretaría C,940.0
OC-10346,2019-07-22,PROV-142,Secretaría C,7030.0
OC-10347,2019-07-22,PROV-317,Secretaría B,975.0
OC-10348,2019-07-22,PROV-034,Secretaría A,5130.0
OC-10349,2019-07-22,PROV-022,Secretaría C,4290.0
OC-10350,2019-07-22,PROV-055,Secretaría C,2630.0
OC-10351,2019-07-22,PROV-220,Secretaría C,11900.0
OC-10352,2019-07-22,PROV-055,Secretaría H,10140.0
OC-10353,2019-07-22,PROV-155,Secretaría H,82522.0
OC-10354,2019-07-22,PROV-220,Secretaría C,12500.0
OC-10355,2019-07-22,PROV-521,Secretaría E,2955.0
OC-10356,2019-07-22,PROV-083,Secretaría C,4241.96
OC-10357,2019-07-22,PROV-104,Secretaría F,2320.0
OC-10358,2019-07-22,PROV-030,Secretaría E,1180.0
OC-10359,2019-07-22,PROV-361,Secretaría F,5250.0
OC-10360,2019-07-22,PROV-222,Secretaría B,3154.0
OC-10361,2019-07-22,PROV-087,Secretaría B,2616.0
OC-10362,2019-07-22,PROV-068,Secretaría B,88792.0
OC-10363,2019-07-22,PROV-218,Secretaría B,17540.0
OC-10364,2019-07-22,PROV-404,Secretaría G,3500.0
OC-10365,2019-07-22,PROV-041,Secretaría E,4175.71
OC-10366,2019-07-23,PROV-482,Secretaría C,3000.0
OC-10367,2019-07-23,PROV-135,Secretaría D,4800.0
OC-10368,2019-07-23,PROV-040,Secretaría C,48400.0
OC-10369,2019-07-23,PROV-447,Secretaría C,5000.0
OC-10370,2019-07-23,PROV-104,Secretaría B,824.0
OC-10371,2019-07-23,PROV-598,Secretaría C,5000.0
OC-10372,2019-07-23,PROV-027,Secretaría I,3484.0
OC-10373,2019-07-23,PROV-163,Secretaría B,120000.0
OC-10374,2019-07-23,PROV-192,Secretaría B,83000.0
OC-10375,2019-07-23,PROV-095,Secretaría B,4060.0
OC-10376,2019-07-23,PROV-467,Secretaría C,8500.0
OC-10377,2019-07-23,PROV-068,Secretaría B,76800.0
OC-10378,2019-07-23,PROV-024,Secretaría B,8400.0
OC-10379,2019-07-23,PROV-020,Secretaría D,7475.0
OC-10380,2019-07-23,PROV-020,Secretaría D,2387.23
OC-10381,2019-07-23,PROV-155,Secretaría H,95251.2
OC-10382,2019-07-23,PROV-020,Secretaría A,29036.0
OC-10383,2019-07-23,PROV-022,Secretaría C,1720.0
OC-10384,2019-07-23,PROV-045,Secretaría F,26600.0
OC-10385,2019-07-23,PROV-052,Secretaría A,103350.0
OC-10386,2019-07-23,PROV-105,Secretaría D,7125.0
OC-10387,2019-07-23,PROV-009,Secretaría H,9662.0
OC-10388,2019-07-23,PROV-034,Secretaría F,35930.0
OC-10389,2019-07-23,PROV-127,Secretaría B,7926.0
OC-10390,2019-07-23,PROV-003,Secretaría C,13076.03
OC-10391,2019-07-24,PROV-027,Secretaría D,53284.0
OC-10392,2019-07-24,PROV-062,Secretaría B,13324.52
OC-10393,2019-07-24,PROV-114,Secretaría D,7535.93
OC-10394,2019-07-24,PROV-104,Secretaría C,12580.0
OC-10395,2019-07-24,PROV-178,Secretaría C,21485.0
OC-10396,2019-07-24,PROV-027,Secretaría G,9897.0
OC-10397,2019-07-24,PROV-027,Secretaría D,3920.0
OC-10398,2019-07-24,PROV-070,Secretaría E,24852.5
OC-10399,2019-07-24,PROV-045,Secretaría C,7165.52
OC-10400,2019-07-24,PROV-102,Secretaría C,25000.0
OC-10401,2019-07-24,PROV-505,Secretaría C,6500.0
OC-10402,2019-07-24,PROV-023,Secretaría E,6710.0
OC-10403,2019-07-24,PROV-018,Secretaría B,17519.52
OC-10404,2019-07-24,PROV-059,Secretaría H,3320.0
OC-10405,2019-07-24,PROV-265,Secretaría B,8080.0
OC-10406,2019-07-24,PROV-114,Secretaría C,7456.2
OC-10407,2019-07-24,PROV-027,Secretaría A,87200.0
OC-10408,2019-07-24,PROV-018,Secretaría C,46730.01
OC-10409,2019-07-24,PROV-027,Secretaría A,65400.0
OC-10410,2019-07-24,PROV-027,Secretaría A,98341.0
OC-10411,2019-07-24,PROV-058,Secretaría B,50855.0
OC-10412,2019-07-24,PROV-021,Secretaría G,277.0
OC-10413,2019-07-24,PROV-021,Secretaría B,24090.0
OC-10414,2019-07-24,PROV-027,Secretaría A,15367.0
OC-10415,2019-07-24,PROV-027,Secretaría D,11454.36
OC-10416,2019-07-24,PROV-027,Secretaría A,71940.0
OC-10417,2019-07-24,PROV-027,Secretaría A,50140.0
OC-10418,2019-07-24,PROV-027,Secretaría A,17440.0
OC-10419,2019-07-24,PROV-027,Secretaría A,4360.0
OC-10420,2019-07-24,PROV-027,Secretaría A,41420.0
OC-10421,2019-07-24,PROV-027,Secretaría A,23980.0
OC-10422,2019-07-24,PROV-027,Secretaría A,26160.0
OC-10423,2019-07-24,PROV-027,Secretaría D,43600.0
OC-10424,2019-07-24,PROV-027,Secretaría D,15260.0
OC-10425,2019-07-24,PROV-027,Secretaría A,37060.0
OC-10426,2019-07-24,PROV-027,Secretaría A,10900.0
OC-10427,2019-07-25,PROV-121,Secretaría E,3500.0
OC-10428,2019-07-25,PROV-317,Secretaría C,12345.0
OC-10429,2019-07-25,PROV-128,Secretaría C,5307.04
OC-10430,2019-07-25,PROV-034,Secretaría A,1870.0
OC-10431,2019-07-25,PROV-477,Secretaría E,20000.0
OC-10432,2019-07-25,PROV-362,Secretaría E,36000.0
OC-10433,2019-07-25,PROV-045,Secretaría E,1834.7
OC-10434,2019-07-25,PROV-485,Secretaría E,10000.0
OC-10435,2019-07-25,PROV-017,Secretaría E,38219.4
OC-10436,2019-07-25,PROV-114,Secretaría B,8211.92
OC-10437,2019-07-25,PROV-346,Secretaría J,7200.0
OC-10438,2019-07-25,PROV-345,Secretaría E,30000.0
OC-10439,2019-07-25,PROV-033,Secretaría D,26629.0
OC-10440,2019-07-25,PROV-274,Secretaría E,30000.0
OC-10441,2019-07-25,PROV-040,Secretaría E,24500.0
OC-10442,2019-07-25,PROV-087,Secretaría B,24610.0
OC-10443,2019-07-25,PROV-533,Secretaría E,15000.0
OC-10444,2019-07-25,PROV-024,Secretaría B,1778.0
OC-10445,2019-07-25,PROV-281,Secretaría E,11495.0
OC-10446,2019-07-25,PROV-122,Secretaría B,43600.0
OC-10447,2019-07-25,PROV-200,Secretaría E,15149.0
OC-10448,2019-07-25,PROV-027,Secretaría F,22450.0
OC-10449,2019-07-25,PROV-034,Secretaría A,3900.0
OC-10450,2019-07-25,PROV-393,Secretaría E,8400.0
OC-10451,2019-07-25,PROV-017,Secretaría B,1396.8
OC-10452,2019-07-25,PROV-020,Secretaría A,1766.11
OC-10453,2019-07-25,PROV-040,Secretaría E,41000.0
OC-10454,2019-07-25,PROV-020,Secretaría A,1044.0
OC-10455,2019-07-25,PROV-020,Secretaría A,1510.84
OC-10456,2019-07-25,PROV-020,Secretaría A,8205.0
OC-10457,2019-07-25,PROV-020,Secretaría A,4985.36
OC-10458,2019-07-25,PROV-003,Secretaría B,1079.65
OC-10459,2019-07-25,PROV-020,Secretaría A,1547.03
OC-10460,2019-07-25,PROV-252,Secretaría A,16200.0
OC-10461,2019-07-25,PROV-027,Secretaría D,1647.0
OC-10462,2019-07-25,PROV-027,Secretaría D,3294.0
OC-10463,2019-07-25,PROV-033,Secretaría C,16580.0
OC-10464,2019-07-25,PROV-034,Secretaría A,3455.0
OC-10465,2019-07-25,PROV-122,Secretaría C,344500.0
OC-10466,2019-07-25,PROV-027,Secretaría D,1960.0
OC-10467,2019-07-25,PROV-020,Secretaría A,1275.39
OC-10468,2019-07-26,PROV-030,Secretaría C,1370.0
OC-10469,2019-07-26,PROV-050,Secretaría C,4110.0
OC-10470,2019-07-26,PROV-055,Secretaría F,3030.0
OC-10471,2019-07-26,PROV-360,Secretaría C,1560.0
OC-10472,2019-07-26,PROV-041,Secretaría B,1706.09
OC-10473,2019-07-26,PROV-027,Secretaría D,1036.0
OC-10474,2019-07-26,PROV-077,Secretaría C,4320.0
OC-10475,2019-07-26,PROV-017,Secretaría C,1710.1
OC-10476,2019-07-26,PROV-190,Secretaría E,75000.0
OC-10477,2019-07-26,PROV-055,Secretaría F,22129.8
OC-10478,2019-07-26,PROV-361,Secretaría F,4200.0
OC-10479,2019-07-26,PROV-084,Secretaría H,2400.0
OC-10480,2019-07-26,PROV-555,Secretaría E,6000.0
OC-10481,2019-07-26,PROV-045,Secretaría C,527.22
OC-10482,2019-07-26,PROV-482,Secretaría G,8000.0
OC-10483,2019-07-26,PROV-567,Secretaría E,1600.0
OC-10484,2019-07-26,PROV-039,Secretaría A,42000.0
OC-10485,2019-07-26,PROV-285,Secretaría A,38478.0
OC-10486,2019-07-26,PROV-232,Secretaría E,19799.0
OC-10487,2019-07-26,PROV-012,Secretaría E,5342.01
OC-10488,2019-07-26,PROV-390,Secretaría E,16200.0
OC-10489,2019-07-26,PROV-034,Secretaría A,1360.0
OC-10490,2019-07-26,PROV-034,Secretaría A,1220.0
OC-10491,2019-07-26,PROV-034,Secretaría A,2105.0
OC-10492,2019-07-26,PROV-084,Secretaría C,4680.0
OC-10493,2019-07-26,PROV-045,Secretaría D,4898.36
OC-10494,2019-07-26,PROV-020,Secretaría A,2302.34
OC-10495,2019-07-26,PROV-315,Secretaría C,105600.0
OC-10496,2019-07-26,PROV-441,Secretaría A,13510.5
OC-10497,2019-07-26,PROV-045,Secretaría D,3740.0
OC-10498,2019-07-26,PROV-105,Secretaría A,2780.0
OC-10499,2019-07-26,PROV-020,Secretaría A,1790.0
OC-10500,2019-07-29,PROV-124,Secretaría C,15040.0
OC-10501,2019-07-29,PROV-064,Secretaría A,30690.0
OC-10502,2019-07-29,PROV-285,Secretaría A,19360.0
OC-10503,2019-07-29,PROV-007,Secretaría C,74300.0
OC-10504,2019-07-29,PROV-007,Secretaría C,50920.0
OC-10505,2019-07-29,PROV-007,Secretaría B,4600.0
OC-10506,2019-07-29,PROV-007,Secretaría B,121415.0
OC-10507,2019-07-29,PROV-007,Secretaría B,24000.0
OC-10508,2019-07-29,PROV-007,Secretaría C,33600.0
OC-10509,2019-07-29,PROV-007,Secretaría C,31130.0
OC-10510,2019-07-29,PROV-007,Secretaría C,34500.0
OC-10511,2019-07-29,PROV-007,Secretaría C,9000.0
OC-10512,2019-07-29,PROV-287,Secretaría E,75559.96
OC-10513,2019-07-29,PROV-142,Secretaría C,1700.0
OC-10514,2019-07-29,PROV-080,Secretaría D,3790.23
OC-10515,2019-07-29,PROV-128,Secretaría B,60254.39
OC-10516,2019-07-29,PROV-001,Secretaría E,1823.0
OC-10517,2019-07-29,PROV-466,Secretaría E,1480.0
OC-10518,2019-07-29,PROV-087,Secretaría B,500.0
OC-10519,2019-07-29,PROV-027,Secretaría B,1492.0
OC-10520,2019-07-29,PROV-157,Secretaría E,2360.0
OC-10521,2019-07-29,PROV-040,Secretaría E,13400.0
OC-10522,2019-07-29,PROV-113,Secretaría E,1444.7
OC-10523,2019-07-29,PROV-025,Secretaría D,49126.0
OC-10524,2019-07-29,PROV-045,Secretaría F,1550.42
OC-10525,2019-07-29,PROV-030,Secretaría F,20300.0
OC-10526,2019-07-29,PROV-025,Secretaría D,87422.5
OC-10527,2019-07-30,PROV-002,Secretaría C,2124.75
OC-10528,2019-07-30,PROV-002,Secretaría C,49071.06
OC-10529,2019-07-30,PROV-002,Secretaría C,7460.75
OC-10530,2019-07-30,PROV-002,Secretaría C,40011.55
OC-10531,2019-07-30,PROV-002,Secretaría C,5585.45
OC-10532,2019-07-30,PROV-002,Secretaría C,270117.5
OC-10533,2019-07-30,PROV-002,Secretaría B,56741.5
OC-10534,2019-07-30,PROV-002,Secretaría B,3777.55
OC-10535,2019-07-30,PROV-002,Secretaría C,3322.5
OC-10536,2019-07-30,PROV-370,Secretaría D,6352.5
OC-10537,2019-07-30,PROV-002,Secretaría C,65684.7
OC-10538,2019-07-30,PROV-002,Secretaría C,11308.0
OC-10539,2019-07-30,PROV-002,Secretaría C,13073.2
OC-10540,2019-07-30,PROV-062,Secretaría B,2516.8
OC-10541,2019-07-30,PROV-055,Secretaría H,9750.0
OC-10542,2019-07-30,PROV-479,Secretaría E,1320.0
OC-10543,2019-07-30,PROV-055,Secretaría B,585.0
OC-10544,2019-07-30,PROV-059,Secretaría B,771.0
OC-10545,2019-07-30,PROV-059,Secretaría B,2056.0
OC-10546,2019-07-30,PROV-002,Secretaría C,5091.0
OC-10547,2019-07-30,PROV-494,Secretaría E,5500.0
OC-10548,2019-07-30,PROV-059,Secretaría C,1285.0
OC-10549,2019-07-30,PROV-289,Secretaría F,23467.64
OC-10550,2019-07-30,PROV-223,Secretaría H,97500.0
OC-10551,2019-07-30,PROV-011,Secretaría C,66421.0
OC-10552,2019-07-30,PROV-011,Secretaría C,47310.0
OC-10553,2019-07-30,PROV-011,Secretaría B,40200.0
OC-10554,2019-07-30,PROV-011,Secretaría B,70848.0
OC-10555,2019-07-30,PROV-011,Secretaría B,2864.0
OC-10556,2019-07-30,PROV-011,Secretaría C,21137.0
OC-10557,2019-07-30,PROV-011,Secretaría C,5741.0
OC-10558,2019-07-30,PROV-026,Secretaría A,73000.0
OC-10559,2019-07-30,PROV-011,Secretaría C,8631.0
OC-10560,2019-07-30,PROV-086,Secretaría B,1370.0
OC-10561,2019-07-30,PROV-148,Secretaría A,122210.0
OC-10562,2019-07-30,PROV-288,Secretaría F,23467.64
OC-10563,2019-07-30,PROV-084,Secretaría F,4200.0
OC-10564,2019-07-30,PROV-002,Secretaría C,6720.0
OC-10565,2019-07-30,PROV-170,Secretaría E,29900.0
OC-10566,2019-07-30,PROV-162,Secretaría A,5203.0
OC-10567,2019-07-30,PROV-211,Secretaría C,3800.0
OC-10568,2019-07-30,PROV-023,Secretaría C,5110.0
OC-10569,2019-07-30,PROV-195,Secretaría B,26800.0
OC-10570,2019-07-30,PROV-088,Secretaría C,15800.0
OC-10571,2019-07-31,PROV-020,Secretaría A,33373.33
OC-10572,2019-07-31,PROV-275,Secretaría A,6000.0
OC-10573,2019-07-31,PROV-033,Secretaría A,3726.0
OC-10574,2019-07-31,PROV-193,Secretaría C,15360.0
OC-10575,2019-07-31,PROV-211,Secretaría C,1300.0
OC-10576,2019-07-31,PROV-128,Secretaría B,2210.11
OC-10577,2019-07-31,PROV-059,Secretaría H,2776.0
OC-10578,2019-07-31,PROV-059,Secretaría G,1275.0
OC-10579,2019-07-31,PROV-021,Secretaría G,1180.0
OC-10580,2019-07-31,PROV-021,Secretaría H,5100.0
OC-10581,2019-07-31,PROV-086,Secretaría B,144050.0
OC-10582,2019-07-31,PROV-034,Secretaría A,20340.0
OC-10583,2019-07-31,PROV-059,Secretaría H,1198.0
OC-10584,2019-07-31,PROV-086,Secretaría C,52900.0
OC-10585,2019-07-31,PROV-452,Secretaría A,2000.0
OC-10586,2019-07-31,PROV-397,Secretaría E,38000.0
OC-10587,2019-07-31,PROV-055,Secretaría D,5900.0
OC-10588,2019-07-31,PROV-392,Secretaría G,41088.0
OC-10589,2019-07-31,PROV-211,Secretaría C,11200.0
OC-10590,2019-07-31,PROV-320,Secretaría B,2075.0
OC-10591,2019-07-31,PROV-020,Secretaría A,2784.0
OC-10592,2019-07-31,PROV-088,Secretaría I,8200.0
OC-10593,2019-07-31,PROV-083,Secretaría B,3920.0
OC-10594,2019-07-31,PROV-281,Secretaría C,4840.0
OC-10595,2019-07-31,PROV-286,Secretaría C,135000.0
OC-10596,2019-07-31,PROV-580,Secretaría E,2400.0
OC-10597,2019-07-31,PROV-387,Secretaría D,27588.0
OC-10598,2019-07-31,PROV-056,Secretaría D,16736.05
OC-10599,2019-07-31,PROV-034,Secretaría A,1395.0
OC-10600,2019-08-01,PROV-020,Secretaría A,970.85
OC-10601,2019-08-01,PROV-280,Secretaría B,126900.0
OC-10602,2019-08-01,PROV-023,Secretaría C,800.0
OC-10603,2019-08-01,PROV-050,Secretaría D,1410.0
OC-10604,2019-08-01,PROV-379,Secretaría C,13470.0
OC-10605,2019-08-01,PROV-017,Secretaría C,7684.75
OC-10606,2019-08-01,PROV-020,Secretaría A,4074.14
OC-10607,2019-08-01,PROV-020,Secretaría A,3980.0
OC-10608,2019-08-01,PROV-020,Secretaría A,2429.39
OC-10609,2019-08-01,PROV-030,Secretaría A,5660.0
OC-10610,2019-08-01,PROV-218,Secretaría A,2830.0
OC-10611,2019-08-01,PROV-218,Secretaría C,550.0
OC-10612,2019-08-01,PROV-034,Secretaría A,1270.0
OC-10613,2019-08-01,PROV-105,Secretaría A,2525.0
OC-10614,2019-08-01,PROV-105,Secretaría A,2205.0
OC-10615,2019-08-01,PROV-105,Secretaría A,1699.0
OC-10616,2019-08-01,PROV-057,Secretaría A,145400.0
OC-10617,2019-08-01,PROV-502,Secretaría C,16760.0
OC-10618,2019-08-01,PROV-010,Secretaría F,97200.0
OC-10619,2019-08-01,PROV-020,Secretaría A,1641.11
OC-10620,2019-08-01,PROV-001,Secretaría C,26250.0
OC-10621,2019-08-01,PROV-029,Secretaría D,420176.54
OC-10622,2019-08-01,PROV-105,Secretaría A,2943.5
OC-10623,2019-08-01,PROV-194,Secretaría B,11272.0
OC-10624,2019-08-01,PROV-109,Secretaría C,16153.9
OC-10625,2019-08-01,PROV-109,Secretaría C,8445.0
OC-10626,2019-08-01,PROV-109,Secretaría C,4189.5
OC-10627,2019-08-01,PROV-109,Secretaría C,3377.0
OC-10628,2019-08-01,PROV-020,Secretaría A,5531.13
OC-10629,2019-08-01,PROV-041,Secretaría C,26615.22
OC-10630,2019-08-01,PROV-087,Secretaría B,9440.0
OC-10631,2019-08-01,PROV-156,Secretaría B,53000.0
OC-10632,2019-08-01,PROV-354,Secretaría B,80000.0
OC-10633,2019-08-01,PROV-109,Secretaría B,1035.0
OC-10634,2019-08-01,PROV-264,Secretaría B,80000.0
OC-10635,2019-08-01,PROV-303,Secretaría D,120000.0
OC-10636,2019-08-01,PROV-103,Secretaría C,3600.0
OC-10637,2019-08-01,PROV-041,Secretaría C,26014.8
OC-10638,2019-08-01,PROV-104,Secretaría B,5200.0
OC-10639,2019-08-01,PROV-030,Secretaría A,2148.0
OC-10640,2019-08-01,PROV-273,Secretaría B,47500.0
OC-10641,2019-08-01,PROV-216,Secretaría B,80000.0
OC-10642,2019-08-01,PROV-160,Secretaría B,90000.0
OC-10643,2019-08-01,PROV-269,Secretaría B,50000.0
OC-10644,2019-08-02,PROV-003,Secretaría G,5101.69
OC-10645,2019-08-02,PROV-224,Secretaría A,22630.63
OC-10646,2019-08-02,PROV-285,Secretaría A,23940.0
OC-10647,2019-08-02,PROV-059,Secretaría D,3624.0
OC-10648,2019-08-02,PROV-059,Secretaría D,3596.0
OC-10649,2019-08-02,PROV-059,Secretaría C,4832.0
OC-10650,2019-08-02,PROV-466,Secretaría E,370.0
OC-10651,2019-08-02,PROV-157,Secretaría E,590.0
OC-10652,2019-08-02,PROV-372,Secretaría C,1499.5
OC-10653,2019-08-02,PROV-084,Secretaría B,20800.0
OC-10654,2019-08-02,PROV-105,Secretaría A,2073.0
OC-10655,2019-08-02,PROV-020,Secretaría A,8373.63
OC-10656,2019-08-02,PROV-364,Secretaría B,13272.48
OC-10657,2019-08-02,PROV-020,Secretaría A,6813.7
OC-10658,2019-08-02,PROV-009,Secretaría A,169750.0
OC-10659,2019-08-02,PROV-042,Secretaría B,26000.0
OC-10660,2019-08-02,PROV-042,Secretaría C,90000.0
OC-10661,2019-08-02,PROV-041,Secretaría C,52345.88
OC-10662,2019-08-02,PROV-105,Secretaría A,1200.0
OC-10663,2019-08-02,PROV-100,Secretaría D,820.0
OC-10664,2019-08-05,PROV-020,Secretaría A,14560.0
OC-10665,2019-08-05,PROV-379,Secretaría B,53200.0
OC-10666,2019-08-05,PROV-195,Secretaría A,2399.0
OC-10667,2019-08-05,PROV-020,Secretaría A,1613.37
OC-10668,2019-08-05,PROV-020,Secretaría A,6055.46
OC-10669,2019-08-05,PROV-020,Secretaría A,6779.0
OC-10670,2019-08-05,PROV-002,Secretaría C,4778.0
OC-10671,2019-08-05,PROV-002,Secretaría G,2595.0
OC-10672,2019-08-05,PROV-002,Secretaría G,1969.5
OC-10673,2019-08-05,PROV-002,Secretaría C,5122.0
OC-10674,2019-08-05,PROV-002,Secretaría C,6456.25
OC-10675,2019-08-05,PROV-002,Secretaría C,82752.5
OC-10676,2019-08-05,PROV-034,Secretaría F,17205.0
OC-10677,2019-08-05,PROV-027,Secretaría A,17960.0
OC-10678,2019-08-05,PROV-084,Secretaría B,7200.0
OC-10679,2019-08-05,PROV-055,Secretaría F,2800.0
OC-10680,2019-08-05,PROV-041,Secretaría C,2265.8
OC-10681,2019-08-05,PROV-023,Secretaría C,2300.0
OC-10682,2019-08-05,PROV-041,Secretaría C,13749.89
OC-10683,2019-08-05,PROV-041,Secretaría C,4832.78
OC-10684,2019-08-05,PROV-005,Secretaría B,181611.6
OC-10685,2019-08-05,PROV-008,Secretaría B,51909.0
OC-10686,2019-08-05,PROV-069,Secretaría B,39770.0
OC-10687,2019-08-05,PROV-024,Secretaría B,61090.0
OC-10688,2019-08-05,PROV-041,Secretaría C,21107.35
OC-10689,2019-08-05,PROV-276,Secretaría B,83100.0
OC-10690,2019-08-05,PROV-041,Secretaría C,9105.08
OC-10691,2019-08-05,PROV-041,Secretaría C,2651.09
OC-10692,2019-08-05,PROV-041,Secretaría G,5438.61
OC-10693,2019-08-05,PROV-041,Secretaría C,6388.72
OC-10694,2019-08-05,PROV-150,Secretaría B,8917.0
OC-10695,2019-08-06,PROV-017,Secretaría D,10890.55
OC-10696,2019-08-06,PROV-114,Secretaría D,12806.5
OC-10697,2019-08-06,PROV-017,Secretaría C,25075.1
OC-10698,2019-08-06,PROV-090,Secretaría A,6258.5
OC-10699,2019-08-06,PROV-090,Secretaría A,4011.04
OC-10700,2019-08-06,PROV-105,Secretaría A,720.0
OC-10701,2019-08-06,PROV-017,Secretaría A,30845.0
OC-10702,2019-08-06,PROV-077,Secretaría D,6670.0
OC-10703,2019-08-06,PROV-063,Secretaría A,13658.02
OC-10704,2019-08-06,PROV-041,Secretaría A,5237.78
OC-10705,2019-08-06,PROV-041,Secretaría C,5929.74
OC-10706,2019-08-06,PROV-041,Secretaría F,7007.67
OC-10707,2019-08-06,PROV-390,Secretaría C,3840.0
OC-10708,2019-08-06,PROV-149,Secretaría F,1300.0
OC-10709,2019-08-06,PROV-218,Secretaría B,5840.0
OC-10710,2019-08-06,PROV-006,Secretaría A,4334148.76
OC-10711,2019-08-06,PROV-021,Secretaría G,5469.0
OC-10712,2019-08-06,PROV-003,Secretaría A,1145000.0
OC-10713,2019-08-06,PROV-024,Secretaría B,65789.0
OC-10714,2019-08-06,PROV-008,Secretaría B,19220.0
OC-10715,2019-08-06,PROV-095,Secretaría B,2081.28
OC-10716,2019-08-06,PROV-108,Secretaría B,63703.0
OC-10717,2019-08-06,PROV-078,Secretaría B,17300.0
OC-10718,2019-08-06,PROV-276,Secretaría B,34318.0
OC-10719,2019-08-06,PROV-016,Secretaría B,42256.0
OC-10720,2019-08-06,PROV-328,Secretaría B,96320.0
OC-10721,2019-08-06,PROV-010,Secretaría B,11747.5
OC-10722,2019-08-06,PROV-041,Secretaría C,6686.36
OC-10723,2019-08-06,PROV-041,Secretaría A,8538.2
OC-10724,2019-08-06,PROV-069,Secretaría B,935.0
OC-10725,2019-08-07,PROV-034,Secretaría A,5155.0
OC-10726,2019-08-07,PROV-169,Secretaría G,3520.0
OC-10727,2019-08-07,PROV-416,Secretaría F,9720.0
OC-10728,2019-08-07,PROV-483,Secretaría C,5750.0
OC-10729,2019-08-07,PROV-034,Secretaría A,815.0
OC-10730,2019-08-07,PROV-034,Secretaría A,2460.0
OC-10731,2019-08-07,PROV-034,Secretaría A,2060.0
OC-10732,2019-08-07,PROV-020,Secretaría A,7880.0
OC-10733,2019-08-07,PROV-383,Secretaría A,2480.0
OC-10734,2019-08-07,PROV-272,Secretaría A,7370.0
OC-10735,2019-08-07,PROV-052,Secretaría A,24336.0
OC-10736,2019-08-07,PROV-034,Secretaría A,3415.0
OC-10737,2019-08-07,PROV-020,Secretaría A,3239.33
OC-10738,2019-08-07,PROV-030,Secretaría A,2236.0
OC-10739,2019-08-07,PROV-135,Secretaría A,580.0
OC-10740,2019-08-07,PROV-213,Secretaría G,1180.0
OC-10741,2019-08-07,PROV-272,Secretaría A,7500.0
OC-10742,2019-08-07,PROV-380,Secretaría F,10700.0
OC-10743,2019-08-07,PROV-001,Secretaría J,2208.0
OC-10744,2019-08-07,PROV-024,Secretaría C,55660.0
OC-10745,2019-08-07,PROV-020,Secretaría A,2392.42
OC-10746,2019-08-07,PROV-161,Secretaría A,68730.0
OC-10747,2019-08-07,PROV-050,Secretaría D,640.0
OC-10748,2019-08-07,PROV-176,Secretaría D,9942.0
OC-10749,2019-08-07,PROV-114,Secretaría D,2698.41
OC-10750,2019-08-07,PROV-218,Secretaría J,1000.0
OC-10751,2019-08-07,PROV-001,Secretaría C,8216.5
OC-10752,2019-08-07,PROV-220,Secretaría C,13950.0
OC-10753,2019-08-07,PROV-100,Secretaría D,1171.0
OC-10754,2019-08-07,PROV-017,Secretaría E,2244.09
OC-10755,2019-08-07,PROV-146,Secretaría E,38400.0
OC-10756,2019-08-07,PROV-088,Secretaría I,34670.0
OC-10757,2019-08-07,PROV-088,Secretaría I,19500.0
OC-10758,2019-08-07,PROV-088,Secretaría I,35660.0
OC-10759,2019-08-07,PROV-223,Secretaría E,18150.0
OC-10760,2019-08-07,PROV-389,Secretaría B,2000.0
OC-10761,2019-08-07,PROV-257,Secretaría E,6500.0
OC-10762,2019-08-08,PROV-009,Secretaría I,18630.0
OC-10763,2019-08-08,PROV-009,Secretaría C,12420.0
OC-10764,2019-08-08,PROV-009,Secretaría A,240120.0
OC-10765,2019-08-08,PROV-009,Secretaría A,161460.0
OC-10766,2019-08-08,PROV-009,Secretaría A,120060.0
OC-10767,2019-08-08,PROV-009,Secretaría A,78660.0
OC-10768,2019-08-08,PROV-010,Secretaría F,21145.5
OC-10769,2019-08-08,PROV-009,Secretaría A,7452.0
OC-10770,2019-08-08,PROV-462,Secretaría C,33379.05
OC-10771,2019-08-08,PROV-010,Secretaría A,267843.0
OC-10772,2019-08-08,PROV-010,Secretaría A,173863.0
OC-10773,2019-08-08,PROV-010,Secretaría I,48389.0
OC-10774,2019-08-08,PROV-010,Secretaría A,162115.5
OC-10775,2019-08-08,PROV-009,Secretaría D,4968.0
OC-10776,2019-08-08,PROV-050,Secretaría C,1660.0
OC-10777,2019-08-08,PROV-442,Secretaría C,1200.0
OC-10778,2019-08-08,PROV-140,Secretaría A,6600.0
OC-10779,2019-08-08,PROV-414,Secretaría C,1288.0
OC-10780,2019-08-08,PROV-083,Secretaría B,17795.96
OC-10781,2019-08-08,PROV-234,Secretaría B,34250.0
OC-10782,2019-08-08,PROV-020,Secretaría A,18843.3
OC-10783,2019-08-08,PROV-017,Secretaría B,1313.4
OC-10784,2019-08-08,PROV-017,Secretaría B,1156.0
OC-10785,2019-08-08,PROV-084,Secretaría G,3400.0
OC-10786,2019-08-08,PROV-561,Secretaría C,3500.0
OC-10787,2019-08-08,PROV-010,Secretaría D,32893.0
OC-10788,2019-08-08,PROV-321,Secretaría C,102200.0
OC-10789,2019-08-08,PROV-272,Secretaría A,1600.0
OC-10790,2019-08-08,PROV-265,Secretaría B,5913.87
OC-10791,2019-08-08,PROV-333,Secretaría B,36300.0
OC-10792,2019-08-08,PROV-009,Secretaría B,72525.0
OC-10793,2019-08-08,PROV-222,Secretaría B,6378.0
OC-10794,2019-08-08,PROV-010,Secretaría I,46990.0
OC-10795,2019-08-08,PROV-010,Secretaría A,37592.0
OC-10796,2019-08-08,PROV-010,Secretaría F,42291.0
OC-10797,2019-08-08,PROV-010,Secretaría D,131572.0
OC-10798,2019-08-08,PROV-141,Secretaría A,4284.08
OC-10799,2019-08-08,PROV-149,Secretaría F,8620.0
OC-10800,2019-08-08,PROV-149,Secretaría F,6400.0
OC-10801,2019-08-08,PROV-034,Secretaría F,9300.0
OC-10802,2019-08-08,PROV-141,Secretaría A,1470.3
OC-10803,2019-08-08,PROV-141,Secretaría A,680.0
OC-10804,2019-08-08,PROV-020,Secretaría A,2554.61
OC-10805,2019-08-08,PROV-020,Secretaría A,7921.89
OC-10806,2019-08-08,PROV-017,Secretaría A,44895.0
OC-10807,2019-08-08,PROV-010,Secretaría D,14097.0
OC-10808,2019-08-08,PROV-546,Secretaría A,4719.0
OC-10809,2019-08-08,PROV-546,Secretaría D,7139.0
OC-10810,2019-08-08,PROV-113,Secretaría D,8558.53
OC-10811,2019-08-08,PROV-010,Secretaría E,12747.5
OC-10812,2019-08-08,PROV-010,Secretaría F,87980.0
OC-10813,2019-08-08,PROV-104,Secretaría A,10750.0
OC-10814,2019-08-08,PROV-010,Secretaría A,17596.0
OC-10815,2019-08-08,PROV-010,Secretaría A,70485.0
OC-10816,2019-08-08,PROV-010,Secretaría F,79182.0
OC-10817,2019-08-08,PROV-010,Secretaría E,12217.4
OC-10818,2019-08-08,PROV-023,Secretaría A,21440.0
OC-10819,2019-08-08,PROV-010,Secretaría B,10997.5
OC-10820,2019-08-08,PROV-010,Secretaría C,1759.6
OC-10821,2019-08-08,PROV-010,Secretaría B,26394.0
OC-10822,2019-08-08,PROV-010,Secretaría F,234950.0
OC-10823,2019-08-08,PROV-010,Secretaría A,15396.5
OC-10824,2019-08-08,PROV-010,Secretaría A,7918.2
OC-10825,2019-08-08,PROV-010,Secretaría A,6598.5
OC-10826,2019-08-08,PROV-010,Secretaría A,24194.5
OC-10827,2019-08-08,PROV-010,Secretaría D,8798.0
OC-10828,2019-08-08,PROV-010,Secretaría D,5278.8
OC-10829,2019-08-08,PROV-010,Secretaría C,13197.0
OC-10830,2019-08-09,PROV-207,Secretaría C,8436.32
OC-10831,2019-08-09,PROV-300,Secretaría C,60000.0
OC-10832,2019-08-09,PROV-364,Secretaría B,60000.0
OC-10833,2019-08-09,PROV-049,Secretaría B,21038.34
OC-10834,2019-08-09,PROV-049,Secretaría B,1272.19
OC-10835,2019-08-09,PROV-003,Secretaría B,1997.6
OC-10836,2019-08-09,PROV-265,Secretaría B,906.0
OC-10837,2019-08-09,PROV-053,Secretaría C,64800.0
OC-10838,2019-08-09,PROV-267,Secretaría C,33000.0
OC-10839,2019-08-09,PROV-050,Secretaría E,4875.0
OC-10840,2019-08-09,PROV-101,Secretaría B,150000.0
OC-10841,2019-08-09,PROV-055,Secretaría F,1940.0
OC-10842,2019-08-09,PROV-229,Secretaría B,30000.0
OC-10843,2019-08-09,PROV-124,Secretaría B,2430.0
OC-10844,2019-08-09,PROV-003,Secretaría C,18329.96
OC-10845,2019-08-09,PROV-359,Secretaría B,30000.0
OC-10846,2019-08-09,PROV-047,Secretaría F,4045.0
OC-10847,2019-08-09,PROV-247,Secretaría C,51000.0
OC-10848,2019-08-09,PROV-250,Secretaría C,49500.0
OC-10849,2019-08-09,PROV-249,Secretaría C,51000.0
OC-10850,2019-08-09,PROV-299,Secretaría C,60000.0
OC-10851,2019-08-09,PROV-484,Secretaría C,28000.0
OC-10852,2019-08-09,PROV-200,Secretaría C,10217.5
OC-10853,2019-08-09,PROV-142,Secretaría C,2134.0
OC-10854,2019-08-09,PROV-267,Secretaría C,5500.0
OC-10855,2019-08-09,PROV-248,Secretaría C,51000.0
OC-10856,2019-08-12,PROV-084,Secretaría B,1960.0
OC-10857,2019-08-12,PROV-020,Secretaría D,925.8
OC-10858,2019-08-12,PROV-156,Secretaría B,120000.0
OC-10859,2019-08-12,PROV-084,Secretaría B,5290.0
OC-10860,2019-08-12,PROV-342,Secretaría F,3500.0
OC-10861,2019-08-12,PROV-467,Secretaría G,4000.0
OC-10862,2019-08-12,PROV-055,Secretaría F,2280.0
OC-10863,2019-08-12,PROV-167,Secretaría F,15430.01
OC-10864,2019-08-12,PROV-045,Secretaría A,2187.3
OC-10865,2019-08-13,PROV-195,Secretaría C,33740.0
OC-10866,2019-08-13,PROV-002,Secretaría C,2300.0
OC-10867,2019-08-13,PROV-171,Secretaría B,180000.0
OC-10868,2019-08-13,PROV-173,Secretaría B,180000.0
OC-10869,2019-08-13,PROV-159,Secretaría A,107720.0
OC-10870,2019-08-13,PROV-100,Secretaría D,2890.0
OC-10871,2019-08-13,PROV-320,Secretaría C,3859.0
OC-10872,2019-08-13,PROV-135,Secretaría D,21800.0
OC-10873,2019-08-13,PROV-047,Secretaría F,1806.36
OC-10874,2019-08-13,PROV-141,Secretaría A,515.0
OC-10875,2019-08-13,PROV-034,Secretaría A,2719.81
OC-10876,2019-08-13,PROV-030,Secretaría A,9978.95
OC-10877,2019-08-13,PROV-123,Secretaría B,2111.4
OC-10878,2019-08-13,PROV-123,Secretaría D,2426.4
OC-10879,2019-08-13,PROV-195,Secretaría H,24600.0
OC-10880,2019-08-13,PROV-070,Secretaría D,16278.0
OC-10881,2019-08-14,PROV-211,Secretaría C,1400.0
OC-10882,2019-08-14,PROV-034,Secretaría F,7295.0
OC-10883,2019-08-14,PROV-020,Secretaría D,1923.41
OC-10884,2019-08-14,PROV-267,Secretaría C,7500.0
OC-10885,2019-08-14,PROV-040,Secretaría B,3380.0
OC-10886,2019-08-14,PROV-068,Secretaría B,35487.0
OC-10887,2019-08-14,PROV-095,Secretaría B,7140.0
OC-10888,2019-08-14,PROV-214,Secretaría C,10000.0
OC-10889,2019-08-14,PROV-104,Secretaría C,1065.0
OC-10890,2019-08-14,PROV-034,Secretaría F,5608.0
OC-10891,2019-08-14,PROV-267,Secretaría C,5400.0
OC-10892,2019-08-14,PROV-267,Secretaría C,10500.0
OC-10893,2019-08-14,PROV-030,Secretaría C,750.0
OC-10894,2019-08-14,PROV-070,Secretaría A,2494.6
OC-10895,2019-08-14,PROV-020,Secretaría A,2678.26
OC-10896,2019-08-14,PROV-049,Secretaría B,50580.0
OC-10897,2019-08-14,PROV-087,Secretaría B,3100.0
OC-10898,2019-08-14,PROV-045,Secretaría D,6047.5
OC-10899,2019-08-14,PROV-404,Secretaría E,4200.0
OC-10900,2019-08-15,PROV-176,Secretaría I,5892.7
OC-10901,2019-08-15,PROV-605,Secretaría C,3735.0
OC-10902,2019-08-15,PROV-123,Secretaría C,1840.0
OC-10903,2019-08-15,PROV-030,Secretaría D,935.0
OC-10904,2019-08-15,PROV-026,Secretaría A,64540.0
OC-10905,2019-08-15,PROV-045,Secretaría D,3769.25
OC-10906,2019-08-15,PROV-011,Secretaría C,2800.0
OC-10907,2019-08-15,PROV-011,Secretaría C,6120.0
OC-10908,2019-08-15,PROV-053,Secretaría C,49700.0
OC-10909,2019-08-15,PROV-030,Secretaría D,14700.0
OC-10910,2019-08-15,PROV-209,Secretaría B,120000.0
OC-10911,2019-08-16,PROV-034,Secretaría F,1845.0
OC-10912,2019-08-16,PROV-253,Secretaría B,23136.0
OC-10913,2019-08-16,PROV-513,Secretaría C,20200.0
OC-10914,2019-08-16,PROV-027,Secretaría C,13680.0
OC-10915,2019-08-16,PROV-205,Secretaría A,29650.0
OC-10916,2019-08-16,PROV-021,Secretaría C,18750.0
OC-10917,2019-08-16,PROV-034,Secretaría A,4280.0
OC-10918,2019-08-16,PROV-034,Secretaría A,1020.0
OC-10919,2019-08-16,PROV-020,Secretaría A,1372.03
OC-10920,2019-08-16,PROV-442,Secretaría C,1500.0
OC-10921,2019-08-16,PROV-220,Secretaría C,14300.0
OC-10922,2019-08-16,PROV-034,Secretaría A,5415.0
OC-10923,2019-08-16,PROV-202,Secretaría G,65000.0
OC-10924,2019-08-16,PROV-124,Secretaría B,15800.0
OC-10925,2019-08-16,PROV-390,Secretaría E,960.0
OC-10926,2019-08-16,PROV-142,Secretaría B,15800.0
OC-10927,2019-08-16,PROV-034,Secretaría I,1115.0
OC-10928,2019-08-16,PROV-169,Secretaría E,9760.0
OC-10929,2019-08-16,PROV-045,Secretaría H,3439.33
OC-10930,2019-08-16,PROV-020,Secretaría A,4354.01
OC-10931,2019-08-16,PROV-034,Secretaría I,6725.0
OC-10932,2019-08-16,PROV-057,Secretaría A,850.0
OC-10933,2019-08-16,PROV-020,Secretaría A,3998.37
OC-10934,2019-08-16,PROV-034,Secretaría A,1455.0
OC-10935,2019-08-16,PROV-105,Secretaría A,791.0
OC-10936,2019-08-16,PROV-020,Secretaría A,14900.0
OC-10937,2019-08-20,PROV-127,Secretaría B,52200.0
OC-10938,2019-08-20,PROV-124,Secretaría C,4800.0
OC-10939,2019-08-20,PROV-142,Secretaría C,2250.0
OC-10940,2019-08-20,PROV-449,Secretaría B,25666.0
OC-10941,2019-08-20,PROV-213,Secretaría C,2607.76
OC-10942,2019-08-20,PROV-127,Secretaría B,22680.0
OC-10943,2019-08-20,PROV-127,Secretaría B,7120.0
OC-10944,2019-08-20,PROV-104,Secretaría B,17017.0
OC-10945,2019-08-20,PROV-184,Secretaría B,40000.0
OC-10946,2019-08-20,PROV-177,Secretaría B,90000.0
OC-10947,2019-08-20,PROV-067,Secretaría E,80000.0
OC-10948,2019-08-20,PROV-018,Secretaría A,38227.8
OC-10949,2019-08-20,PROV-104,Secretaría C,592.0
OC-10950,2019-08-20,PROV-047,Secretaría H,1381.42
OC-10951,2019-08-20,PROV-320,Secretaría H,1290.0
OC-10952,2019-08-20,PROV-084,Secretaría B,5480.0
OC-10953,2019-08-20,PROV-034,Secretaría A,1219.0
OC-10954,2019-08-20,PROV-214,Secretaría G,25000.0
OC-10955,2019-08-20,PROV-034,Secretaría A,3145.0
OC-10956,2019-08-20,PROV-020,Secretaría A,3250.0
OC-10957,2019-08-20,PROV-020,Secretaría A,6370.0
OC-10958,2019-08-20,PROV-452,Secretaría A,850.0
OC-10959,2019-08-20,PROV-135,Secretaría A,520.0
OC-10960,2019-08-20,PROV-135,Secretaría A,5050.0
OC-10961,2019-08-20,PROV-020,Secretaría A,16900.0
OC-10962,2019-08-20,PROV-020,Secretaría A,10980.0
OC-10963,2019-08-20,PROV-135,Secretaría A,1080.0
OC-10964,2019-08-20,PROV-175,Secretaría D,13084.0
OC-10965,2019-08-20,PROV-020,Secretaría A,4070.0
OC-10966,2019-08-20,PROV-442,Secretaría C,3000.0
OC-10967,2019-08-20,PROV-020,Secretaría A,1213.77
OC-10968,2019-08-20,PROV-081,Secretaría A,27056.81
OC-10969,2019-08-20,PROV-034,Secretaría A,3540.0
OC-10970,2019-08-20,PROV-020,Secretaría A,1714.32
OC-10971,2019-08-20,PROV-176,Secretaría D,5419.59
OC-10972,2019-08-20,PROV-487,Secretaría A,3540.0
OC-10973,2019-08-21,PROV-020,Secretaría A,1150.88
OC-10974,2019-08-21,PROV-023,Secretaría C,12630.0
OC-10975,2019-08-21,PROV-100,Secretaría D,2000.0
OC-10976,2019-08-21,PROV-020,Secretaría E,4086.51
OC-10977,2019-08-21,PROV-034,Secretaría E,4240.0
OC-10978,2019-08-21,PROV-019,Secretaría B,20914.0
OC-10979,2019-08-21,PROV-049,Secretaría B,887.0
OC-10980,2019-08-21,PROV-265,Secretaría B,15681.0
OC-10981,2019-08-21,PROV-020,Secretaría F,14800.85
OC-10982,2019-08-21,PROV-036,Secretaría B,63720.0
OC-10983,2019-08-21,PROV-100,Secretaría C,2425.5
OC-10984,2019-08-21,PROV-036,Secretaría C,107970.0
OC-10985,2019-08-21,PROV-021,Secretaría C,14067.0
OC-10986,2019-08-21,PROV-041,Secretaría B,58364.94
OC-10987,2019-08-21,PROV-123,Secretaría C,2709.0
OC-10988,2019-08-21,PROV-320,Secretaría C,5002.0
OC-10989,2019-08-21,PROV-123,Secretaría H,2345.0
OC-10990,2019-08-21,PROV-047,Secretaría H,510.9
OC-10991,2019-08-21,PROV-010,Secretaría I,10498.0
OC-10992,2019-08-21,PROV-325,Secretaría C,50000.0
OC-10993,2019-08-22,PROV-020,Secretaría A,6102.03
OC-10994,2019-08-22,PROV-020,Secretaría A,2450.0
OC-10995,2019-08-22,PROV-020,Secretaría A,2364.16
OC-10996,2019-08-22,PROV-020,Secretaría A,1408.8
OC-10997,2019-08-22,PROV-020,Secretaría A,6618.5
OC-10998,2019-08-22,PROV-055,Secretaría C,5590.0
OC-10999,2019-08-22,PROV-020,Secretaría A,1397.8
OC-11000,2019-08-22,PROV-034,Secretaría A,5920.0
OC-11001,2019-08-22,PROV-020,Secretaría A,1092.9
OC-11002,2019-08-22,PROV-020,Secretaría A,1735.0
OC-11003,2019-08-22,PROV-020,Secretaría A,6850.0
OC-11004,2019-08-22,PROV-030,Secretaría C,6670.0
OC-11005,2019-08-22,PROV-034,Secretaría A,3870.0
OC-11006,2019-08-22,PROV-135,Secretaría D,4900.0
OC-11007,2019-08-22,PROV-034,Secretaría A,5890.0
OC-11008,2019-08-22,PROV-020,Secretaría A,4434.21
OC-11009,2019-08-22,PROV-020,Secretaría A,1260.0
OC-11010,2019-08-22,PROV-020,Secretaría A,6034.0
OC-11011,2019-08-22,PROV-021,Secretaría D,4200.0
OC-11012,2019-08-22,PROV-023,Secretaría E,18400.0
OC-11013,2019-08-22,PROV-087,Secretaría B,4255.0
OC-11014,2019-08-22,PROV-075,Secretaría A,514368.0
OC-11015,2019-08-22,PROV-281,Secretaría E,1452.0
OC-11016,2019-08-22,PROV-042,Secretaría A,830000.0
OC-11017,2019-08-22,PROV-037,Secretaría A,669350.0
OC-11018,2019-08-22,PROV-521,Secretaría E,1200.0
OC-11019,2019-08-22,PROV-030,Secretaría D,4280.0
OC-11020,2019-08-22,PROV-083,Secretaría C,2400.0
OC-11021,2019-08-22,PROV-311,Secretaría E,2200.0
OC-11022,2019-08-22,PROV-105,Secretaría A,2362.0
OC-11023,2019-08-22,PROV-030,Secretaría A,12240.0
OC-11024,2019-08-22,PROV-105,Secretaría C,1248.0
OC-11025,2019-08-22,PROV-045,Secretaría A,7999.2
OC-11026,2019-08-22,PROV-561,Secretaría E,3000.0
OC-11027,2019-08-22,PROV-003,Secretaría C,2246.4
OC-11028,2019-08-22,PROV-030,Secretaría A,1260.0
OC-11029,2019-08-23,PROV-039,Secretaría A,141200.0
OC-11030,2019-08-23,PROV-504,Secretaría C,22000.0
OC-11031,2019-08-23,PROV-528,Secretaría E,13200.0
OC-11032,2019-08-23,PROV-007,Secretaría C,4860.0
OC-11033,2019-08-23,PROV-090,Secretaría D,8930.29
OC-11034,2019-08-23,PROV-041,Secretaría C,8269.56
OC-11035,2019-08-23,PROV-041,Secretaría C,30702.0
OC-11036,2019-08-23,PROV-041,Secretaría C,3268.12
OC-11037,2019-08-23,PROV-041,Secretaría C,5636.77
OC-11038,2019-08-23,PROV-041,Secretaría G,13522.38
OC-11039,2019-08-23,PROV-613,Secretaría E,1210.0
OC-11040,2019-08-23,PROV-041,Secretaría C,4421.84
OC-11041,2019-08-23,PROV-012,Secretaría H,6561.0
OC-11042,2019-08-23,PROV-193,Secretaría C,13800.0
OC-11043,2019-08-23,PROV-259,Secretaría D,3800.0
OC-11044,2019-08-23,PROV-010,Secretaría G,14220.0
OC-11045,2019-08-23,PROV-020,Secretaría A,5198.0
OC-11046,2019-08-23,PROV-039,Secretaría A,18000.0
OC-11047,2019-08-23,PROV-141,Secretaría A,1240.48
OC-11048,2019-08-23,PROV-020,Secretaría A,3007.37
OC-11049,2019-08-23,PROV-141,Secretaría A,727.58
OC-11050,2019-08-23,PROV-040,Secretaría E,38000.0
OC-11051,2019-08-23,PROV-033,Secretaría H,34227.0
OC-11052,2019-08-23,PROV-510,Secretaría E,21000.0
OC-11053,2019-08-23,PROV-170,Secretaría E,8550.0
OC-11054,2019-08-23,PROV-575,Secretaría E,3000.0
OC-11055,2019-08-23,PROV-141,Secretaría A,3757.05
OC-11056,2019-08-26,PROV-124,Secretaría C,25338.0
OC-11057,2019-08-26,PROV-022,Secretaría C,2292.7
OC-11058,2019-08-26,PROV-149,Secretaría F,1700.0
OC-11059,2019-08-26,PROV-100,Secretaría B,1485.0
OC-11060,2019-08-26,PROV-100,Secretaría D,4400.0
OC-11061,2019-08-26,PROV-143,Secretaría B,90000.0
OC-11062,2019-08-26,PROV-059,Secretaría D,4418.0
OC-11063,2019-08-26,PROV-088,Secretaría C,12500.0
OC-11064,2019-08-26,PROV-220,Secretaría C,15800.0
OC-11065,2019-08-26,PROV-040,Secretaría F,14950.0
OC-11066,2019-08-26,PROV-546,Secretaría D,968.0
OC-11067,2019-08-26,PROV-310,Secretaría B,100000.0
OC-11068,2019-08-26,PROV-090,Secretaría A,2768.22
OC-11069,2019-08-26,PROV-021,Secretaría E,3568.0
OC-11070,2019-08-26,PROV-114,Secretaría D,663.82
OC-11071,2019-08-26,PROV-599,Secretaría D,4800.0
OC-11072,2019-08-26,PROV-024,Secretaría C,67600.0
OC-11073,2019-08-26,PROV-059,Secretaría H,6627.0
OC-11074,2019-08-26,PROV-088,Secretaría I,4300.0
OC-11075,2019-08-26,PROV-088,Secretaría I,12800.0
OC-11076,2019-08-26,PROV-088,Secretaría I,7900.0
OC-11077,2019-08-26,PROV-088,Secretaría I,5800.0
OC-11078,2019-08-26,PROV-606,Secretaría I,3000.0
OC-11079,2019-08-26,PROV-272,Secretaría I,2813.0
OC-11080,2019-08-26,PROV-524,Secretaría F,16552.8
OC-11081,2019-08-26,PROV-024,Secretaría B,8820.0
OC-11082,2019-08-26,PROV-175,Secretaría D,6085.0
OC-11083,2019-08-26,PROV-306,Secretaría C,3700.0
OC-11084,2019-08-26,PROV-306,Secretaría G,9297.0
OC-11085,2019-08-26,PROV-306,Secretaría G,5954.0
OC-11086,2019-08-26,PROV-125,Secretaría B,13125.0
OC-11087,2019-08-27,PROV-093,Secretaría B,17041.99
OC-11088,2019-08-27,PROV-167,Secretaría F,2200.0
OC-11089,2019-08-27,PROV-351,Secretaría D,14800.0
OC-11090,2019-08-27,PROV-045,Secretaría F,7292.85
OC-11091,2019-08-27,PROV-034,Secretaría C,28390.0
OC-11092,2019-08-27,PROV-464,Secretaría E,12000.0
OC-11093,2019-08-27,PROV-033,Secretaría E,2884.0
OC-11094,2019-08-27,PROV-066,Secretaría A,18518.0
OC-11095,2019-08-27,PROV-142,Secretaría C,7400.0
OC-11096,2019-08-27,PROV-021,Secretaría B,1264.0
OC-11097,2019-08-27,PROV-033,Secretaría D,4000.0
OC-11098,2019-08-27,PROV-027,Secretaría F,11451.0
OC-11099,2019-08-27,PROV-080,Secretaría B,242.63
OC-11100,2019-08-27,PROV-001,Secretaría B,2073.0
OC-11101,2019-08-27,PROV-001,Secretaría C,2296.8
OC-11102,2019-08-27,PROV-070,Secretaría A,32941.0
OC-11103,2019-08-27,PROV-404,Secretaría E,4000.0
OC-11104,2019-08-27,PROV-059,Secretaría G,5419.2
OC-11105,2019-08-28,PROV-334,Secretaría A,33597.8
OC-11106,2019-08-28,PROV-481,Secretaría A,18499.0
OC-11107,2019-08-28,PROV-013,Secretaría A,34685.86
OC-11108,2019-08-28,PROV-259,Secretaría C,6200.0
OC-11109,2019-08-28,PROV-055,Secretaría C,2775.0
OC-11110,2019-08-28,PROV-059,Secretaría G,4064.4
OC-11111,2019-08-28,PROV-100,Secretaría A,22850.0
OC-11112,2019-08-28,PROV-017,Secretaría A,11070.0
OC-11113,2019-08-28,PROV-121,Secretaría C,31000.0
OC-11114,2019-08-28,PROV-055,Secretaría B,2760.0
OC-11115,2019-08-28,PROV-020,Secretaría A,1400.0
OC-11116,2019-08-28,PROV-002,Secretaría C,3590.0
OC-11117,2019-08-28,PROV-055,Secretaría H,5000.0
OC-11118,2019-08-28,PROV-088,Secretaría C,7000.0
OC-11119,2019-08-28,PROV-034,Secretaría F,4950.0
OC-11120,2019-08-28,PROV-020,Secretaría A,690.0
OC-11121,2019-08-28,PROV-020,Secretaría A,1502.0
OC-11122,2019-08-28,PROV-034,Secretaría A,1195.0
OC-11123,2019-08-28,PROV-034,Secretaría A,1050.0
OC-11124,2019-08-28,PROV-080,Secretaría C,1587.4
OC-11125,2019-08-29,PROV-002,Secretaría C,95500.0
OC-11126,2019-08-29,PROV-002,Secretaría C,26675.0
OC-11127,2019-08-29,PROV-065,Secretaría I,16798.0
OC-11128,2019-08-29,PROV-211,Secretaría C,5200.0
OC-11129,2019-08-29,PROV-048,Secretaría A,113000.0
OC-11130,2019-08-29,PROV-016,Secretaría B,196645.0
OC-11131,2019-08-29,PROV-070,Secretaría D,5460.0
OC-11132,2019-08-29,PROV-055,Secretaría C,2950.0
OC-11133,2019-08-29,PROV-027,Secretaría D,948.0
OC-11134,2019-08-29,PROV-002,Secretaría C,9440.0
OC-11135,2019-08-29,PROV-048,Secretaría A,37200.0
OC-11136,2019-08-29,PROV-002,Secretaría C,44200.0
OC-11137,2019-08-29,PROV-003,Secretaría C,25041.41
OC-11138,2019-08-29,PROV-002,Secretaría B,34160.0
OC-11139,2019-08-29,PROV-002,Secretaría B,3920.0
OC-11140,2019-08-29,PROV-048,Secretaría A,47200.0
OC-11141,2019-08-29,PROV-197,Secretaría D,24622.0
OC-11142,2019-08-29,PROV-017,Secretaría E,73350.8
OC-11143,2019-08-29,PROV-086,Secretaría E,44400.0
OC-11144,2019-08-29,PROV-018,Secretaría E,3719.96
OC-11145,2019-08-29,PROV-551,Secretaría E,2250.0
OC-11146,2019-08-29,PROV-100,Secretaría D,3450.0
OC-11147,2019-08-29,PROV-020,Secretaría A,79788.0
OC-11148,2019-08-29,PROV-020,Secretaría A,6278.54
OC-11149,2019-08-29,PROV-073,Secretaría B,24870.9
OC-11150,2019-08-29,PROV-002,Secretaría B,72035.0
OC-11151,2019-08-29,PROV-008,Secretaría B,1100.0
OC-11152,2019-08-29,PROV-002,Secretaría C,1186.6
OC-11153,2019-08-29,PROV-095,Secretaría B,1440.5
OC-11154,2019-08-29,PROV-107,Secretaría A,101059.2
OC-11155,2019-08-29,PROV-012,Secretaría F,99980.0
OC-11156,2019-08-29,PROV-001,Secretaría C,69126.5
OC-11157,2019-08-29,PROV-001,Secretaría C,51315.55
OC-11158,2019-08-29,PROV-001,Secretaría B,63474.5
OC-11159,2019-08-29,PROV-218,Secretaría C,6690.0
OC-11160,2019-08-29,PROV-078,Secretaría B,12600.0
OC-11161,2019-08-29,PROV-002,Secretaría C,7644.4
OC-11162,2019-08-29,PROV-002,Secretaría C,2064.0
OC-11163,2019-08-29,PROV-002,Secretaría B,4877.5
OC-11164,2019-08-29,PROV-002,Secretaría C,5143.0
OC-11165,2019-08-29,PROV-002,Secretaría C,6755.8
OC-11166,2019-08-29,PROV-002,Secretaría C,77080.0
OC-11167,2019-08-29,PROV-069,Secretaría B,142282.5
OC-11168,2019-08-29,PROV-002,Secretaría C,541700.0
OC-11169,2019-08-29,PROV-200,Secretaría C,1680.0
OC-11170,2019-08-29,PROV-002,Secretaría C,8520.0
OC-11171,2019-08-29,PROV-002,Secretaría C,10193.8
OC-11172,2019-08-29,PROV-059,Secretaría G,7076.0
OC-11173,2019-08-29,PROV-094,Secretaría B,462552.5
OC-11174,2019-08-29,PROV-008,Secretaría B,10550.0
OC-11175,2019-08-29,PROV-213,Secretaría C,2933.73
OC-11176,2019-08-29,PROV-027,Secretaría C,39600.0
OC-11177,2019-08-29,PROV-069,Secretaría B,12630.0
OC-11178,2019-08-29,PROV-208,Secretaría B,24358.0
OC-11179,2019-08-29,PROV-002,Secretaría C,7507.5
OC-11180,2019-08-30,PROV-017,Secretaría C,2970.0
OC-11181,2019-08-30,PROV-063,Secretaría A,70600.0
OC-11182,2019-08-30,PROV-018,Secretaría D,20027.9
OC-11183,2019-08-30,PROV-041,Secretaría C,5287.07
OC-11184,2019-08-30,PROV-253,Secretaría B,4488.8
OC-11185,2019-08-30,PROV-021,Secretaría H,660.0
OC-11186,2019-08-30,PROV-030,Secretaría D,4468.0
OC-11187,2019-08-30,PROV-041,Secretaría C,13369.4
OC-11188,2019-08-30,PROV-105,Secretaría A,636.0
OC-11189,2019-08-30,PROV-155,Secretaría H,112989.9
OC-11190,2019-08-30,PROV-041,Secretaría G,16785.64
OC-11191,2019-08-30,PROV-031,Secretaría B,24606.0
OC-11192,2019-08-30,PROV-041,Secretaría F,7952.38
OC-11193,2019-08-30,PROV-105,Secretaría A,1280.0
OC-11194,2019-08-30,PROV-021,Secretaría C,26130.0
OC-11195,2019-08-30,PROV-007,Secretaría C,50520.0
OC-11196,2019-08-30,PROV-021,Secretaría H,1587.0
OC-11197,2019-08-30,PROV-041,Secretaría E,8307.23
OC-11198,2019-08-30,PROV-007,Secretaría C,18400.0
OC-11199,2019-08-30,PROV-007,Secretaría B,118200.0
OC-11200,2019-08-30,PROV-007,Secretaría B,19200.0
OC-11201,2019-08-30,PROV-007,Secretaría B,7100.0
OC-11202,2019-08-30,PROV-007,Secretaría C,32390.0
OC-11203,2019-08-30,PROV-007,Secretaría C,9320.0
OC-11204,2019-08-30,PROV-007,Secretaría C,110660.0
OC-11205,2019-08-30,PROV-004,Secretaría A,1795705.27
OC-11206,2019-08-30,PROV-004,Secretaría A,300454.33
OC-11207,2019-08-30,PROV-021,Secretaría C,1708.0
OC-11208,2019-08-30,PROV-041,Secretaría C,4133.79
OC-11209,2019-08-30,PROV-041,Secretaría C,3920.26
OC-11210,2019-08-30,PROV-041,Secretaría C,31114.04
OC-11211,2019-09-02,PROV-010,Secretaría C,13764.0
OC-11212,2019-09-02,PROV-493,Secretaría B,25277.0
OC-11213,2019-09-02,PROV-263,Secretaría B,60000.0
OC-11214,2019-09-02,PROV-100,Secretaría B,727.0
OC-11215,2019-09-02,PROV-074,Secretaría A,44800.0
OC-11216,2019-09-02,PROV-030,Secretaría A,8597.0
OC-11217,2019-09-02,PROV-055,Secretaría E,2300.0
OC-11218,2019-09-02,PROV-135,Secretaría A,2100.0
OC-11219,2019-09-02,PROV-135,Secretaría A,2700.0
OC-11220,2019-09-02,PROV-012,Secretaría C,12990.0
OC-11221,2019-09-02,PROV-074,Secretaría A,1410.0
OC-11222,2019-09-02,PROV-030,Secretaría A,3319.0
OC-11223,2019-09-02,PROV-040,Secretaría G,4800.0
OC-11224,2019-09-02,PROV-265,Secretaría B,6420.0
OC-11225,2019-09-02,PROV-200,Secretaría C,1740.0
OC-11226,2019-09-02,PROV-070,Secretaría A,14982.2
OC-11227,2019-09-02,PROV-030,Secretaría A,5298.0
OC-11228,2019-09-02,PROV-034,Secretaría A,1835.0
OC-11229,2019-09-02,PROV-034,Secretaría A,955.0
OC-11230,2019-09-02,PROV-175,Secretaría A,13122.0
OC-11231,2019-09-02,PROV-468,Secretaría B,5500.0
OC-11232,2019-09-02,PROV-084,Secretaría B,30590.0
OC-11233,2019-09-02,PROV-124,Secretaría B,4050.0
OC-11234,2019-09-02,PROV-124,Secretaría B,2475.0
OC-11235,2019-09-02,PROV-027,Secretaría D,2476.0
OC-11236,2019-09-02,PROV-045,Secretaría H,2940.32
OC-11237,2019-09-02,PROV-050,Secretaría H,5387.0
OC-11238,2019-09-02,PROV-010,Secretaría B,22940.0
OC-11239,2019-09-02,PROV-267,Secretaría C,35000.0
OC-11240,2019-09-02,PROV-320,Secretaría B,4560.0
OC-11241,2019-09-02,PROV-395,Secretaría B,60000.0
OC-11242,2019-09-02,PROV-080,Secretaría G,1174.29
OC-11243,2019-09-02,PROV-080,Secretaría G,2582.79
OC-11244,2019-09-02,PROV-080,Secretaría C,682.87
OC-11245,2019-09-02,PROV-194,Secretaría B,11445.0
OC-11246,2019-09-02,PROV-109,Secretaría C,1675.0
OC-11247,2019-09-02,PROV-109,Secretaría C,4252.5
OC-11248,2019-09-02,PROV-109,Secretaría C,8170.0
OC-11249,2019-09-02,PROV-109,Secretaría C,19010.0
OC-11250,2019-09-02,PROV-109,Secretaría C,3465.0
OC-11251,2019-09-02,PROV-109,Secretaría B,1380.0
OC-11252,2019-09-02,PROV-220,Secretaría C,11000.0
OC-11253,2019-09-02,PROV-063,Secretaría A,73879.07
OC-11254,2019-09-02,PROV-320,Secretaría C,1300.0
OC-11255,2019-09-02,PROV-021,Secretaría D,1990.0
OC-11256,2019-09-02,PROV-040,Secretaría E,59500.0
OC-11257,2019-09-02,PROV-255,Secretaría B,8000.0
OC-11258,2019-09-02,PROV-059,Secretaría B,5660.0
OC-11259,2019-09-02,PROV-062,Secretaría B,56846.0
OC-11260,2019-09-02,PROV-071,Secretaría B,9485.19
OC-11261,2019-09-02,PROV-020,Secretaría A,3970.0
OC-11262,2019-09-02,PROV-020,Secretaría A,4996.19
OC-11263,2019-09-02,PROV-373,Secretaría B,5000.0
OC-11264,2019-09-02,PROV-020,Secretaría A,4590.0
OC-11265,2019-09-02,PROV-074,Secretaría A,3990.0
OC-11266,2019-09-02,PROV-074,Secretaría A,1950.0
OC-11267,2019-09-02,PROV-135,Secretaría A,2600.0
OC-11268,2019-09-02,PROV-105,Secretaría E,2775.0
OC-11269,2019-09-02,PROV-020,Secretaría A,12915.0
OC-11270,2019-09-03,PROV-059,Secretaría F,4168.0
OC-11271,2019-09-03,PROV-090,Secretaría I,2500.0
OC-11272,2019-09-03,PROV-021,Secretaría F,1277.0
OC-11273,2019-09-03,PROV-197,Secretaría D,84061.0
OC-11274,2019-09-03,PROV-018,Secretaría B,4817.22
OC-11275,2019-09-03,PROV-020,Secretaría A,5912.0
OC-11276,2019-09-03,PROV-141,Secretaría A,999.51
OC-11277,2019-09-03,PROV-030,Secretaría A,5630.0
OC-11278,2019-09-03,PROV-050,Secretaría J,8188.0
OC-11279,2019-09-03,PROV-141,Secretaría A,593.78
OC-11280,2019-09-03,PROV-020,Secretaría D,1650.0
OC-11281,2019-09-03,PROV-317,Secretaría E,2445.0
OC-11282,2019-09-03,PROV-045,Secretaría D,5163.91
OC-11283,2019-09-03,PROV-020,Secretaría A,4601.0
OC-11284,2019-09-03,PROV-135,Secretaría D,10000.0
OC-11285,2019-09-03,PROV-087,Secretaría B,36290.0
OC-11286,2019-09-03,PROV-017,Secretaría C,7650.0
OC-11287,2019-09-03,PROV-372,Secretaría C,7579.79
OC-11288,2019-09-03,PROV-372,Secretaría C,7808.88
OC-11289,2019-09-03,PROV-218,Secretaría F,12750.0
OC-11290,2019-09-03,PROV-290,Secretaría F,52003.4
OC-11291,2019-09-03,PROV-026,Secretaría A,1824000.0
OC-11292,2019-09-03,PROV-155,Secretaría H,90750.0
OC-11293,2019-09-03,PROV-059,Secretaría D,880.0
OC-11294,2019-09-03,PROV-083,Secretaría C,11900.0
OC-11295,2019-09-03,PROV-505,Secretaría C,5500.0
OC-11296,2019-09-03,PROV-002,Secretaría C,7775.0
OC-11297,2019-09-03,PROV-077,Secretaría C,6340.0
OC-11298,2019-09-03,PROV-030,Secretaría C,4310.0
OC-11299,2019-09-03,PROV-538,Secretaría C,950.0
OC-11300,2019-09-03,PROV-007,Secretaría C,35800.0
OC-11301,2019-09-04,PROV-170,Secretaría E,25675.0
OC-11302,2019-09-04,PROV-103,Secretaría C,26000.0
OC-11303,2019-09-04,PROV-103,Secretaría C,38380.0
OC-11304,2019-09-04,PROV-128,Secretaría D,924.47
OC-11305,2019-09-04,PROV-104,Secretaría C,2522.6
OC-11306,2019-09-04,PROV-002,Secretaría J,9588.0
OC-11307,2019-09-04,PROV-070,Secretaría D,3560.0
OC-11308,2019-09-04,PROV-009,Secretaría A,148500.0
OC-11309,2019-09-04,PROV-105,Secretaría D,1150.0
OC-11310,2019-09-04,PROV-169,Secretaría G,2160.0
OC-11311,2019-09-04,PROV-142,Secretaría B,2830.0
OC-11312,2019-09-04,PROV-565,Secretaría E,9600.0
OC-11313,2019-09-04,PROV-050,Secretaría C,32508.0
OC-11314,2019-09-04,PROV-104,Secretaría C,6150.0
OC-11315,2019-09-04,PROV-002,Secretaría G,2095.0
OC-11316,2019-09-04,PROV-002,Secretaría C,24532.0
OC-11317,2019-09-04,PROV-079,Secretaría C,216106.0
OC-11318,2019-09-04,PROV-063,Secretaría A,132389.92
OC-11319,2019-09-04,PROV-175,Secretaría D,29446.0
OC-11320,2019-09-04,PROV-083,Secretaría C,11676.87
OC-11321,2019-09-05,PROV-003,Secretaría D,6836.0
OC-11322,2019-09-05,PROV-168,Secretaría E,5775.0
OC-11323,2019-09-05,PROV-088,Secretaría C,2900.0
OC-11324,2019-09-05,PROV-100,Secretaría A,1200.0
OC-11325,2019-09-05,PROV-065,Secretaría F,8320.0
OC-11326,2019-09-05,PROV-149,Secretaría F,8730.0
OC-11327,2019-09-05,PROV-086,Secretaría C,10378.0
OC-11328,2019-09-05,PROV-009,Secretaría C,4455.0
OC-11329,2019-09-05,PROV-034,Secretaría F,11950.0
OC-11330,2019-09-05,PROV-027,Secretaría C,7558.0
OC-11331,2019-09-05,PROV-167,Secretaría F,9570.0
OC-11332,2019-09-05,PROV-002,Secretaría C,2310.0
OC-11333,2019-09-05,PROV-607,Secretaría C,2974.66
OC-11334,2019-09-05,PROV-033,Secretaría A,6305.0
OC-11335,2019-09-05,PROV-114,Secretaría G,57423.25
OC-11336,2019-09-05,PROV-417,Secretaría A,15649.0
OC-11337,2019-09-05,PROV-452,Secretaría A,1500.0
OC-11338,2019-09-05,PROV-056,Secretaría A,36376.0
OC-11339,2019-09-05,PROV-285,Secretaría A,10527.0
OC-11340,2019-09-05,PROV-140,Secretaría A,5050.0
OC-11341,2019-09-05,PROV-017,Secretaría A,92950.0
OC-11342,2019-09-05,PROV-063,Secretaría A,57784.5
OC-11343,2019-09-05,PROV-047,Secretaría J,5000.5
OC-11344,2019-09-05,PROV-059,Secretaría E,3300.0
OC-11345,2019-09-05,PROV-088,Secretaría I,48000.0
OC-11346,2019-09-05,PROV-088,Secretaría I,8500.0
OC-11347,2019-09-05,PROV-049,Secretaría B,97642.07
OC-11348,2019-09-05,PROV-093,Secretaría B,5411.6
OC-11349,2019-09-05,PROV-003,Secretaría F,3490.84
OC-11350,2019-09-06,PROV-020,Secretaría A,1185.42
OC-11351,2019-09-06,PROV-020,Secretaría A,1883.12
OC-11352,2019-09-06,PROV-169,Secretaría H,4750.0
OC-11353,2019-09-06,PROV-351,Secretaría D,18870.0
OC-11354,2019-09-06,PROV-020,Secretaría A,1223.45
OC-11355,2019-09-06,PROV-030,Secretaría B,2030.0
OC-11356,2019-09-06,PROV-064,Secretaría A,14890.0
OC-11357,2019-09-06,PROV-003,Secretaría A,101948.15
OC-11358,2019-09-06,PROV-090,Secretaría F,819.08
OC-11359,2019-09-06,PROV-070,Secretaría D,15855.0
OC-11360,2019-09-06,PROV-176,Secretaría A,1942.0
OC-11361,2019-09-06,PROV-087,Secretaría B,9250.0
OC-11362,2019-09-06,PROV-020,Secretaría A,2150.0
OC-11363,2019-09-06,PROV-252,Secretaría C,35090.0
OC-11364,2019-09-06,PROV-141,Secretaría A,980.0
OC-11365,2019-09-06,PROV-034,Secretaría A,3880.0
OC-11366,2019-09-06,PROV-100,Secretaría D,19990.0
OC-11367,2019-09-06,PROV-018,Secretaría D,64773.7
OC-11368,2019-09-06,PROV-020,Secretaría A,2742.72
OC-11369,2019-09-06,PROV-020,Secretaría A,2691.36
OC-11370,2019-09-06,PROV-020,Secretaría A,5155.2
OC-11371,2019-09-06,PROV-141,Secretaría A,4134.9
OC-11372,2019-09-06,PROV-034,Secretaría A,805.0
OC-11373,2019-09-06,PROV-020,Secretaría A,9156.0
OC-11374,2019-09-06,PROV-033,Secretaría B,2746.5
OC-11375,2019-09-06,PROV-061,Secretaría B,86760.0
OC-11376,2019-09-06,PROV-020,Secretaría A,1314.43
OC-11377,2019-09-06,PROV-224,Secretaría A,3950.0
OC-11378,2019-09-06,PROV-141,Secretaría A,623.12
OC-11379,2019-09-06,PROV-141,Secretaría A,1041.66
OC-11380,2019-09-06,PROV-020,Secretaría A,2446.9
OC-11381,2019-09-09,PROV-070,Secretaría A,26822.8
OC-11382,2019-09-09,PROV-486,Secretaría G,14689.0
OC-11383,2019-09-09,PROV-130,Secretaría A,263223.0
OC-11384,2019-09-09,PROV-109,Secretaría C,2070.0
OC-11385,2019-09-09,PROV-208,Secretaría B,5411.78
OC-11386,2019-09-09,PROV-031,Secretaría B,61340.0
OC-11387,2019-09-09,PROV-317,Secretaría C,3150.0
OC-11388,2019-09-09,PROV-100,Secretaría C,2531.6
OC-11389,2019-09-09,PROV-357,Secretaría A,33830.0
OC-11390,2019-09-09,PROV-352,Secretaría F,49900.0
OC-11391,2019-09-09,PROV-317,Secretaría C,1345.0
OC-11392,2019-09-09,PROV-272,Secretaría A,2120.0
OC-11393,2019-09-09,PROV-272,Secretaría A,2050.0
OC-11394,2019-09-09,PROV-344,Secretaría F,3600.0
OC-11395,2019-09-10,PROV-045,Secretaría E,1164.7
OC-11396,2019-09-10,PROV-050,Secretaría E,2976.0
OC-11397,2019-09-10,PROV-100,Secretaría D,825.0
OC-11398,2019-09-10,PROV-083,Secretaría C,5600.0
OC-11399,2019-09-10,PROV-039,Secretaría A,38300.0
OC-11400,2019-09-10,PROV-020,Secretaría A,8031.9
OC-11401,2019-09-10,PROV-020,Secretaría A,4619.74
OC-11402,2019-09-10,PROV-142,Secretaría C,2194.0
OC-11403,2019-09-10,PROV-017,Secretaría E,4039.8
OC-11404,2019-09-10,PROV-123,Secretaría E,1920.0
OC-11405,2019-09-10,PROV-123,Secretaría B,45050.0
OC-11406,2019-09-10,PROV-012,Secretaría A,178815.0
OC-11407,2019-09-10,PROV-020,Secretaría A,6357.26
OC-11408,2019-09-10,PROV-012,Secretaría I,47100.0
OC-11409,2019-09-10,PROV-095,Secretaría B,23071.44
OC-11410,2019-09-10,PROV-012,Secretaría I,35763.0
OC-11411,2019-09-10,PROV-083,Secretaría C,6881.42
OC-11412,2019-09-10,PROV-002,Secretaría C,10160.0
OC-11413,2019-09-10,PROV-050,Secretaría D,2412.0
OC-11414,2019-09-10,PROV-218,Secretaría A,2900.0
OC-11415,2019-09-10,PROV-100,Secretaría D,1787.0
OC-11416,2019-09-10,PROV-084,Secretaría B,6590.0
OC-11417,2019-09-10,PROV-184,Secretaría B,10000.0
OC-11418,2019-09-10,PROV-123,Secretaría C,2175.0
OC-11419,2019-09-10,PROV-123,Secretaría H,4800.0
OC-11420,2019-09-10,PROV-132,Secretaría B,120000.0
OC-11421,2019-09-10,PROV-123,Secretaría G,13625.0
OC-11422,2019-09-10,PROV-123,Secretaría G,13000.0
OC-11423,2019-09-10,PROV-123,Secretaría D,7200.0
OC-11424,2019-09-10,PROV-012,Secretaría I,64950.0
OC-11425,2019-09-10,PROV-012,Secretaría A,194142.0
OC-11426,2019-09-10,PROV-012,Secretaría C,18840.0
OC-11427,2019-09-10,PROV-012,Secretaría F,51090.0
OC-11428,2019-09-10,PROV-012,Secretaría F,357630.0
OC-11429,2019-09-10,PROV-123,Secretaría F,9600.0
OC-11430,2019-09-10,PROV-123,Secretaría C,2400.0
OC-11431,2019-09-10,PROV-056,Secretaría A,10552.0
OC-11432,2019-09-10,PROV-012,Secretaría C,11775.0
OC-11433,2019-09-10,PROV-012,Secretaría C,1884.0
OC-11434,2019-09-10,PROV-012,Secretaría A,28260.0
OC-11435,2019-09-10,PROV-012,Secretaría D,5652.0
OC-11436,2019-09-10,PROV-012,Secretaría D,7065.0
OC-11437,2019-09-10,PROV-123,Secretaría D,4095.0
OC-11438,2019-09-10,PROV-012,Secretaría F,94200.0
OC-11439,2019-09-10,PROV-012,Secretaría A,23550.0
OC-11440,2019-09-10,PROV-012,Secretaría F,117750.0
OC-11441,2019-09-10,PROV-012,Secretaría C,24021.0
OC-11442,2019-09-10,PROV-012,Secretaría A,9420.0
OC-11443,2019-09-10,PROV-012,Secretaría A,6495.0
OC-11444,2019-09-10,PROV-012,Secretaría B,4330.0
OC-11445,2019-09-10,PROV-012,Secretaría D,17881.5
OC-11446,2019-09-10,PROV-012,Secretaría D,20436.0
OC-11447,2019-09-10,PROV-012,Secretaría A,45981.0
OC-11448,2019-09-10,PROV-012,Secretaría A,306540.0
OC-11449,2019-09-10,PROV-012,Secretaría F,25545.0
OC-11450,2019-09-10,PROV-012,Secretaría D,40872.0
OC-11451,2019-09-10,PROV-012,Secretaría G,7663.5
OC-11452,2019-09-10,PROV-012,Secretaría D,5196.0
OC-11453,2019-09-10,PROV-012,Secretaría A,129900.0
OC-11454,2019-09-10,PROV-012,Secretaría A,173200.0
OC-11455,2019-09-10,PROV-012,Secretaría A,86600.0
OC-11456,2019-09-10,PROV-012,Secretaría A,259800.0
OC-11457,2019-09-11,PROV-020,Secretaría A,7140.0
OC-11458,2019-09-11,PROV-084,Secretaría F,6370.0
OC-11459,2019-09-11,PROV-074,Secretaría A,1480.0
OC-11460,2019-09-11,PROV-020,Secretaría A,6040.07
OC-11461,2019-09-11,PROV-020,Secretaría A,6298.0
OC-11462,2019-09-11,PROV-039,Secretaría F,78000.0
OC-11463,2019-09-11,PROV-001,Secretaría C,4610.0
OC-11464,2019-09-11,PROV-017,Secretaría A,820.0
OC-11465,2019-09-11,PROV-030,Secretaría A,6973.0
OC-11466,2019-09-11,PROV-030,Secretaría A,3756.0
OC-11467,2019-09-11,PROV-034,Secretaría A,1445.0
OC-11468,2019-09-11,PROV-034,Secretaría A,2100.0
OC-11469,2019-09-11,PROV-034,Secretaría D,2262.0
OC-11470,2019-09-11,PROV-034,Secretaría I,3365.0
OC-11471,2019-09-11,PROV-100,Secretaría A,1570.0
OC-11472,2019-09-11,PROV-086,Secretaría E,108280.0
OC-11473,2019-09-11,PROV-148,Secretaría A,167332.0
OC-11474,2019-09-11,PROV-135,Secretaría A,10800.0
OC-11475,2019-09-11,PROV-040,Secretaría E,54000.0
OC-11476,2019-09-11,PROV-027,Secretaría G,6662.0
OC-11477,2019-09-11,PROV-016,Secretaría B,41700.0
OC-11478,2019-09-11,PROV-045,Secretaría D,6263.73
OC-11479,2019-09-11,PROV-030,Secretaría D,3090.0
OC-11480,2019-09-11,PROV-017,Secretaría B,6426.92
OC-11481,2019-09-11,PROV-389,Secretaría A,2500.0
OC-11482,2019-09-11,PROV-272,Secretaría A,4800.0
OC-11483,2019-09-11,PROV-030,Secretaría D,1831.0
OC-11484,2019-09-11,PROV-090,Secretaría D,4635.14
OC-11485,2019-09-11,PROV-029,Secretaría D,51667.0
OC-11486,2019-09-11,PROV-193,Secretaría C,8400.0
OC-11487,2019-09-11,PROV-211,Secretaría C,12150.0
OC-11488,2019-09-11,PROV-135,Secretaría A,12000.0
OC-11489,2019-09-11,PROV-002,Secretaría C,3150.0
OC-11490,2019-09-11,PROV-074,Secretaría A,82396.0
OC-11491,2019-09-12,PROV-467,Secretaría C,9000.0
OC-11492,2019-09-12,PROV-224,Secretaría A,29285.0
OC-11493,2019-09-12,PROV-170,Secretaría E,11400.0
OC-11494,2019-09-12,PROV-170,Secretaría E,16896.0
OC-11495,2019-09-12,PROV-022,Secretaría C,15233.0
OC-11496,2019-09-12,PROV-033,Secretaría D,6250.0
OC-11497,2019-09-12,PROV-135,Secretaría D,22000.0
OC-11498,2019-09-12,PROV-017,Secretaría D,18830.5
OC-11499,2019-09-12,PROV-100,Secretaría D,1255.0
OC-11500,2019-09-12,PROV-275,Secretaría E,4800.0
OC-11501,2019-09-12,PROV-034,Secretaría A,1640.0
OC-11502,2019-09-12,PROV-070,Secretaría D,7603.6
OC-11503,2019-09-12,PROV-218,Secretaría C,4270.0
OC-11504,2019-09-13,PROV-020,Secretaría A,8694.06
OC-11505,2019-09-13,PROV-050,Secretaría D,18000.0
OC-11506,2019-09-13,PROV-090,Secretaría A,2085.0
OC-11507,2019-09-13,PROV-348,Secretaría A,14823.0
OC-11508,2019-09-13,PROV-034,Secretaría A,935.0
OC-11509,2019-09-13,PROV-020,Secretaría A,1514.58
OC-11510,2019-09-13,PROV-105,Secretaría A,820.0
OC-11511,2019-09-13,PROV-012,Secretaría A,23171.0
OC-11512,2019-09-13,PROV-020,Secretaría A,33816.0
OC-11513,2019-09-13,PROV-039,Secretaría A,20350.0
OC-11514,2019-09-13,PROV-468,Secretaría C,600.0
OC-11515,2019-09-13,PROV-253,Secretaría B,20500.0
OC-11516,2019-09-13,PROV-113,Secretaría E,7993.39
OC-11517,2019-09-13,PROV-193,Secretaría E,13240.0
OC-11518,2019-09-13,PROV-017,Secretaría C,16820.0
OC-11519,2019-09-13,PROV-212,Secretaría A,73843.2
OC-11520,2019-09-16,PROV-167,Secretaría F,4800.0
OC-11521,2019-09-16,PROV-079,Secretaría F,14520.0
OC-11522,2019-09-16,PROV-104,Secretaría B,3678.8
OC-11523,2019-09-16,PROV-027,Secretaría C,34176.0
OC-11524,2019-09-16,PROV-056,Secretaría A,12720.0
OC-11525,2019-09-16,PROV-148,Secretaría A,9875.0
OC-11526,2019-09-16,PROV-017,Secretaría C,38619.0
OC-11527,2019-09-16,PROV-045,Secretaría F,5027.65
OC-11528,2019-09-16,PROV-003,Secretaría C,8420.52
OC-11529,2019-09-16,PROV-020,Secretaría A,1054.97
OC-11530,2019-09-16,PROV-380,Secretaría I,2200.0
OC-11531,2019-09-16,PROV-059,Secretaría A,780.0
OC-11532,2019-09-16,PROV-034,Secretaría I,1010.0
OC-11533,2019-09-16,PROV-033,Secretaría B,9434.0
OC-11534,2019-09-16,PROV-033,Secretaría B,14520.25
OC-11535,2019-09-16,PROV-525,Secretaría H,2784.0
OC-11536,2019-09-16,PROV-525,Secretaría H,7134.0
OC-11537,2019-09-16,PROV-059,Secretaría H,3795.0
OC-11538,2019-09-16,PROV-525,Secretaría H,4500.0
OC-11539,2019-09-16,PROV-525,Secretaría B,600.0
OC-11540,2019-09-16,PROV-525,Secretaría F,768.0
OC-11541,2019-09-16,PROV-114,Secretaría A,11774.19
OC-11542,2019-09-16,PROV-090,Secretaría F,14725.55
OC-11543,2019-09-16,PROV-034,Secretaría F,1520.0
OC-11544,2019-09-16,PROV-525,Secretaría C,384.0
OC-11545,2019-09-17,PROV-005,Secretaría B,3398.91
OC-11546,2019-09-17,PROV-008,Secretaría B,18800.0
OC-11547,2019-09-17,PROV-034,Secretaría A,710.0
OC-11548,2019-09-17,PROV-020,Secretaría A,12280.08
OC-11549,2019-09-17,PROV-020,Secretaría D,885.8
OC-11550,2019-09-17,PROV-024,Secretaría B,121012.44
OC-11551,2019-09-17,PROV-078,Secretaría B,78068.0
OC-11552,2019-09-17,PROV-108,Secretaría B,48550.0
OC-11553,2019-09-17,PROV-028,Secretaría B,52238.0
OC-11554,2019-09-17,PROV-150,Secretaría B,67888.2
OC-11555,2019-09-17,PROV-049,Secretaría B,13386.58
OC-11556,2019-09-17,PROV-024,Secretaría B,4930.0
OC-11557,2019-09-17,PROV-002,Secretaría C,525.0
OC-11558,2019-09-17,PROV-049,Secretaría B,55379.22
OC-11559,2019-09-17,PROV-326,Secretaría B,28080.0
OC-11560,2019-09-17,PROV-051,Secretaría B,36442.06
OC-11561,2019-09-17,PROV-019,Secretaría B,173909.0
OC-11562,2019-09-17,PROV-087,Secretaría B,6780.0
OC-11563,2019-09-17,PROV-164,Secretaría B,150000.0
OC-11564,2019-09-17,PROV-397,Secretaría B,13200.0
OC-11565,2019-09-17,PROV-003,Secretaría A,9993.69
OC-11566,2019-09-17,PROV-005,Secretaría B,173750.46
OC-11567,2019-09-17,PROV-226,Secretaría B,7717.94
OC-11568,2019-09-17,PROV-049,Secretaría B,19404.0
OC-11569,2019-09-17,PROV-025,Secretaría D,101177.96
OC-11570,2019-09-17,PROV-049,Secretaría B,48519.17
OC-11571,2019-09-17,PROV-002,Secretaría C,10080.0
OC-11572,2019-09-17,PROV-041,Secretaría C,43927.27
OC-11573,2019-09-17,PROV-070,Secretaría D,1680.0
OC-11574,2019-09-17,PROV-050,Secretaría D,802.0
OC-11575,2019-09-17,PROV-100,Secretaría D,1090.0
OC-11576,2019-09-17,PROV-057,Secretaría A,9600.0
OC-11577,2019-09-17,PROV-027,Secretaría B,5282.0
OC-11578,2019-09-17,PROV-105,Secretaría A,540.0
OC-11579,2019-09-17,PROV-176,Secretaría I,12873.0
OC-11580,2019-09-17,PROV-380,Secretaría I,11500.0
OC-11581,2019-09-17,PROV-041,Secretaría C,8437.64
OC-11582,2019-09-17,PROV-342,Secretaría F,3800.0
OC-11583,2019-09-17,PROV-100,Secretaría A,1750.0
OC-11584,2019-09-17,PROV-050,Secretaría A,1200.0
OC-11585,2019-09-17,PROV-003,Secretaría C,2702.04
OC-11586,2019-09-17,PROV-003,Secretaría C,5630.45
OC-11587,2019-09-17,PROV-003,Secretaría C,9160.19
OC-11588,2019-09-17,PROV-033,Secretaría C,660.0
OC-11589,2019-09-17,PROV-041,Secretaría B,10266.78
OC-11590,2019-09-17,PROV-034,Secretaría A,1920.0
OC-11591,2019-09-17,PROV-057,Secretaría A,5400.0
OC-11592,2019-09-18,PROV-042,Secretaría G,80000.0
OC-11593,2019-09-18,PROV-159,Secretaría D,19250.0
OC-11594,2019-09-18,PROV-161,Secretaría E,1185.0
OC-11595,2019-09-18,PROV-281,Secretaría E,8954.0
OC-11596,2019-09-18,PROV-055,Secretaría G,13560.0
OC-11597,2019-09-18,PROV-084,Secretaría G,3430.0
OC-11598,2019-09-18,PROV-040,Secretaría E,6000.0
OC-11599,2019-09-18,PROV-104,Secretaría G,5123.5
OC-11600,2019-09-18,PROV-218,Secretaría H,1100.0
OC-11601,2019-09-18,PROV-053,Secretaría C,93000.0
OC-11602,2019-09-18,PROV-265,Secretaría B,7333.0
OC-11603,2019-09-18,PROV-114,Secretaría E,8470.55
OC-11604,2019-09-18,PROV-027,Secretaría B,13407.46
OC-11605,2019-09-18,PROV-547,Secretaría E,12800.0
OC-11606,2019-09-18,PROV-060,Secretaría D,105800.0
OC-11607,2019-09-18,PROV-287,Secretaría A,58039.68
OC-11608,2019-09-18,PROV-027,Secretaría D,2034.0
OC-11609,2019-09-18,PROV-060,Secretaría D,39956.0
OC-11610,2019-09-18,PROV-090,Secretaría A,126277.98
OC-11611,2019-09-18,PROV-306,Secretaría C,2450.0
OC-11612,2019-09-18,PROV-520,Secretaría E,17300.0
OC-11613,2019-09-18,PROV-162,Secretaría A,13019.94
OC-11614,2019-09-18,PROV-104,Secretaría A,126000.0
OC-11615,2019-09-19,PROV-059,Secretaría E,48896.0
OC-11616,2019-09-19,PROV-045,Secretaría F,2768.66
OC-11617,2019-09-19,PROV-034,Secretaría A,3975.0
OC-11618,2019-09-19,PROV-344,Secretaría F,16000.0
OC-11619,2019-09-19,PROV-342,Secretaría F,2900.0
OC-11620,2019-09-19,PROV-020,Secretaría F,17050.86
OC-11621,2019-09-19,PROV-223,Secretaría C,940.0
OC-11622,2019-09-19,PROV-017,Secretaría C,21562.4
OC-11623,2019-09-19,PROV-097,Secretaría A,4700.0
OC-11624,2019-09-19,PROV-030,Secretaría A,3332.0
OC-11625,2019-09-19,PROV-224,Secretaría A,13845.0
OC-11626,2019-09-19,PROV-114,Secretaría E,24562.73
OC-11627,2019-09-19,PROV-057,Secretaría H,5600.0
OC-11628,2019-09-19,PROV-113,Secretaría E,19139.9
OC-11629,2019-09-19,PROV-020,Secretaría A,10780.0
OC-11630,2019-09-19,PROV-034,Secretaría F,6380.0
OC-11631,2019-09-19,PROV-020,Secretaría D,2810.56
OC-11632,2019-09-19,PROV-020,Secretaría A,6477.28
OC-11633,2019-09-19,PROV-020,Secretaría A,3200.0
OC-11634,2019-09-19,PROV-020,Secretaría A,3840.0
OC-11635,2019-09-19,PROV-020,Secretaría A,5632.36
OC-11636,2019-09-19,PROV-113,Secretaría C,18288.12
OC-11637,2019-09-19,PROV-020,Secretaría A,3178.5
OC-11638,2019-09-19,PROV-052,Secretaría A,62350.0
OC-11639,2019-09-19,PROV-052,Secretaría A,36975.0
OC-11640,2019-09-19,PROV-016,Secretaría B,28100.0
OC-11641,2019-09-19,PROV-017,Secretaría F,1045.91
OC-11642,2019-09-19,PROV-020,Secretaría A,4594.12
OC-11643,2019-09-20,PROV-097,Secretaría E,16350.0
OC-11644,2019-09-20,PROV-020,Secretaría A,4514.04
OC-11645,2019-09-20,PROV-003,Secretaría C,2960.06
OC-11646,2019-09-20,PROV-033,Secretaría G,4684.0
OC-11647,2019-09-20,PROV-025,Secretaría D,155246.03
OC-11648,2019-09-20,PROV-041,Secretaría A,12457.97
OC-11649,2019-09-20,PROV-020,Secretaría A,4937.0
OC-11650,2019-09-20,PROV-003,Secretaría A,16799.74
OC-11651,2019-09-20,PROV-389,Secretaría A,2800.0
OC-11652,2019-09-20,PROV-114,Secretaría A,26900.59
OC-11653,2019-09-20,PROV-104,Secretaría F,1480.0
OC-11654,2019-09-20,PROV-253,Secretaría B,5700.0
OC-11655,2019-09-20,PROV-017,Secretaría C,13812.4
OC-11656,2019-09-20,PROV-017,Secretaría C,9436.0
OC-11657,2019-09-20,PROV-034,Secretaría I,23600.0
OC-11658,2019-09-20,PROV-390,Secretaría E,1725.0
OC-11659,2019-09-20,PROV-059,Secretaría F,8158.0
OC-11660,2019-09-20,PROV-030,Secretaría C,5550.0
OC-11661,2019-09-20,PROV-020,Secretaría A,7720.0
OC-11662,2019-09-20,PROV-050,Secretaría F,2768.0
OC-11663,2019-09-20,PROV-390,Secretaría E,2520.0
OC-11664,2019-09-20,PROV-255,Secretaría B,40000.0
OC-11665,2019-09-20,PROV-088,Secretaría I,6700.0
OC-11666,2019-09-20,PROV-060,Secretaría D,134366.0
OC-11667,2019-09-20,PROV-522,Secretaría E,6243.0
OC-11668,2019-09-20,PROV-084,Secretaría B,15550.0
OC-11669,2019-09-20,PROV-341,Secretaría E,80000.0
OC-11670,2019-09-20,PROV-320,Secretaría B,4290.0
OC-11671,2019-09-20,PROV-320,Secretaría B,2320.0
OC-11672,2019-09-20,PROV-288,Secretaría F,26284.74
OC-11673,2019-09-20,PROV-055,Secretaría F,24786.3
OC-11674,2019-09-20,PROV-283,Secretaría A,136137.34
OC-11675,2019-09-20,PROV-068,Secretaría B,64470.0
OC-11676,2019-09-20,PROV-034,Secretaría B,12300.0
OC-11677,2019-09-20,PROV-003,Secretaría A,7819.02
OC-11678,2019-09-20,PROV-081,Secretaría A,17932.2
OC-11679,2019-09-20,PROV-063,Secretaría A,119700.0
OC-11680,2019-09-20,PROV-151,Secretaría A,71819.92
OC-11681,2019-09-20,PROV-339,Secretaría A,87390.0
OC-11682,2019-09-20,PROV-359,Secretaría B,40000.0
OC-11683,2019-09-20,PROV-289,Secretaría F,26284.74
OC-11684,2019-09-23,PROV-033,Secretaría E,157610.01
OC-11685,2019-09-23,PROV-017,Secretaría A,83718.0
OC-11686,2019-09-23,PROV-017,Secretaría A,143947.5
OC-11687,2019-09-23,PROV-034,Secretaría G,4110.0
OC-11688,2019-09-23,PROV-167,Secretaría G,6940.0
OC-11689,2019-09-23,PROV-275,Secretaría C,2500.0
OC-11690,2019-09-23,PROV-087,Secretaría B,6100.0
OC-11691,2019-09-23,PROV-020,Secretaría A,1006.53
OC-11692,2019-09-23,PROV-100,Secretaría D,360.0
OC-11693,2019-09-23,PROV-062,Secretaría B,63706.5
OC-11694,2019-09-23,PROV-030,Secretaría B,975.0
OC-11695,2019-09-23,PROV-017,Secretaría B,4692.3
OC-11696,2019-09-23,PROV-320,Secretaría C,635.0
OC-11697,2019-09-23,PROV-020,Secretaría A,4460.0
OC-11698,2019-09-23,PROV-100,Secretaría D,400.0
OC-11699,2019-09-23,PROV-020,Secretaría A,3066.7
OC-11700,2019-09-23,PROV-045,Secretaría A,2760.0
OC-11701,2019-09-23,PROV-060,Secretaría D,51143.0
OC-11702,2019-09-23,PROV-144,Secretaría C,74037.0
OC-11703,2019-09-23,PROV-100,Secretaría D,1850.0
OC-11704,2019-09-23,PROV-100,Secretaría D,330.0
OC-11705,2019-09-23,PROV-045,Secretaría C,3726.0
OC-11706,2019-09-23,PROV-050,Secretaría D,18978.0
OC-11707,2019-09-23,PROV-017,Secretaría E,77160.5
OC-11708,2019-09-23,PROV-399,Secretaría D,3254.9
OC-11709,2019-09-23,PROV-045,Secretaría A,1592.43
OC-11710,2019-09-23,PROV-571,Secretaría B,8340.0
OC-11711,2019-09-23,PROV-218,Secretaría A,9600.0
OC-11712,2019-09-23,PROV-036,Secretaría C,84960.0
OC-11713,2019-09-25,PROV-020,Secretaría A,1835.55
OC-11714,2019-09-25,PROV-100,Secretaría D,4200.0
OC-11715,2019-09-25,PROV-034,Secretaría A,1476.0
OC-11716,2019-09-25,PROV-034,Secretaría A,1155.0
OC-11717,2019-09-25,PROV-034,Secretaría A,1510.0
OC-11718,2019-09-25,PROV-020,Secretaría A,6190.0
OC-11719,2019-09-25,PROV-093,Secretaría B,3595.56
OC-11720,2019-09-25,PROV-045,Secretaría A,32950.0
OC-11721,2019-09-25,PROV-020,Secretaría A,6540.0
OC-11722,2019-09-25,PROV-105,Secretaría A,1860.0
OC-11723,2019-09-25,PROV-025,Secretaría A,63924.18
OC-11724,2019-09-25,PROV-429,Secretaría G,18000.0
OC-11725,2019-09-25,PROV-056,Secretaría A,5000.0
OC-11726,2019-09-25,PROV-052,Secretaría A,31450.0
OC-11727,2019-09-25,PROV-020,Secretaría A,6448.0
OC-11728,2019-09-25,PROV-020,Secretaría A,7078.0
OC-11729,2019-09-25,PROV-114,Secretaría A,8212.77
OC-11730,2019-09-25,PROV-020,Secretaría A,10476.0
OC-11731,2019-09-25,PROV-020,Secretaría D,2395.0
OC-11732,2019-09-25,PROV-570,Secretaría G,8800.0
OC-11733,2019-09-25,PROV-611,Secretaría C,1600.0
OC-11734,2019-09-25,PROV-105,Secretaría C,2395.0
OC-11735,2019-09-25,PROV-507,Secretaría A,3266.0
OC-11736,2019-09-25,PROV-027,Secretaría C,124577.0
OC-11737,2019-09-25,PROV-020,Secretaría A,2780.0
OC-11738,2019-09-25,PROV-006,Secretaría A,3562922.49
OC-11739,2019-09-25,PROV-087,Secretaría B,5930.0
OC-11740,2019-09-25,PROV-034,Secretaría A,4125.0
OC-11741,2019-09-25,PROV-141,Secretaría A,5123.0
OC-11742,2019-09-25,PROV-141,Secretaría D,2829.96
OC-11743,2019-09-25,PROV-141,Secretaría A,1701.57
OC-11744,2019-09-25,PROV-141,Secretaría A,933.3
OC-11745,2019-09-25,PROV-034,Secretaría A,1135.0
OC-11746,2019-09-26,PROV-113,Secretaría D,1081.6
OC-11747,2019-09-26,PROV-352,Secretaría C,2000.0
OC-11748,2019-09-26,PROV-100,Secretaría A,4600.0
OC-11749,2019-09-26,PROV-470,Secretaría C,9000.0
OC-11750,2019-09-26,PROV-360,Secretaría G,4480.0
OC-11751,2019-09-26,PROV-009,Secretaría H,4019.2
OC-11752,2019-09-26,PROV-009,Secretaría G,15072.0
OC-11753,2019-09-26,PROV-220,Secretaría C,76000.0
OC-11754,2019-09-26,PROV-017,Secretaría D,2187.0
OC-11755,2019-09-26,PROV-076,Secretaría A,167328.0
OC-11756,2019-09-26,PROV-218,Secretaría D,6330.0
OC-11757,2019-09-26,PROV-090,Secretaría F,2800.24
OC-11758,2019-09-26,PROV-030,Secretaría D,1100.0
OC-11759,2019-09-26,PROV-025,Secretaría D,108143.51
OC-11760,2019-09-26,PROV-055,Secretaría G,4900.0
OC-11761,2019-09-26,PROV-045,Secretaría G,3658.73
OC-11762,2019-09-26,PROV-055,Secretaría G,11180.0
OC-11763,2019-09-26,PROV-140,Secretaría A,5930.0
OC-11764,2019-09-26,PROV-243,Secretaría A,49700.0
OC-11765,2019-09-26,PROV-330,Secretaría F,77233.0
OC-11766,2019-09-26,PROV-059,Secretaría D,8379.0
OC-11767,2019-09-26,PROV-059,Secretaría D,13129.0
OC-11768,2019-09-26,PROV-025,Secretaría D,6541.45
OC-11769,2019-09-27,PROV-383,Secretaría A,3560.0
OC-11770,2019-09-27,PROV-383,Secretaría A,9635.0
OC-11771,2019-09-27,PROV-018,Secretaría D,12889.1
OC-11772,2019-09-27,PROV-383,Secretaría A,5300.0
OC-11773,2019-09-27,PROV-279,Secretaría B,40000.0
OC-11774,2019-09-27,PROV-149,Secretaría F,5400.0
OC-11775,2019-09-27,PROV-056,Secretaría A,13276.0
OC-11776,2019-09-27,PROV-279,Secretaría B,7000.0
OC-11777,2019-09-27,PROV-090,Secretaría I,7025.38
OC-11778,2019-09-27,PROV-149,Secretaría F,9770.0
OC-11779,2019-09-27,PROV-005,Secretaría B,62200.0
OC-11780,2019-09-27,PROV-049,Secretaría B,42000.0
OC-11781,2019-09-27,PROV-084,Secretaría B,3100.0
OC-11782,2019-09-27,PROV-272,Secretaría A,2219.0
OC-11783,2019-09-27,PROV-001,Secretaría C,3562.8
OC-11784,2019-09-27,PROV-001,Secretaría C,596.0
OC-11785,2019-09-27,PROV-012,Secretaría A,137070.0
OC-11786,2019-09-27,PROV-063,Secretaría A,15823.34
OC-11787,2019-09-27,PROV-083,Secretaría C,7849.8
OC-11788,2019-09-27,PROV-012,Secretaría B,32988.0
OC-11789,2019-09-27,PROV-615,Secretaría C,950.0
OC-11790,2019-09-27,PROV-023,Secretaría E,22050.0
OC-11791,2019-09-27,PROV-272,Secretaría A,3310.0
OC-11792,2019-09-27,PROV-100,Secretaría D,970.0
OC-11793,2019-09-27,PROV-272,Secretaría A,9360.0
OC-11794,2019-09-27,PROV-090,Secretaría F,1887.29
OC-11795,2019-09-27,PROV-023,Secretaría D,37380.0
OC-11796,2019-09-27,PROV-074,Secretaría I,35800.0
OC-11797,2019-09-27,PROV-083,Secretaría C,880.0
OC-11798,2019-09-27,PROV-084,Secretaría D,18400.0
OC-11799,2019-09-27,PROV-003,Secretaría A,67198.95
OC-11800,2019-09-27,PROV-267,Secretaría C,38000.0
OC-11801,2019-09-27,PROV-100,Secretaría A,21730.0
OC-11802,2019-09-27,PROV-159,Secretaría D,7700.0
OC-11803,2019-09-27,PROV-466,Secretaría C,250.0
OC-11804,2019-09-27,PROV-030,Secretaría C,14720.0
OC-11805,2019-09-27,PROV-063,Secretaría A,68344.0
OC-11806,2019-09-27,PROV-104,Secretaría A,32700.0
OC-11807,2019-09-27,PROV-383,Secretaría A,1940.0
OC-11808,2019-09-27,PROV-104,Secretaría A,132000.0
OC-11809,2019-09-27,PROV-157,Secretaría C,1100.0
OC-11810,2019-09-27,PROV-020,Secretaría A,3395.0
OC-11811,2019-09-27,PROV-084,Secretaría B,20980.0
OC-11812,2019-09-27,PROV-090,Secretaría I,11080.1
OC-11813,2019-09-27,PROV-080,Secretaría C,3991.95
OC-11814,2019-09-27,PROV-080,Secretaría D,445.59
OC-11815,2019-09-27,PROV-020,Secretaría A,716.57
OC-11816,2019-09-27,PROV-027,Secretaría G,1306.0
OC-11817,2019-09-27,PROV-020,Secretaría A,1955.0
OC-11818,2019-09-27,PROV-020,Secretaría A,2735.42
OC-11819,2019-09-27,PROV-017,Secretaría C,5840.0
OC-11820,2019-09-27,PROV-045,Secretaría D,12701.03
OC-11821,2019-09-27,PROV-020,Secretaría A,1842.38
OC-11822,2019-09-30,PROV-015,Secretaría C,10420.0
OC-11823,2019-09-30,PROV-048,Secretaría A,107300.0
OC-11824,2019-09-30,PROV-015,Secretaría C,112340.0
OC-11825,2019-09-30,PROV-015,Secretaría C,67400.0
OC-11826,2019-09-30,PROV-015,Secretaría B,107920.0
OC-11827,2019-09-30,PROV-015,Secretaría B,43700.0
OC-11828,2019-09-30,PROV-461,Secretaría E,6500.0
OC-11829,2019-09-30,PROV-020,Secretaría A,4612.0
OC-11830,2019-09-30,PROV-017,Secretaría A,20917.35
OC-11831,2019-09-30,PROV-039,Secretaría A,102400.0
OC-11832,2019-09-30,PROV-020,Secretaría A,1853.25
OC-11833,2019-09-30,PROV-039,Secretaría A,168700.0
OC-11834,2019-09-30,PROV-033,Secretaría G,2925.0
OC-11835,2019-09-30,PROV-368,Secretaría E,14483.7
OC-11836,2019-09-30,PROV-018,Secretaría A,15991.48
OC-11837,2019-09-30,PROV-003,Secretaría E,7146.9
OC-11838,2019-09-30,PROV-015,Secretaría B,3385.0
OC-11839,2019-09-30,PROV-007,Secretaría B,3360.0
OC-11840,2019-09-30,PROV-015,Secretaría C,25200.0
OC-11841,2019-09-30,PROV-049,Secretaría B,259545.0
OC-11842,2019-09-30,PROV-007,Secretaría C,53900.0
OC-11843,2019-09-30,PROV-015,Secretaría C,12010.0
OC-11844,2019-09-30,PROV-007,Secretaría C,38250.0
OC-11845,2019-09-30,PROV-007,Secretaría B,9650.0
OC-11846,2019-09-30,PROV-007,Secretaría C,11160.0
OC-11847,2019-09-30,PROV-007,Secretaría C,127560.0
OC-11848,2019-09-30,PROV-007,Secretaría C,76250.0
OC-11849,2019-09-30,PROV-007,Secretaría B,151980.0
OC-11850,2019-09-30,PROV-007,Secretaría B,22400.0
OC-11851,2019-09-30,PROV-007,Secretaría A,80000.0
OC-11852,2019-09-30,PROV-272,Secretaría D,1800.0
OC-11853,2019-09-30,PROV-201,Secretaría G,1632.0
OC-11854,2019-09-30,PROV-047,Secretaría C,2097.75
OC-11855,2019-09-30,PROV-003,Secretaría C,3894.44
OC-11856,2019-09-30,PROV-015,Secretaría B,4890.0
OC-11857,2019-09-30,PROV-020,Secretaría A,2075.67
OC-11858,2019-09-30,PROV-308,Secretaría G,91997.0
OC-11859,2019-09-30,PROV-020,Secretaría A,4890.0
OC-11860,2019-09-30,PROV-001,Secretaría C,4788.6
OC-11861,2019-09-30,PROV-109,Secretaría C,2310.0
OC-11862,2019-09-30,PROV-024,Secretaría B,39177.2
OC-11863,2019-09-30,PROV-068,Secretaría B,308024.0
OC-11864,2019-09-30,PROV-109,Secretaría C,3990.0
OC-11865,2019-09-30,PROV-109,Secretaría C,10195.0
OC-11866,2019-09-30,PROV-001,Secretaría C,791280.0
OC-11867,2019-09-30,PROV-109,Secretaría C,5525.0
OC-11868,2019-09-30,PROV-008,Secretaría B,30637.0
OC-11869,2019-09-30,PROV-069,Secretaría B,15526.4
OC-11870,2019-09-30,PROV-194,Secretaría A,5550.0
OC-11871,2019-09-30,PROV-194,Secretaría B,12437.5
OC-11872,2019-09-30,PROV-001,Secretaría G,5455.0
OC-11873,2019-09-30,PROV-020,Secretaría A,3910.53
OC-11874,2019-09-30,PROV-078,Secretaría B,54150.0
OC-11875,2019-09-30,PROV-109,Secretaría B,1850.0
OC-11876,2019-09-30,PROV-108,Secretaría B,70678.0
OC-11877,2019-09-30,PROV-002,Secretaría C,23160.7
OC-11878,2019-09-30,PROV-003,Secretaría C,3460.32
OC-11879,2019-09-30,PROV-494,Secretaría G,4000.0
OC-11880,2019-09-30,PROV-017,Secretaría C,20640.9
OC-11881,2019-09-30,PROV-002,Secretaría B,53708.5
OC-11882,2019-09-30,PROV-045,Secretaría C,1645.6
OC-11883,2019-09-30,PROV-002,Secretaría C,3404.0
OC-11884,2019-09-30,PROV-002,Secretaría B,7947.75
OC-11885,2019-09-30,PROV-002,Secretaría C,5938.0
OC-11886,2019-09-30,PROV-002,Secretaría C,5990.0
OC-11887,2019-09-30,PROV-002,Secretaría C,3989.0
OC-11888,2019-09-30,PROV-002,Secretaría C,6305.0
OC-11889,2019-09-30,PROV-002,Secretaría C,3008.0
OC-11890,2019-09-30,PROV-002,Secretaría C,74391.75
OC-11891,2019-09-30,PROV-002,Secretaría C,6609.3
OC-11892,2019-09-30,PROV-002,Secretaría C,64279.0
OC-11893,2019-09-30,PROV-002,Secretaría C,4391.0
OC-11894,2019-10-01,PROV-034,Secretaría A,1820.0
OC-11895,2019-10-01,PROV-142,Secretaría C,28800.0
OC-11896,2019-10-01,PROV-025,Secretaría D,36436.62
OC-11897,2019-10-01,PROV-124,Secretaría B,4275.0
OC-11898,2019-10-01,PROV-055,Secretaría G,1580.0
OC-11899,2019-10-01,PROV-057,Secretaría H,4000.0
OC-11900,2019-10-01,PROV-268,Secretaría D,14800.0
OC-11901,2019-10-01,PROV-124,Secretaría B,2550.0
OC-11902,2019-10-01,PROV-124,Secretaría C,3990.0
OC-11903,2019-10-01,PROV-118,Secretaría B,150000.0
OC-11904,2019-10-01,PROV-124,Secretaría C,10200.0
OC-11905,2019-10-01,PROV-027,Secretaría F,1938.0
OC-11906,2019-10-01,PROV-104,Secretaría C,3694.0
OC-11907,2019-10-01,PROV-467,Secretaría C,6000.0
OC-11908,2019-10-01,PROV-167,Secretaría D,17820.0
OC-11909,2019-10-01,PROV-295,Secretaría B,80000.0
OC-11910,2019-10-01,PROV-269,Secretaría B,80000.0
OC-11911,2019-10-01,PROV-277,Secretaría B,80000.0
OC-11912,2019-10-01,PROV-426,Secretaría H,47500.0
OC-11913,2019-10-01,PROV-142,Secretaría C,2375.0
OC-11914,2019-10-01,PROV-034,Secretaría A,9060.0
OC-11915,2019-10-01,PROV-008,Secretaría B,23940.0
OC-11916,2019-10-01,PROV-034,Secretaría A,6975.0
OC-11917,2019-10-01,PROV-045,Secretaría A,19459.52
OC-11918,2019-10-01,PROV-034,Secretaría A,15300.0
OC-11919,2019-10-01,PROV-034,Secretaría A,505.0
OC-11920,2019-10-01,PROV-034,Secretaría A,9810.0
OC-11921,2019-10-01,PROV-105,Secretaría A,1800.0
OC-11922,2019-10-01,PROV-100,Secretaría D,1150.0
OC-11923,2019-10-01,PROV-058,Secretaría B,1990.0
OC-11924,2019-10-01,PROV-024,Secretaría B,124241.0
OC-11925,2019-10-01,PROV-005,Secretaría B,32370.0
OC-11926,2019-10-01,PROV-034,Secretaría A,26550.0
OC-11927,2019-10-01,PROV-028,Secretaría B,145189.6
OC-11928,2019-10-01,PROV-218,Secretaría C,2750.0
OC-11929,2019-10-01,PROV-135,Secretaría D,24000.0
OC-11930,2019-10-01,PROV-100,Secretaría D,685.0
OC-11931,2019-10-01,PROV-055,Secretaría B,7160.0
OC-11932,2019-10-01,PROV-055,Secretaría D,4150.0
OC-11933,2019-10-01,PROV-034,Secretaría A,7650.0
OC-11934,2019-10-01,PROV-168,Secretaría A,4600.0
OC-11935,2019-10-01,PROV-023,Secretaría C,64453.0
OC-11936,2019-10-01,PROV-020,Secretaría A,18588.0
OC-11937,2019-10-02,PROV-003,Secretaría E,162301.47
OC-11938,2019-10-02,PROV-041,Secretaría C,4874.17
OC-11939,2019-10-02,PROV-224,Secretaría A,7355.0
OC-11940,2019-10-02,PROV-041,Secretaría C,10784.14
OC-11941,2019-10-02,PROV-020,Secretaría A,1098.0
OC-11942,2019-10-02,PROV-020,Secretaría A,1106.29
OC-11943,2019-10-02,PROV-053,Secretaría C,1087200.0
OC-11944,2019-10-02,PROV-127,Secretaría B,18512.0
OC-11945,2019-10-02,PROV-020,Secretaría A,3700.0
OC-11946,2019-10-02,PROV-030,Secretaría B,4554.0
OC-11947,2019-10-02,PROV-127,Secretaría B,23600.0
OC-11948,2019-10-02,PROV-440,Secretaría E,20144.0
OC-11949,2019-10-02,PROV-074,Secretaría A,2130.0
OC-11950,2019-10-02,PROV-440,Secretaría E,23750.0
OC-11951,2019-10-02,PROV-074,Secretaría A,5000.0
OC-11952,2019-10-02,PROV-103,Secretaría C,3150.0
OC-11953,2019-10-02,PROV-117,Secretaría B,150000.0
OC-11954,2019-10-02,PROV-041,Secretaría B,2254.2
OC-11955,2019-10-02,PROV-041,Secretaría C,2207.02
OC-11956,2019-10-02,PROV-041,Secretaría C,1896.5
OC-11957,2019-10-02,PROV-041,Secretaría C,6877.57
OC-11958,2019-10-02,PROV-055,Secretaría D,7590.0
OC-11959,2019-10-02,PROV-041,Secretaría C,1498.45
OC-11960,2019-10-02,PROV-055,Secretaría H,3750.0
OC-11961,2019-10-02,PROV-262,Secretaría B,100000.0
OC-11962,2019-10-02,PROV-050,Secretaría C,2610.0
OC-11963,2019-10-02,PROV-041,Secretaría C,56577.6
OC-11964,2019-10-02,PROV-103,Secretaría C,37370.0
OC-11965,2019-10-02,PROV-103,Secretaría B,16650.0
OC-11966,2019-10-02,PROV-041,Secretaría B,58829.39
OC-11967,2019-10-03,PROV-084,Secretaría B,10570.0
OC-11968,2019-10-03,PROV-021,Secretaría B,2240.0
OC-11969,2019-10-03,PROV-109,Secretaría C,16907.5
OC-11970,2019-10-03,PROV-030,Secretaría D,1124.0
OC-11971,2019-10-03,PROV-033,Secretaría D,43450.0
OC-11972,2019-10-03,PROV-114,Secretaría D,1237.87
OC-11973,2019-10-03,PROV-059,Secretaría G,975.0
OC-11974,2019-10-03,PROV-033,Secretaría D,6440.0
OC-11975,2019-10-03,PROV-030,Secretaría D,2300.0
OC-11976,2019-10-03,PROV-033,Secretaría C,3080.0
OC-11977,2019-10-03,PROV-018,Secretaría D,25909.48
OC-11978,2019-10-03,PROV-080,Secretaría B,6774.6
OC-11979,2019-10-03,PROV-041,Secretaría C,4755.75
OC-11980,2019-10-03,PROV-168,Secretaría D,3150.0
OC-11981,2019-10-03,PROV-424,Secretaría G,19483.01
OC-11982,2019-10-03,PROV-059,Secretaría G,1625.0
OC-11983,2019-10-03,PROV-017,Secretaría C,11102.7
OC-11984,2019-10-03,PROV-200,Secretaría G,5280.0
OC-11985,2019-10-03,PROV-100,Secretaría D,695.0
OC-11986,2019-10-03,PROV-424,Secretaría H,5458.0
OC-11987,2019-10-03,PROV-478,Secretaría D,29808.0
OC-11988,2019-10-03,PROV-027,Secretaría A,14471.0
OC-11989,2019-10-03,PROV-027,Secretaría A,32232.0
OC-11990,2019-10-03,PROV-047,Secretaría F,3872.0
OC-11991,2019-10-03,PROV-104,Secretaría F,2662.0
OC-11992,2019-10-03,PROV-390,Secretaría E,4260.0
OC-11993,2019-10-03,PROV-443,Secretaría B,43320.0
OC-11994,2019-10-03,PROV-045,Secretaría C,13766.9
OC-11995,2019-10-03,PROV-203,Secretaría C,100000.0
OC-11996,2019-10-03,PROV-059,Secretaría C,650.0
OC-11997,2019-10-03,PROV-102,Secretaría D,112000.0
OC-11998,2019-10-03,PROV-057,Secretaría A,13600.0
OC-11999,2019-10-03,PROV-063,Secretaría C,36649.22
OC-12000,2019-10-03,PROV-045,Secretaría C,18000.0
OC-12001,2019-10-03,PROV-030,Secretaría A,520.0
OC-12002,2019-10-04,PROV-062,Secretaría B,3989.36
OC-12003,2019-10-04,PROV-034,Secretaría I,3050.0
OC-12004,2019-10-04,PROV-074,Secretaría A,22360.0
OC-12005,2019-10-04,PROV-274,Secretaría C,4200.0
OC-12006,2019-10-04,PROV-334,Secretaría A,12200.0
OC-12007,2019-10-04,PROV-100,Secretaría D,2634.0
OC-12008,2019-10-04,PROV-142,Secretaría B,2550.0
OC-12009,2019-10-04,PROV-506,Secretaría G,4000.0
OC-12010,2019-10-04,PROV-018,Secretaría C,8718.36
OC-12011,2019-10-04,PROV-265,Secretaría B,26999.0
OC-12012,2019-10-04,PROV-372,Secretaría C,5998.0
OC-12013,2019-10-04,PROV-051,Secretaría B,19050.29
OC-12014,2019-10-04,PROV-324,Secretaría B,100000.0
OC-12015,2019-10-04,PROV-113,Secretaría D,79121.19
OC-12016,2019-10-04,PROV-023,Secretaría D,16650.0
OC-12017,2019-10-04,PROV-003,Secretaría G,9761.83
OC-12018,2019-10-04,PROV-070,Secretaría D,5188.8
OC-12019,2019-10-04,PROV-123,Secretaría C,5602.5
OC-12020,2019-10-04,PROV-542,Secretaría C,13310.0
OC-12021,2019-10-04,PROV-070,Secretaría D,2645.2
OC-12022,2019-10-07,PROV-020,Secretaría A,701.0
OC-12023,2019-10-07,PROV-064,Secretaría A,18634.0
OC-12024,2019-10-07,PROV-162,Secretaría A,21514.95
OC-12025,2019-10-07,PROV-224,Secretaría A,3470.0
OC-12026,2019-10-07,PROV-224,Secretaría A,18465.0
OC-12027,2019-10-07,PROV-105,Secretaría A,1358.0
OC-12028,2019-10-07,PROV-018,Secretaría C,2578.0
OC-12029,2019-10-07,PROV-034,Secretaría E,5230.0
OC-12030,2019-10-07,PROV-235,Secretaría A,22000.0
OC-12031,2019-10-07,PROV-020,Secretaría A,514.0
OC-12032,2019-10-07,PROV-020,Secretaría A,1380.0
OC-12033,2019-10-07,PROV-020,Secretaría A,853.87
OC-12034,2019-10-07,PROV-040,Secretaría E,12800.0
OC-12035,2019-10-07,PROV-050,Secretaría F,2148.0
OC-12036,2019-10-07,PROV-160,Secretaría B,100000.0
OC-12037,2019-10-07,PROV-086,Secretaría B,2570.0
OC-12038,2019-10-07,PROV-162,Secretaría A,12644.5
OC-12039,2019-10-07,PROV-140,Secretaría A,2300.0
OC-12040,2019-10-07,PROV-020,Secretaría A,1783.0
OC-12041,2019-10-07,PROV-320,Secretaría C,4562.0
OC-12042,2019-10-07,PROV-389,Secretaría A,4500.0
OC-12043,2019-10-07,PROV-017,Secretaría B,8069.0
OC-12044,2019-10-07,PROV-317,Secretaría C,675.0
OC-12045,2019-10-07,PROV-090,Secretaría A,2226.0
OC-12046,2019-10-07,PROV-424,Secretaría G,3200.0
OC-12047,2019-10-07,PROV-013,Secretaría A,6415.88
OC-12048,2019-10-07,PROV-020,Secretaría A,5547.79
OC-12049,2019-10-07,PROV-020,Secretaría A,1727.67
OC-12050,2019-10-07,PROV-275,Secretaría A,1620.0
OC-12051,2019-10-07,PROV-521,Secretaría H,3960.0
OC-12052,2019-10-07,PROV-020,Secretaría B,18707.0
OC-12053,2019-10-07,PROV-034,Secretaría E,7250.0
OC-12054,2019-10-07,PROV-311,Secretaría E,2600.0
OC-12055,2019-10-07,PROV-424,Secretaría G,2800.0
OC-12056,2019-10-07,PROV-218,Secretaría G,1770.0
OC-12057,2019-10-07,PROV-065,Secretaría C,10980.0
OC-12058,2019-10-07,PROV-342,Secretaría F,3600.0
OC-12059,2019-10-07,PROV-193,Secretaría E,16470.0
OC-12060,2019-10-07,PROV-105,Secretaría A,2560.0
OC-12061,2019-10-07,PROV-020,Secretaría A,3540.7
OC-12062,2019-10-08,PROV-077,Secretaría B,35700.0
OC-12063,2019-10-08,PROV-027,Secretaría C,106140.0
OC-12064,2019-10-08,PROV-105,Secretaría D,10660.0
OC-12065,2019-10-08,PROV-362,Secretaría E,39000.0
OC-12066,2019-10-08,PROV-158,Secretaría E,39000.0
OC-12067,2019-10-08,PROV-009,Secretaría A,78000.0
OC-12068,2019-10-08,PROV-009,Secretaría A,87500.0
OC-12069,2019-10-08,PROV-424,Secretaría G,1600.0
OC-12070,2019-10-08,PROV-142,Secretaría C,2294.0
OC-12071,2019-10-08,PROV-055,Secretaría F,5040.0
OC-12072,2019-10-08,PROV-218,Secretaría C,12990.0
OC-12073,2019-10-08,PROV-070,Secretaría E,166092.84
OC-12074,2019-10-08,PROV-207,Secretaría C,9954.85
OC-12075,2019-10-08,PROV-097,Secretaría F,39970.0
OC-12076,2019-10-08,PROV-211,Secretaría C,3900.0
OC-12077,2019-10-08,PROV-360,Secretaría C,3960.0
OC-12078,2019-10-08,PROV-050,Secretaría F,4426.0
OC-12079,2019-10-08,PROV-034,Secretaría F,14930.0
OC-12080,2019-10-08,PROV-034,Secretaría F,4590.0
OC-12081,2019-10-08,PROV-330,Secretaría F,18070.0
OC-12082,2019-10-09,PROV-100,Secretaría D,580.0
OC-12083,2019-10-09,PROV-317,Secretaría C,600.0
OC-12084,2019-10-09,PROV-034,Secretaría A,9295.0
OC-12085,2019-10-09,PROV-034,Secretaría A,4360.0
OC-12086,2019-10-09,PROV-009,Secretaría E,11200.0
OC-12087,2019-10-09,PROV-034,Secretaría A,2420.0
OC-12088,2019-10-09,PROV-034,Secretaría A,15215.0
OC-12089,2019-10-09,PROV-123,Secretaría C,1350.0
OC-12090,2019-10-09,PROV-018,Secretaría D,29148.17
OC-12091,2019-10-09,PROV-159,Secretaría D,19300.0
OC-12092,2019-10-09,PROV-168,Secretaría A,13860.0
OC-12093,2019-10-09,PROV-003,Secretaría H,3565.92
OC-12094,2019-10-09,PROV-020,Secretaría A,10413.0
OC-12095,2019-10-09,PROV-020,Secretaría A,23455.0
OC-12096,2019-10-09,PROV-030,Secretaría A,2537.0
OC-12097,2019-10-09,PROV-104,Secretaría C,7010.0
OC-12098,2019-10-09,PROV-034,Secretaría A,862.0
OC-12099,2019-10-09,PROV-023,Secretaría D,3705.0
OC-12100,2019-10-09,PROV-070,Secretaría D,2586.1
OC-12101,2019-10-09,PROV-034,Secretaría A,4035.0
OC-12102,2019-10-09,PROV-034,Secretaría A,2055.0
OC-12103,2019-10-09,PROV-034,Secretaría A,1090.0
OC-12104,2019-10-09,PROV-030,Secretaría A,8247.0
OC-12105,2019-10-10,PROV-009,Secretaría A,18600.0
OC-12106,2019-10-10,PROV-009,Secretaría D,6975.0
OC-12107,2019-10-10,PROV-009,Secretaría D,5580.0
OC-12108,2019-10-10,PROV-009,Secretaría A,23250.0
OC-12109,2019-10-10,PROV-009,Secretaría F,116250.0
OC-12110,2019-10-10,PROV-219,Secretaría G,100000.0
OC-12111,2019-10-10,PROV-009,Secretaría C,9300.0
OC-12112,2019-10-10,PROV-009,Secretaría C,1860.0
OC-12113,2019-10-10,PROV-320,Secretaría B,2296.0
OC-12114,2019-10-10,PROV-027,Secretaría C,2152.0
OC-12115,2019-10-10,PROV-009,Secretaría F,93000.0
OC-12116,2019-10-10,PROV-009,Secretaría C,18182.5
OC-12117,2019-10-10,PROV-009,Secretaría A,197410.0
OC-12118,2019-10-10,PROV-009,Secretaría F,51950.0
OC-12119,2019-10-10,PROV-009,Secretaría F,363650.0
OC-12120,2019-10-10,PROV-009,Secretaría A,311700.0
OC-12121,2019-10-10,PROV-009,Secretaría B,37200.0
OC-12122,2019-10-10,PROV-009,Secretaría A,207800.0
OC-12123,2019-10-10,PROV-009,Secretaría D,41560.0
OC-12124,2019-10-10,PROV-009,Secretaría A,46755.0
OC-12125,2019-10-10,PROV-009,Secretaría D,20780.0
OC-12126,2019-10-10,PROV-009,Secretaría G,7792.5
OC-12127,2019-10-10,PROV-009,Secretaría C,4675.5
OC-12128,2019-10-10,PROV-537,Secretaría D,14542.99
OC-12129,2019-10-10,PROV-009,Secretaría C,13950.0
OC-12130,2019-10-10,PROV-009,Secretaría E,10390.0
OC-12131,2019-10-10,PROV-244,Secretaría G,75000.0
OC-12132,2019-10-10,PROV-113,Secretaría E,2494.0
OC-12133,2019-10-10,PROV-444,Secretaría F,29221.5
OC-12134,2019-10-10,PROV-612,Secretaría E,1600.0
OC-12135,2019-10-10,PROV-041,Secretaría G,8799.26
OC-12136,2019-10-10,PROV-200,Secretaría H,2150.0
OC-12137,2019-10-10,PROV-002,Secretaría C,26080.0
OC-12138,2019-10-10,PROV-083,Secretaría B,12509.25
OC-12139,2019-10-10,PROV-049,Secretaría B,33261.02
OC-12140,2019-10-10,PROV-020,Secretaría B,12128.1
OC-12141,2019-10-10,PROV-380,Secretaría B,6800.0
OC-12142,2019-10-10,PROV-027,Secretaría F,3314.31
OC-12143,2019-10-10,PROV-121,Secretaría F,7800.0
OC-12144,2019-10-10,PROV-245,Secretaría G,75000.0
OC-12145,2019-10-10,PROV-114,Secretaría C,1640.74
OC-12146,2019-10-10,PROV-137,Secretaría D,91400.0
OC-12147,2019-10-10,PROV-090,Secretaría F,10999.88
OC-12148,2019-10-10,PROV-100,Secretaría E,3900.0
OC-12149,2019-10-10,PROV-009,Secretaría I,31465.0
OC-12150,2019-10-10,PROV-009,Secretaría B,8990.0
OC-12151,2019-10-10,PROV-320,Secretaría C,2358.0
OC-12152,2019-10-10,PROV-009,Secretaría D,5394.0
OC-12153,2019-10-10,PROV-009,Secretaría A,6742.5
OC-12154,2019-10-10,PROV-009,Secretaría A,179800.0
OC-12155,2019-10-10,PROV-009,Secretaría A,404550.0
OC-12156,2019-10-10,PROV-111,Secretaría C,8043.0
OC-12157,2019-10-10,PROV-214,Secretaría G,45000.0
OC-12158,2019-10-10,PROV-083,Secretaría C,1700.0
OC-12159,2019-10-10,PROV-009,Secretaría A,134850.0
OC-12160,2019-10-11,PROV-062,Secretaría B,63767.0
OC-12161,2019-10-11,PROV-427,Secretaría B,15136.96
OC-12162,2019-10-11,PROV-009,Secretaría I,38290.0
OC-12163,2019-10-11,PROV-593,Secretaría C,5000.0
OC-12164,2019-10-11,PROV-087,Secretaría B,6690.0
OC-12165,2019-10-11,PROV-084,Secretaría B,8790.0
OC-12166,2019-10-11,PROV-104,Secretaría C,1528.0
OC-12167,2019-10-11,PROV-169,Secretaría G,2720.0
OC-12168,2019-10-11,PROV-047,Secretaría B,11671.5
OC-12169,2019-10-11,PROV-009,Secretaría B,32550.0
OC-12170,2019-10-11,PROV-157,Secretaría C,10130.0
OC-12171,2019-10-15,PROV-047,Secretaría F,1590.36
OC-12172,2019-10-15,PROV-539,Secretaría D,13928.85
OC-12173,2019-10-15,PROV-162,Secretaría A,17478.46
OC-12174,2019-10-15,PROV-162,Secretaría A,3696.78
OC-12175,2019-10-15,PROV-087,Secretaría B,6210.0
OC-12176,2019-10-15,PROV-222,Secretaría B,12351.0
OC-12177,2019-10-15,PROV-001,Secretaría E,3212.5
OC-12178,2019-10-15,PROV-079,Secretaría C,9680.0
OC-12179,2019-10-15,PROV-383,Secretaría A,800.0
OC-12180,2019-10-15,PROV-501,Secretaría A,12800.0
OC-12181,2019-10-15,PROV-222,Secretaría B,14119.0
OC-12182,2019-10-15,PROV-055,Secretaría B,15800.0
OC-12183,2019-10-15,PROV-105,Secretaría A,7475.0
OC-12184,2019-10-15,PROV-045,Secretaría H,4244.2
OC-12185,2019-10-15,PROV-021,Secretaría G,1254.0
OC-12186,2019-10-15,PROV-382,Secretaría G,66000.0
OC-12187,2019-10-15,PROV-034,Secretaría A,9205.0
OC-12188,2019-10-15,PROV-034,Secretaría A,2705.5
OC-12189,2019-10-15,PROV-074,Secretaría A,4400.0
OC-12190,2019-10-15,PROV-074,Secretaría A,1580.0
OC-12191,2019-10-15,PROV-141,Secretaría A,652.27
OC-12192,2019-10-15,PROV-097,Secretaría I,4450.0
OC-12193,2019-10-15,PROV-143,Secretaría B,100000.0
OC-12194,2019-10-15,PROV-263,Secretaría B,100000.0
OC-12195,2019-10-15,PROV-041,Secretaría B,4932.43
OC-12196,2019-10-15,PROV-211,Secretaría C,12600.0
OC-12197,2019-10-15,PROV-021,Secretaría D,6800.0
OC-12198,2019-10-15,PROV-074,Secretaría A,4560.0
OC-12199,2019-10-15,PROV-305,Secretaría A,20000.0
OC-12200,2019-10-15,PROV-030,Secretaría B,2672.0
OC-12201,2019-10-15,PROV-024,Secretaría B,4130.0
OC-12202,2019-10-15,PROV-016,Secretaría B,19000.0
OC-12203,2019-10-15,PROV-466,Secretaría C,2500.0
OC-12204,2019-10-15,PROV-141,Secretaría A,522.97
OC-12205,2019-10-15,PROV-141,Secretaría A,1020.85
OC-12206,2019-10-15,PROV-135,Secretaría A,1400.0
OC-12207,2019-10-15,PROV-100,Secretaría A,900.0
OC-12208,2019-10-15,PROV-202,Secretaría C,7500.0
OC-12209,2019-10-15,PROV-033,Secretaría C,1600.0
OC-12210,2019-10-15,PROV-125,Secretaría C,8280.0
OC-12211,2019-10-15,PROV-133,Secretaría C,42643.0
OC-12212,2019-10-15,PROV-102,Secretaría C,50000.0
OC-12213,2019-10-15,PROV-141,Secretaría A,558.36
OC-12214,2019-10-15,PROV-024,Secretaría C,38640.0
OC-12215,2019-10-15,PROV-124,Secretaría B,16300.0
OC-12216,2019-10-15,PROV-065,Secretaría B,7690.0
OC-12217,2019-10-15,PROV-142,Secretaría B,16300.0
OC-12218,2019-10-15,PROV-017,Secretaría B,12970.0
OC-12219,2019-10-15,PROV-059,Secretaría B,41670.0
OC-12220,2019-10-15,PROV-070,Secretaría E,50343.92
OC-12221,2019-10-15,PROV-140,Secretaría A,4600.0
OC-12222,2019-10-15,PROV-351,Secretaría D,8000.0
OC-12223,2019-10-15,PROV-069,Secretaría C,23770.0
OC-12224,2019-10-15,PROV-058,Secretaría C,157680.0
OC-12225,2019-10-15,PROV-125,Secretaría C,97590.0
OC-12226,2019-10-15,PROV-050,Secretaría C,21599.0
OC-12227,2019-10-16,PROV-259,Secretaría C,63200.2
OC-12228,2019-10-16,PROV-066,Secretaría A,22148.0
OC-12229,2019-10-16,PROV-055,Secretaría D,3630.0
OC-12230,2019-10-16,PROV-170,Secretaría E,44850.0
OC-12231,2019-10-16,PROV-123,Secretaría C,4030.0
OC-12232,2019-10-16,PROV-200,Secretaría F,25200.0
OC-12233,2019-10-16,PROV-149,Secretaría F,2850.0
OC-12234,2019-10-16,PROV-331,Secretaría C,50000.0
OC-12235,2019-10-16,PROV-008,Secretaría B,14820.0
OC-12236,2019-10-16,PROV-332,Secretaría C,50000.0
OC-12237,2019-10-16,PROV-218,Secretaría D,1650.0
OC-12238,2019-10-16,PROV-030,Secretaría D,5248.0
OC-12239,2019-10-16,PROV-018,Secretaría D,34045.14
OC-12240,2019-10-16,PROV-087,Secretaría B,7945.0
OC-12241,2019-10-16,PROV-334,Secretaría A,4200.0
OC-12242,2019-10-16,PROV-373,Secretaría B,7000.0
OC-12243,2019-10-16,PROV-045,Secretaría A,696.97
OC-12244,2019-10-16,PROV-422,Secretaría C,50000.0
OC-12245,2019-10-16,PROV-056,Secretaría D,47288.78
OC-12246,2019-10-16,PROV-055,Secretaría C,2040.0
OC-12247,2019-10-16,PROV-018,Secretaría D,7733.87
OC-12248,2019-10-16,PROV-371,Secretaría G,7444.69
OC-12249,2019-10-16,PROV-371,Secretaría G,10474.47
OC-12250,2019-10-16,PROV-135,Secretaría D,26400.0
OC-12251,2019-10-16,PROV-149,Secretaría F,13470.0
OC-12252,2019-10-16,PROV-055,Secretaría F,2690.0
OC-12253,2019-10-16,PROV-080,Secretaría F,4512.68
OC-12254,2019-10-16,PROV-059,Secretaría C,3600.0
OC-12255,2019-10-16,PROV-055,Secretaría C,1700.0
OC-12256,2019-10-16,PROV-100,Secretaría D,1535.0
OC-12257,2019-10-16,PROV-059,Secretaría B,28800.0
OC-12258,2019-10-16,PROV-093,Secretaría B,14490.98
OC-12259,2019-10-16,PROV-059,Secretaría C,1440.0
OC-12260,2019-10-16,PROV-059,Secretaría H,12000.0
OC-12261,2019-10-16,PROV-059,Secretaría G,2400.0
OC-12262,2019-10-16,PROV-059,Secretaría C,1200.0
OC-12263,2019-10-16,PROV-055,Secretaría C,1500.0
OC-12264,2019-10-16,PROV-034,Secretaría F,8890.0
OC-12265,2019-10-16,PROV-055,Secretaría B,17000.0
OC-12266,2019-10-17,PROV-211,Secretaría C,1200.0
OC-12267,2019-10-17,PROV-235,Secretaría A,11500.0
OC-12268,2019-10-17,PROV-088,Secretaría E,2200.0
OC-12269,2019-10-17,PROV-200,Secretaría E,14520.0
OC-12270,2019-10-17,PROV-020,Secretaría A,2650.0
OC-12271,2019-10-17,PROV-141,Secretaría A,1301.76
OC-12272,2019-10-17,PROV-020,Secretaría A,3656.86
OC-12273,2019-10-17,PROV-020,Secretaría A,9920.0
OC-12274,2019-10-17,PROV-235,Secretaría A,14500.0
OC-12275,2019-10-17,PROV-372,Secretaría C,12000.0
OC-12276,2019-10-17,PROV-020,Secretaría A,2754.83
OC-12277,2019-10-17,PROV-090,Secretaría E,63717.11
OC-12278,2019-10-17,PROV-010,Secretaría A,47860.0
OC-12279,2019-10-17,PROV-003,Secretaría A,38703.26
OC-12280,2019-10-17,PROV-305,Secretaría A,33000.0
OC-12281,2019-10-17,PROV-305,Secretaría A,9500.0
OC-12282,2019-10-17,PROV-017,Secretaría C,9856.8
OC-12283,2019-10-17,PROV-063,Secretaría C,1187.26
OC-12284,2019-10-17,PROV-104,Secretaría C,3770.0
OC-12285,2019-10-17,PROV-105,Secretaría A,9440.0
OC-12286,2019-10-17,PROV-009,Secretaría A,162000.0
OC-12287,2019-10-17,PROV-010,Secretaría A,9572.0
OC-12288,2019-10-17,PROV-176,Secretaría D,22195.38
OC-12289,2019-10-17,PROV-059,Secretaría E,41576.0
OC-12290,2019-10-17,PROV-084,Secretaría H,2640.0
OC-12291,2019-10-18,PROV-012,Secretaría F,26990.0
OC-12292,2019-10-18,PROV-312,Secretaría G,42500.0
OC-12293,2019-10-18,PROV-088,Secretaría E,12000.0
OC-12294,2019-10-18,PROV-027,Secretaría F,76178.0
OC-12295,2019-10-18,PROV-045,Secretaría F,3033.02
OC-12296,2019-10-18,PROV-486,Secretaría F,1782.0
OC-12297,2019-10-18,PROV-057,Secretaría A,1650.0
OC-12298,2019-10-18,PROV-486,Secretaría C,1892.5
OC-12299,2019-10-18,PROV-141,Secretaría A,8556.0
OC-12300,2019-10-18,PROV-041,Secretaría B,29763.02
OC-12301,2019-10-18,PROV-020,Secretaría A,1300.0
OC-12302,2019-10-18,PROV-320,Secretaría C,1600.0
OC-12303,2019-10-18,PROV-041,Secretaría C,38798.92
OC-12304,2019-10-18,PROV-041,Secretaría A,18436.78
OC-12305,2019-10-18,PROV-147,Secretaría B,13510.0
OC-12306,2019-10-18,PROV-486,Secretaría G,6203.5
OC-12307,2019-10-18,PROV-100,Secretaría A,957.0
OC-12308,2019-10-18,PROV-105,Secretaría A,961.0
OC-12309,2019-10-18,PROV-020,Secretaría A,960.0
OC-12310,2019-10-18,PROV-100,Secretaría D,1080.0
OC-12311,2019-10-21,PROV-045,Secretaría D,44967.0
OC-12312,2019-10-21,PROV-030,Secretaría A,5615.0
OC-12313,2019-10-21,PROV-356,Secretaría C,7250.0
OC-12314,2019-10-21,PROV-140,Secretaría A,3100.0
OC-12315,2019-10-21,PROV-104,Secretaría B,2726.3
OC-12316,2019-10-21,PROV-045,Secretaría B,1724.67
OC-12317,2019-10-21,PROV-482,Secretaría C,5000.0
OC-12318,2019-10-21,PROV-511,Secretaría B,20300.0
OC-12319,2019-10-21,PROV-020,Secretaría A,625.68
OC-12320,2019-10-21,PROV-020,Secretaría A,3870.0
OC-12321,2019-10-21,PROV-052,Secretaría A,18840.0
OC-12322,2019-10-21,PROV-020,Secretaría A,7558.81
OC-12323,2019-10-21,PROV-161,Secretaría A,66360.0
OC-12324,2019-10-21,PROV-017,Secretaría E,21540.0
OC-12325,2019-10-21,PROV-070,Secretaría E,16530.0
OC-12326,2019-10-21,PROV-472,Secretaría I,4800.0
OC-12327,2019-10-21,PROV-074,Secretaría I,21600.0
OC-12328,2019-10-21,PROV-472,Secretaría I,2500.0
OC-12329,2019-10-21,PROV-021,Secretaría B,6469.0
OC-12330,2019-10-21,PROV-034,Secretaría A,2800.0
OC-12331,2019-10-21,PROV-017,Secretaría E,21200.0
OC-12332,2019-10-21,PROV-142,Secretaría C,3600.0
OC-12333,2019-10-21,PROV-020,Secretaría F,8548.09
OC-12334,2019-10-21,PROV-124,Secretaría C,4450.0
OC-12335,2019-10-21,PROV-047,Secretaría H,12324.32
OC-12336,2019-10-21,PROV-123,Secretaría H,6633.9
OC-12337,2019-10-21,PROV-023,Secretaría A,11700.0
OC-12338,2019-10-21,PROV-047,Secretaría C,5696.18
OC-12339,2019-10-21,PROV-123,Secretaría C,2930.5
OC-12340,2019-10-21,PROV-021,Secretaría C,7330.0
OC-12341,2019-10-21,PROV-256,Secretaría G,65000.0
OC-12342,2019-10-21,PROV-168,Secretaría C,4560.0
OC-12343,2019-10-21,PROV-123,Secretaría C,3067.2
OC-12344,2019-10-21,PROV-017,Secretaría C,2484.0
OC-12345,2019-10-21,PROV-045,Secretaría C,13527.13
OC-12346,2019-10-21,PROV-003,Secretaría C,960.21
OC-12347,2019-10-21,PROV-205,Secretaría A,77400.0
OC-12348,2019-10-21,PROV-105,Secretaría A,1166.5
OC-12349,2019-10-21,PROV-044,Secretaría E,1625000.0
OC-12350,2019-10-21,PROV-020,Secretaría A,1340.0
OC-12351,2019-10-21,PROV-021,Secretaría H,6653.0
OC-12352,2019-10-21,PROV-002,Secretaría C,8350.0
OC-12353,2019-10-22,PROV-114,Secretaría C,780.0
OC-12354,2019-10-22,PROV-036,Secretaría C,89680.0
OC-12355,2019-10-22,PROV-087,Secretaría B,5100.0
OC-12356,2019-10-22,PROV-087,Secretaría B,8980.0
OC-12357,2019-10-22,PROV-123,Secretaría B,17155.8
OC-12358,2019-10-22,PROV-202,Secretaría E,4500.0
OC-12359,2019-10-22,PROV-018,Secretaría C,11013.84
OC-12360,2019-10-22,PROV-499,Secretaría B,22975.0
OC-12361,2019-10-22,PROV-041,Secretaría D,10710.28
OC-12362,2019-10-22,PROV-087,Secretaría B,5140.0
OC-12363,2019-10-22,PROV-189,Secretaría B,126500.0
OC-12364,2019-10-22,PROV-016,Secretaría B,103550.0
OC-12365,2019-10-22,PROV-069,Secretaría B,28885.0
OC-12366,2019-10-22,PROV-008,Secretaría B,204690.0
OC-12367,2019-10-22,PROV-133,Secretaría B,223262.0
OC-12368,2019-10-22,PROV-005,Secretaría B,142843.86
OC-12369,2019-10-22,PROV-108,Secretaría B,1254.2
OC-12370,2019-10-22,PROV-024,Secretaría B,89423.0
OC-12371,2019-10-22,PROV-008,Secretaría B,103450.0
OC-12372,2019-10-22,PROV-125,Secretaría B,76572.0
OC-12373,2019-10-22,PROV-069,Secretaría B,73440.0
OC-12374,2019-10-22,PROV-024,Secretaría B,117556.0
OC-12375,2019-10-23,PROV-018,Secretaría F,2736.67
OC-12376,2019-10-23,PROV-100,Secretaría D,2205.0
OC-12377,2019-10-23,PROV-100,Secretaría B,584.2
OC-12378,2019-10-23,PROV-083,Secretaría C,9568.1
OC-12379,2019-10-23,PROV-368,Secretaría E,12627.97
OC-12380,2019-10-23,PROV-020,Secretaría A,4041.47
OC-12381,2019-10-23,PROV-030,Secretaría C,3644.0
OC-12382,2019-10-23,PROV-135,Secretaría A,600.0
OC-12383,2019-10-23,PROV-256,Secretaría G,25000.0
OC-12384,2019-10-23,PROV-027,Secretaría C,5146.0
OC-12385,2019-10-23,PROV-084,Secretaría H,1890.0
OC-12386,2019-10-23,PROV-064,Secretaría A,33900.0
OC-12387,2019-10-23,PROV-017,Secretaría E,2200.0
OC-12388,2019-10-23,PROV-003,Secretaría E,14870.17
OC-12389,2019-10-23,PROV-460,Secretaría C,33910.25
OC-12390,2019-10-23,PROV-079,Secretaría C,149561.0
OC-12391,2019-10-23,PROV-084,Secretaría F,17050.0
OC-12392,2019-10-23,PROV-041,Secretaría C,45581.0
OC-12393,2019-10-23,PROV-029,Secretaría D,1032687.81
OC-12394,2019-10-23,PROV-140,Secretaría A,42500.0
OC-12395,2019-10-24,PROV-356,Secretaría C,1472.0
OC-12396,2019-10-24,PROV-433,Secretaría E,9500.0
OC-12397,2019-10-24,PROV-077,Secretaría C,2490.0
OC-12398,2019-10-24,PROV-218,Secretaría B,960.0
OC-12399,2019-10-24,PROV-040,Secretaría B,3025.0
OC-12400,2019-10-24,PROV-030,Secretaría D,2900.0
OC-12401,2019-10-24,PROV-087,Secretaría B,2690.0
OC-12402,2019-10-24,PROV-033,Secretaría C,39636.0
OC-12403,2019-10-24,PROV-105,Secretaría A,810.0
OC-12404,2019-10-24,PROV-274,Secretaría J,16800.0
OC-12405,2019-10-24,PROV-121,Secretaría C,169840.0
OC-12406,2019-10-24,PROV-040,Secretaría B,4200.0
OC-12407,2019-10-24,PROV-183,Secretaría B,4070.0
OC-12408,2019-10-24,PROV-029,Secretaría D,25833.5
OC-12409,2019-10-24,PROV-062,Secretaría B,22193.82
OC-12410,2019-10-24,PROV-074,Secretaría A,4725.0
OC-12411,2019-10-24,PROV-010,Secretaría I,15582.0
OC-12412,2019-10-24,PROV-045,Secretaría F,24300.0
OC-12413,2019-10-24,PROV-020,Secretaría A,5140.78
OC-12414,2019-10-24,PROV-104,Secretaría G,2250.0
OC-12415,2019-10-24,PROV-084,Secretaría B,7875.0
OC-12416,2019-10-24,PROV-009,Secretaría A,111750.0
OC-12417,2019-10-24,PROV-034,Secretaría A,1515.0
OC-12418,2019-10-24,PROV-034,Secretaría D,1885.0
OC-12419,2019-10-24,PROV-105,Secretaría A,920.0
OC-12420,2019-10-24,PROV-020,Secretaría A,2872.69
OC-12421,2019-10-24,PROV-020,Secretaría A,3821.89
OC-12422,2019-10-24,PROV-034,Secretaría A,2365.0
OC-12423,2019-10-25,PROV-034,Secretaría A,3810.0
OC-12424,2019-10-25,PROV-056,Secretaría A,51911.0
OC-12425,2019-10-25,PROV-020,Secretaría A,2858.77
OC-12426,2019-10-25,PROV-105,Secretaría A,817.0
OC-12427,2019-10-25,PROV-020,Secretaría A,23803.99
OC-12428,2019-10-25,PROV-023,Secretaría B,2030.0
OC-12429,2019-10-25,PROV-023,Secretaría A,18180.0
OC-12430,2019-10-25,PROV-061,Secretaría B,93000.0
OC-12431,2019-10-25,PROV-010,Secretaría C,23451.4
OC-12432,2019-10-25,PROV-347,Secretaría C,83020.0
OC-12433,2019-10-25,PROV-123,Secretaría C,1100.0
OC-12434,2019-10-25,PROV-083,Secretaría B,35601.6
OC-12435,2019-10-25,PROV-315,Secretaría C,2500.0
OC-12436,2019-10-25,PROV-018,Secretaría B,967.51
OC-12437,2019-10-25,PROV-401,Secretaría B,14985.0
OC-12438,2019-10-25,PROV-051,Secretaría B,3674.0
OC-12439,2019-10-25,PROV-019,Secretaría B,6177.0
OC-12440,2019-10-25,PROV-049,Secretaría B,13417.96
OC-12441,2019-10-25,PROV-042,Secretaría D,110000.0
OC-12442,2019-10-25,PROV-006,Secretaría D,648143.33
OC-12443,2019-10-25,PROV-062,Secretaría B,13318.05
OC-12444,2019-10-25,PROV-042,Secretaría B,45000.0
OC-12445,2019-10-25,PROV-006,Secretaría D,121829.74
OC-12446,2019-10-25,PROV-100,Secretaría D,2280.0
OC-12447,2019-10-25,PROV-067,Secretaría E,75000.0
OC-12448,2019-10-25,PROV-048,Secretaría A,56280.0
OC-12449,2019-10-25,PROV-551,Secretaría E,3000.0
OC-12450,2019-10-28,PROV-020,Secretaría A,2751.06
OC-12451,2019-10-28,PROV-030,Secretaría A,6957.0
OC-12452,2019-10-28,PROV-020,Secretaría A,4097.0
OC-12453,2019-10-28,PROV-020,Secretaría A,1570.0
OC-12454,2019-10-28,PROV-020,Secretaría D,13582.0
OC-12455,2019-10-28,PROV-222,Secretaría B,20255.0
OC-12456,2019-10-28,PROV-232,Secretaría B,10198.0
OC-12457,2019-10-28,PROV-306,Secretaría H,2890.0
OC-12458,2019-10-28,PROV-200,Secretaría E,45700.0
OC-12459,2019-10-28,PROV-074,Secretaría A,15500.0
OC-12460,2019-10-28,PROV-056,Secretaría A,24040.0
OC-12461,2019-10-28,PROV-045,Secretaría A,3870.0
OC-12462,2019-10-28,PROV-167,Secretaría F,17107.0
OC-12463,2019-10-28,PROV-135,Secretaría A,5200.0
OC-12464,2019-10-28,PROV-020,Secretaría A,4030.0
OC-12465,2019-10-28,PROV-135,Secretaría A,12900.0
OC-12466,2019-10-28,PROV-167,Secretaría F,1250.0
OC-12467,2019-10-28,PROV-050,Secretaría F,1432.0
OC-12468,2019-10-28,PROV-084,Secretaría F,1490.0
OC-12469,2019-10-28,PROV-030,Secretaría A,1886.0
OC-12470,2019-10-28,PROV-018,Secretaría D,6756.76
OC-12471,2019-10-28,PROV-020,Secretaría A,2777.74
OC-12472,2019-10-28,PROV-020,Secretaría A,3205.41
OC-12473,2019-10-28,PROV-020,Secretaría A,12559.28
OC-12474,2019-10-28,PROV-020,Secretaría A,20085.0
OC-12475,2019-10-28,PROV-020,Secretaría A,11996.0
OC-12476,2019-10-28,PROV-020,Secretaría A,6334.0
OC-12477,2019-10-28,PROV-030,Secretaría A,3906.0
OC-12478,2019-10-29,PROV-039,Secretaría A,32010.0
OC-12479,2019-10-29,PROV-001,Secretaría B,9552.0
OC-12480,2019-10-29,PROV-001,Secretaría C,869800.0
OC-12481,2019-10-29,PROV-001,Secretaría C,100742.2
OC-12482,2019-10-29,PROV-001,Secretaría C,28837.1
OC-12483,2019-10-29,PROV-039,Secretaría A,51100.0
OC-12484,2019-10-29,PROV-001,Secretaría C,13698.7
OC-12485,2019-10-29,PROV-103,Secretaría C,32560.0
OC-12486,2019-10-29,PROV-103,Secretaría C,29500.0
OC-12487,2019-10-29,PROV-133,Secretaría B,1380.0
OC-12488,2019-10-29,PROV-024,Secretaría B,20000.0
OC-12489,2019-10-29,PROV-019,Secretaría B,8950.0
OC-12490,2019-10-29,PROV-503,Secretaría G,22000.0
OC-12491,2019-10-29,PROV-001,Secretaría C,6678.7
OC-12492,2019-10-29,PROV-001,Secretaría C,6146.6
OC-12493,2019-10-29,PROV-001,Secretaría C,62663.2
OC-12494,2019-10-29,PROV-530,Secretaría C,9200.0
OC-12495,2019-10-29,PROV-018,Secretaría C,1145.06
OC-12496,2019-10-29,PROV-200,Secretaría C,3040.0
OC-12497,2019-10-29,PROV-122,Secretaría C,3080.0
OC-12498,2019-10-29,PROV-001,Secretaría B,86220.2
OC-12499,2019-10-29,PROV-001,Secretaría C,7735.0
OC-12500,2019-10-29,PROV-104,Secretaría G,6680.0
OC-12501,2019-10-29,PROV-001,Secretaría C,12093.8
OC-12502,2019-10-29,PROV-001,Secretaría C,6463.6
OC-12503,2019-10-29,PROV-001,Secretaría C,60728.5
OC-12504,2019-10-29,PROV-001,Secretaría C,5732.5
OC-12505,2019-10-29,PROV-001,Secretaría C,3302.5
OC-12506,2019-10-29,PROV-001,Secretaría C,9608.0
OC-12507,2019-10-30,PROV-344,Secretaría F,12567.0
OC-12508,2019-10-30,PROV-142,Secretaría B,4950.0
OC-12509,2019-10-30,PROV-124,Secretaría B,8550.0
OC-12510,2019-10-30,PROV-048,Secretaría A,49600.0
OC-12511,2019-10-30,PROV-534,Secretaría C,8000.0
OC-12512,2019-10-30,PROV-253,Secretaría B,23879.0
OC-12513,2019-10-30,PROV-577,Secretaría C,7540.0
OC-12514,2019-10-30,PROV-020,Secretaría A,36500.0
OC-12515,2019-10-30,PROV-007,Secretaría C,55980.0
OC-12516,2019-10-30,PROV-023,Secretaría E,20910.0
OC-12517,2019-10-30,PROV-586,Secretaría A,6260.0
OC-12518,2019-10-30,PROV-034,Secretaría I,1310.0
OC-12519,2019-10-30,PROV-009,Secretaría A,125160.0
OC-12520,2019-10-30,PROV-088,Secretaría I,5850.0
OC-12521,2019-10-30,PROV-104,Secretaría C,1188.0
OC-12522,2019-10-30,PROV-092,Secretaría E,25200.0
OC-12523,2019-10-30,PROV-010,Secretaría I,23910.0
OC-12524,2019-10-30,PROV-034,Secretaría A,565.0
OC-12525,2019-10-30,PROV-007,Secretaría C,12840.0
OC-12526,2019-10-30,PROV-009,Secretaría D,18721.5
OC-12527,2019-10-30,PROV-176,Secretaría I,14730.64
OC-12528,2019-10-30,PROV-070,Secretaría D,5688.0
OC-12529,2019-10-30,PROV-149,Secretaría F,1600.0
OC-12530,2019-10-30,PROV-195,Secretaría F,28600.0
OC-12531,2019-10-30,PROV-500,Secretaría I,5000.0
OC-12532,2019-10-30,PROV-007,Secretaría B,32000.0
OC-12533,2019-10-30,PROV-275,Secretaría E,2460.0
OC-12534,2019-10-30,PROV-020,Secretaría F,4488.31
OC-12535,2019-10-30,PROV-007,Secretaría A,126000.0
OC-12536,2019-10-30,PROV-011,Secretaría B,42570.0
OC-12537,2019-10-30,PROV-011,Secretaría B,68615.0
OC-12538,2019-10-30,PROV-011,Secretaría C,46980.0
OC-12539,2019-10-30,PROV-011,Secretaría B,6300.0
OC-12540,2019-10-30,PROV-011,Secretaría C,19010.0
OC-12541,2019-10-30,PROV-011,Secretaría C,9855.0
OC-12542,2019-10-30,PROV-011,Secretaría C,100390.0
OC-12543,2019-10-30,PROV-218,Secretaría F,3690.0
OC-12544,2019-10-30,PROV-218,Secretaría F,4210.0
OC-12545,2019-10-30,PROV-007,Secretaría C,25600.0
OC-12546,2019-10-30,PROV-007,Secretaría B,147690.0
OC-12547,2019-10-30,PROV-011,Secretaría C,8955.0
OC-12548,2019-10-30,PROV-052,Secretaría A,117958.0
OC-12549,2019-10-30,PROV-007,Secretaría C,26730.0
OC-12550,2019-10-30,PROV-007,Secretaría B,12900.0
OC-12551,2019-10-30,PROV-007,Secretaría C,144940.0
OC-12552,2019-10-30,PROV-097,Secretaría G,10080.0
OC-12553,2019-10-30,PROV-114,Secretaría G,1563.64
OC-12554,2019-10-30,PROV-003,Secretaría G,26932.04
OC-12555,2019-10-30,PROV-536,Secretaría G,14580.0
OC-12556,2019-10-30,PROV-020,Secretaría A,34284.0
OC-12557,2019-10-30,PROV-002,Secretaría C,2540.0
OC-12558,2019-10-30,PROV-007,Secretaría C,77550.0
OC-12559,2019-10-30,PROV-020,Secretaría A,89260.0
OC-12560,2019-10-31,PROV-147,Secretaría B,4850.0
OC-12561,2019-10-31,PROV-302,Secretaría B,80000.0
OC-12562,2019-10-31,PROV-142,Secretaría C,20130.0
OC-12563,2019-10-31,PROV-124,Secretaría C,20130.0
OC-12564,2019-10-31,PROV-033,Secretaría B,16936.0
OC-12565,2019-10-31,PROV-033,Secretaría B,19905.06
OC-12566,2019-10-31,PROV-104,Secretaría B,1845.0
OC-12567,2019-10-31,PROV-033,Secretaría B,8223.98
OC-12568,2019-10-31,PROV-063,Secretaría C,15288.01
OC-12569,2019-10-31,PROV-296,Secretaría B,30000.0
OC-12570,2019-10-31,PROV-033,Secretaría E,14280.03
OC-12571,2019-10-31,PROV-109,Secretaría C,8145.0
OC-12572,2019-10-31,PROV-109,Secretaría B,1920.0
OC-12573,2019-10-31,PROV-109,Secretaría C,2250.0
OC-12574,2019-10-31,PROV-056,Secretaría A,2154.0
OC-12575,2019-10-31,PROV-194,Secretaría A,6460.0
OC-12576,2019-10-31,PROV-194,Secretaría B,12517.5
OC-12577,2019-10-31,PROV-420,Secretaría C,51660.0
OC-12578,2019-10-31,PROV-109,Secretaría C,17280.0
OC-12579,2019-10-31,PROV-109,Secretaría C,5400.0
OC-12580,2019-10-31,PROV-109,Secretaría C,2580.0
OC-12581,2019-10-31,PROV-097,Secretaría G,46500.0
OC-12582,2019-11-01,PROV-020,Secretaría A,4440.0
OC-12583,2019-11-01,PROV-020,Secretaría A,1635.5
OC-12584,2019-11-01,PROV-020,Secretaría A,4622.7
OC-12585,2019-11-01,PROV-020,Secretaría A,4759.4
OC-12586,2019-11-01,PROV-020,Secretaría D,3618.24
OC-12587,2019-11-01,PROV-259,Secretaría D,3000.0
OC-12588,2019-11-01,PROV-088,Secretaría B,5000.0
OC-12589,2019-11-01,PROV-020,Secretaría A,3830.0
OC-12590,2019-11-01,PROV-020,Secretaría H,1940.0
OC-12591,2019-11-01,PROV-305,Secretaría A,18000.0
OC-12592,2019-11-01,PROV-050,Secretaría G,4826.0
OC-12593,2019-11-01,PROV-084,Secretaría G,3200.0
OC-12594,2019-11-01,PROV-114,Secretaría C,9965.8
OC-12595,2019-11-01,PROV-100,Secretaría D,626.99
OC-12596,2019-11-01,PROV-048,Secretaría A,46820.0
OC-12597,2019-11-01,PROV-090,Secretaría E,1600.0
OC-12598,2019-11-01,PROV-020,Secretaría A,3270.0
OC-12599,2019-11-01,PROV-100,Secretaría D,1280.0
OC-12600,2019-11-01,PROV-141,Secretaría A,3458.0
OC-12601,2019-11-01,PROV-003,Secretaría H,5630.06
OC-12602,2019-11-01,PROV-065,Secretaría C,25180.0
OC-12603,2019-11-01,PROV-039,Secretaría A,24000.0
OC-12604,2019-11-01,PROV-485,Secretaría C,11500.0
OC-12605,2019-11-01,PROV-207,Secretaría C,5145.22
OC-12606,2019-11-01,PROV-105,Secretaría A,1374.5
OC-12607,2019-11-01,PROV-045,Secretaría A,1778.26
OC-12608,2019-11-01,PROV-105,Secretaría A,1500.0
OC-12609,2019-11-01,PROV-020,Secretaría A,3536.85
OC-12610,2019-11-01,PROV-057,Secretaría A,2100.0
OC-12611,2019-11-01,PROV-055,Secretaría D,34900.0
OC-12612,2019-11-01,PROV-023,Secretaría A,23245.0
OC-12613,2019-11-01,PROV-033,Secretaría A,7505.0
OC-12614,2019-11-01,PROV-218,Secretaría A,8420.0
OC-12615,2019-11-01,PROV-020,Secretaría D,11051.86
OC-12616,2019-11-01,PROV-055,Secretaría I,19800.0
OC-12617,2019-11-01,PROV-100,Secretaría D,709.0
OC-12618,2019-11-01,PROV-065,Secretaría B,4160.0
OC-12619,2019-11-04,PROV-030,Secretaría B,1096.0
OC-12620,2019-11-04,PROV-027,Secretaría A,3488.0
OC-12621,2019-11-04,PROV-020,Secretaría A,2419.16
OC-12622,2019-11-04,PROV-010,Secretaría E,22500.0
OC-12623,2019-11-04,PROV-016,Secretaría C,4800.0
OC-12624,2019-11-04,PROV-008,Secretaría C,83500.0
OC-12625,2019-11-04,PROV-033,Secretaría B,2200.0
OC-12626,2019-11-04,PROV-141,Secretaría A,1934.62
OC-12627,2019-11-04,PROV-141,Secretaría A,7936.0
OC-12628,2019-11-04,PROV-105,Secretaría A,2292.0
OC-12629,2019-11-04,PROV-020,Secretaría A,5118.0
OC-12630,2019-11-04,PROV-074,Secretaría A,2100.0
OC-12631,2019-11-04,PROV-034,Secretaría A,2150.0
OC-12632,2019-11-04,PROV-034,Secretaría A,14215.0
OC-12633,2019-11-04,PROV-034,Secretaría A,2935.0
OC-12634,2019-11-04,PROV-034,Secretaría A,1160.0
OC-12635,2019-11-04,PROV-121,Secretaría F,1490.0
OC-12636,2019-11-04,PROV-010,Secretaría G,15597.0
OC-12637,2019-11-04,PROV-020,Secretaría A,4825.32
OC-12638,2019-11-04,PROV-027,Secretaría F,2722.0
OC-12639,2019-11-04,PROV-030,Secretaría A,8805.0
OC-12640,2019-11-04,PROV-123,Secretaría C,8590.0
OC-12641,2019-11-04,PROV-088,Secretaría I,8589.0
OC-12642,2019-11-04,PROV-123,Secretaría C,6426.0
OC-12643,2019-11-04,PROV-034,Secretaría I,1225.0
OC-12644,2019-11-04,PROV-121,Secretaría C,158700.0
OC-12645,2019-11-04,PROV-202,Secretaría C,12950.0
OC-12646,2019-11-04,PROV-017,Secretaría B,26203.0
OC-12647,2019-11-04,PROV-049,Secretaría B,75607.28
OC-12648,2019-11-04,PROV-148,Secretaría A,7900.0
OC-12649,2019-11-04,PROV-135,Secretaría A,4500.0
OC-12650,2019-11-04,PROV-135,Secretaría A,6350.0
OC-12651,2019-11-04,PROV-050,Secretaría J,13139.0
OC-12652,2019-11-04,PROV-001,Secretaría G,2835.05
OC-12653,2019-11-04,PROV-170,Secretaría B,1900.0
OC-12654,2019-11-04,PROV-317,Secretaría C,9050.0
OC-12655,2019-11-04,PROV-147,Secretaría F,8900.0
OC-12656,2019-11-04,PROV-033,Secretaría C,5944.0
OC-12657,2019-11-04,PROV-200,Secretaría C,6384.0
OC-12658,2019-11-04,PROV-084,Secretaría H,6200.0
OC-12659,2019-11-04,PROV-105,Secretaría A,1180.0
OC-12660,2019-11-05,PROV-281,Secretaría C,7260.0
OC-12661,2019-11-05,PROV-041,Secretaría F,4596.16
OC-12662,2019-11-05,PROV-169,Secretaría C,16000.0
OC-12663,2019-11-05,PROV-512,Secretaría E,15960.0
OC-12664,2019-11-05,PROV-279,Secretaría G,3360.0
OC-12665,2019-11-05,PROV-040,Secretaría E,59700.0
OC-12666,2019-11-05,PROV-541,Secretaría G,13365.0
OC-12667,2019-11-05,PROV-352,Secretaría F,15600.0
OC-12668,2019-11-06,PROV-305,Secretaría A,8900.0
OC-12669,2019-11-06,PROV-128,Secretaría C,142398.48
OC-12670,2019-11-06,PROV-338,Secretaría B,24445.0
OC-12671,2019-11-06,PROV-021,Secretaría F,2160.0
OC-12672,2019-11-06,PROV-034,Secretaría F,1775.0
OC-12673,2019-11-06,PROV-200,Secretaría C,3540.0
OC-12674,2019-11-06,PROV-061,Secretaría B,131350.0
OC-12675,2019-11-06,PROV-396,Secretaría B,60000.0
OC-12676,2019-11-06,PROV-087,Secretaría B,31290.0
OC-12677,2019-11-06,PROV-087,Secretaría B,2100.0
OC-12678,2019-11-06,PROV-087,Secretaría B,5250.0
OC-12679,2019-11-06,PROV-296,Secretaría B,60000.0
OC-12680,2019-11-06,PROV-034,Secretaría A,3985.0
OC-12681,2019-11-06,PROV-061,Secretaría B,114540.0
OC-12682,2019-11-06,PROV-020,Secretaría A,4049.11
OC-12683,2019-11-06,PROV-010,Secretaría C,20396.0
OC-12684,2019-11-06,PROV-105,Secretaría G,8457.0
OC-12685,2019-11-06,PROV-020,Secretaría A,5922.0
OC-12686,2019-11-06,PROV-080,Secretaría C,3789.93
OC-12687,2019-11-06,PROV-080,Secretaría C,1009.5
OC-12688,2019-11-06,PROV-034,Secretaría F,465.0
OC-12689,2019-11-06,PROV-480,Secretaría A,18600.0
OC-12690,2019-11-06,PROV-142,Secretaría B,2800.0
OC-12691,2019-11-06,PROV-080,Secretaría C,11400.85
OC-12692,2019-11-06,PROV-023,Secretaría A,6820.0
OC-12693,2019-11-06,PROV-146,Secretaría G,6775.0
OC-12694,2019-11-06,PROV-018,Secretaría G,944.0
OC-12695,2019-11-06,PROV-010,Secretaría A,30594.0
OC-12696,2019-11-06,PROV-030,Secretaría A,13036.0
OC-12697,2019-11-06,PROV-020,Secretaría A,1604.89
OC-12698,2019-11-06,PROV-113,Secretaría G,5045.51
OC-12699,2019-11-07,PROV-133,Secretaría B,17352.0
OC-12700,2019-11-07,PROV-033,Secretaría G,15244.0
OC-12701,2019-11-07,PROV-078,Secretaría B,42540.0
OC-12702,2019-11-07,PROV-024,Secretaría B,30800.0
OC-12703,2019-11-07,PROV-069,Secretaría B,34711.6
OC-12704,2019-11-07,PROV-065,Secretaría B,3590.0
OC-12705,2019-11-07,PROV-005,Secretaría B,90305.9
OC-12706,2019-11-07,PROV-008,Secretaría B,26380.0
OC-12707,2019-11-07,PROV-274,Secretaría E,1500.0
OC-12708,2019-11-07,PROV-122,Secretaría B,11128.0
OC-12709,2019-11-07,PROV-113,Secretaría D,10110.24
OC-12710,2019-11-07,PROV-104,Secretaría F,1460.0
OC-12711,2019-11-07,PROV-207,Secretaría C,6409.24
OC-12712,2019-11-07,PROV-010,Secretaría I,55990.0
OC-12713,2019-11-07,PROV-088,Secretaría C,13800.0
OC-12714,2019-11-07,PROV-125,Secretaría B,74721.0
OC-12715,2019-11-07,PROV-024,Secretaría B,38672.0
OC-12716,2019-11-07,PROV-023,Secretaría E,21270.0
OC-12717,2019-11-07,PROV-008,Secretaría B,30700.0
OC-12718,2019-11-07,PROV-079,Secretaría G,31712.0
OC-12719,2019-11-07,PROV-127,Secretaría B,12727.0
OC-12720,2019-11-07,PROV-005,Secretaría B,3444.0
OC-12721,2019-11-07,PROV-306,Secretaría C,5580.0
OC-12722,2019-11-07,PROV-017,Secretaría C,24032.82
OC-12723,2019-11-07,PROV-371,Secretaría E,7315.33
OC-12724,2019-11-07,PROV-509,Secretaría C,15000.0
OC-12725,2019-11-07,PROV-169,Secretaría C,10720.0
OC-12726,2019-11-07,PROV-351,Secretaría D,16000.0
OC-12727,2019-11-07,PROV-274,Secretaría E,25200.0
OC-12728,2019-11-07,PROV-480,Secretaría F,7000.0
OC-12729,2019-11-07,PROV-444,Secretaría F,12793.44
OC-12730,2019-11-07,PROV-023,Secretaría A,19800.0
OC-12731,2019-11-07,PROV-034,Secretaría A,5965.0
OC-12732,2019-11-07,PROV-495,Secretaría A,11700.0
OC-12733,2019-11-07,PROV-495,Secretaría A,12500.0
OC-12734,2019-11-07,PROV-442,Secretaría C,14200.0
OC-12735,2019-11-07,PROV-100,Secretaría D,1840.5
OC-12736,2019-11-11,PROV-224,Secretaría A,13175.0
OC-12737,2019-11-11,PROV-252,Secretaría A,47347.0
OC-12738,2019-11-11,PROV-041,Secretaría C,5433.34
OC-12739,2019-11-11,PROV-022,Secretaría B,2220.0
OC-12740,2019-11-11,PROV-105,Secretaría A,4350.0
OC-12741,2019-11-11,PROV-034,Secretaría F,32187.5
OC-12742,2019-11-11,PROV-140,Secretaría A,36000.0
OC-12743,2019-11-11,PROV-105,Secretaría A,1722.0
OC-12744,2019-11-11,PROV-036,Secretaría C,107380.0
OC-12745,2019-11-11,PROV-055,Secretaría C,2980.0
OC-12746,2019-11-11,PROV-033,Secretaría A,5718.0
OC-12747,2019-11-11,PROV-020,Secretaría A,7041.64
OC-12748,2019-11-11,PROV-030,Secretaría A,5078.0
OC-12749,2019-11-11,PROV-034,Secretaría A,2439.5
OC-12750,2019-11-11,PROV-030,Secretaría A,10711.0
OC-12751,2019-11-11,PROV-041,Secretaría B,790.35
OC-12752,2019-11-11,PROV-080,Secretaría B,2116.79
OC-12753,2019-11-11,PROV-050,Secretaría G,3482.0
OC-12754,2019-11-11,PROV-041,Secretaría C,4631.79
OC-12755,2019-11-11,PROV-041,Secretaría B,2554.44
OC-12756,2019-11-11,PROV-041,Secretaría C,1041.88
OC-12757,2019-11-11,PROV-017,Secretaría G,1697.8
OC-12758,2019-11-11,PROV-544,Secretaría E,1800.0
OC-12759,2019-11-11,PROV-034,Secretaría A,4200.0
OC-12760,2019-11-11,PROV-021,Secretaría G,3208.0
OC-12761,2019-11-12,PROV-142,Secretaría C,2460.0
OC-12762,2019-11-12,PROV-299,Secretaría C,61500.0
OC-12763,2019-11-12,PROV-300,Secretaría C,61500.0
OC-12764,2019-11-12,PROV-085,Secretaría B,87890.93
OC-12765,2019-11-12,PROV-041,Secretaría G,12167.72
OC-12766,2019-11-12,PROV-055,Secretaría F,4170.0
OC-12767,2019-11-12,PROV-059,Secretaría C,496.0
OC-12768,2019-11-12,PROV-084,Secretaría F,17520.0
OC-12769,2019-11-12,PROV-059,Secretaría C,706.0
OC-12770,2019-11-12,PROV-059,Secretaría G,3530.0
OC-12771,2019-11-12,PROV-059,Secretaría C,7066.0
OC-12772,2019-11-12,PROV-059,Secretaría H,1149.0
OC-12773,2019-11-12,PROV-059,Secretaría C,766.0
OC-12774,2019-11-12,PROV-552,Secretaría J,11700.0
OC-12775,2019-11-12,PROV-250,Secretaría C,52500.0
OC-12776,2019-11-12,PROV-248,Secretaría C,52500.0
OC-12777,2019-11-12,PROV-247,Secretaría C,52500.0
OC-12778,2019-11-12,PROV-249,Secretaría C,52500.0
OC-12779,2019-11-12,PROV-100,Secretaría D,3000.0
OC-12780,2019-11-12,PROV-010,Secretaría C,15447.0
OC-12781,2019-11-12,PROV-009,Secretaría C,14397.0
OC-12782,2019-11-12,PROV-218,Secretaría F,3560.0
OC-12783,2019-11-12,PROV-010,Secretaría H,4119.2
OC-12784,2019-11-12,PROV-020,Secretaría C,3024.32
OC-12785,2019-11-12,PROV-207,Secretaría C,4809.63
OC-12786,2019-11-12,PROV-320,Secretaría B,500.0
OC-12787,2019-11-12,PROV-202,Secretaría C,9200.0
OC-12788,2019-11-12,PROV-494,Secretaría C,10000.0
OC-12789,2019-11-12,PROV-342,Secretaría F,8800.0
OC-12790,2019-11-12,PROV-227,Secretaría C,18000.0
OC-12791,2019-11-12,PROV-050,Secretaría A,7400.0
OC-12792,2019-11-13,PROV-017,Secretaría E,11695.0
OC-12793,2019-11-13,PROV-214,Secretaría J,12000.0
OC-12794,2019-11-13,PROV-270,Secretaría J,22800.0
OC-12795,2019-11-13,PROV-222,Secretaría B,28290.0
OC-12796,2019-11-13,PROV-017,Secretaría E,1589.1
OC-12797,2019-11-13,PROV-200,Secretaría E,4453.05
OC-12798,2019-11-13,PROV-585,Secretaría C,2000.0
OC-12799,2019-11-13,PROV-335,Secretaría C,90000.0
OC-12800,2019-11-13,PROV-113,Secretaría G,2546.34
OC-12801,2019-11-13,PROV-027,Secretaría B,3774.0
OC-12802,2019-11-13,PROV-097,Secretaría C,5415.0
OC-12803,2019-11-13,PROV-119,Secretaría E,103000.0
OC-12804,2019-11-13,PROV-433,Secretaría E,14500.0
OC-12805,2019-11-13,PROV-603,Secretaría E,880.0
OC-12806,2019-11-13,PROV-311,Secretaría E,18200.0
OC-12807,2019-11-13,PROV-022,Secretaría C,6090.0
OC-12808,2019-11-13,PROV-012,Secretaría A,143370.0
OC-12809,2019-11-13,PROV-100,Secretaría A,990.0
OC-12810,2019-11-13,PROV-121,Secretaría A,5500.8
OC-12811,2019-11-13,PROV-072,Secretaría E,8400.0
OC-12812,2019-11-13,PROV-010,Secretaría A,15747.0
OC-12813,2019-11-13,PROV-270,Secretaría E,17100.0
OC-12814,2019-11-13,PROV-389,Secretaría F,1000.0
OC-12815,2019-11-13,PROV-055,Secretaría H,10740.0
OC-12816,2019-11-13,PROV-022,Secretaría C,1919.5
OC-12817,2019-11-13,PROV-514,Secretaría C,15000.0
OC-12818,2019-11-13,PROV-045,Secretaría F,1327.69
OC-12819,2019-11-14,PROV-281,Secretaría G,19965.0
OC-12820,2019-11-14,PROV-020,Secretaría A,4896.59
OC-12821,2019-11-14,PROV-020,Secretaría A,3324.18
OC-12822,2019-11-14,PROV-123,Secretaría C,6752.2
OC-12823,2019-11-14,PROV-020,Secretaría A,8988.0
OC-12824,2019-11-14,PROV-034,Secretaría D,8950.0
OC-12825,2019-11-14,PROV-202,Secretaría G,18000.0
OC-12826,2019-11-14,PROV-019,Secretaría B,140216.0
OC-12827,2019-11-14,PROV-055,Secretaría J,4440.0
OC-12828,2019-11-14,PROV-051,Secretaría B,6339.62
OC-12829,2019-11-14,PROV-447,Secretaría G,6000.0
OC-12830,2019-11-14,PROV-498,Secretaría G,4000.0
OC-12831,2019-11-14,PROV-025,Secretaría D,7923.99
OC-12832,2019-11-14,PROV-023,Secretaría G,28445.0
OC-12833,2019-11-14,PROV-123,Secretaría G,2812.5
OC-12834,2019-11-14,PROV-009,Secretaría A,148050.0
OC-12835,2019-11-14,PROV-034,Secretaría A,2560.0
OC-12836,2019-11-14,PROV-049,Secretaría B,16261.8
OC-12837,2019-11-14,PROV-114,Secretaría G,18151.92
OC-12838,2019-11-14,PROV-259,Secretaría D,4200.0
OC-12839,2019-11-14,PROV-034,Secretaría A,1815.0
OC-12840,2019-11-14,PROV-400,Secretaría G,58800.0
OC-12841,2019-11-14,PROV-003,Secretaría C,38508.5
OC-12842,2019-11-14,PROV-055,Secretaría F,2900.0
OC-12843,2019-11-14,PROV-149,Secretaría F,2650.0
OC-12844,2019-11-14,PROV-152,Secretaría E,385864.0
OC-12845,2019-11-14,PROV-012,Secretaría A,6920.0
OC-12846,2019-11-14,PROV-090,Secretaría A,6500.0
OC-12847,2019-11-14,PROV-371,Secretaría G,2537.68
OC-12848,2019-11-14,PROV-100,Secretaría D,1720.0
OC-12849,2019-11-14,PROV-020,Secretaría F,499.0
OC-12850,2019-11-14,PROV-371,Secretaría C,4191.84
OC-12851,2019-11-14,PROV-371,Secretaría B,6116.12
OC-12852,2019-11-14,PROV-141,Secretaría A,1163.82
OC-12853,2019-11-14,PROV-371,Secretaría C,7070.28
OC-12854,2019-11-14,PROV-043,Secretaría D,167895.04
OC-12855,2019-11-14,PROV-074,Secretaría A,24990.0
OC-12856,2019-11-14,PROV-034,Secretaría A,26460.0
OC-12857,2019-11-14,PROV-100,Secretaría D,1755.0
OC-12858,2019-11-15,PROV-080,Secretaría C,4707.28
OC-12859,2019-11-15,PROV-027,Secretaría F,4776.0
OC-12860,2019-11-15,PROV-020,Secretaría F,2740.0
OC-12861,2019-11-15,PROV-479,Secretaría G,10925.0
OC-12862,2019-11-15,PROV-020,Secretaría A,11603.46
OC-12863,2019-11-15,PROV-086,Secretaría E,101400.0
OC-12864,2019-11-15,PROV-517,Secretaría I,11260.0
OC-12865,2019-11-15,PROV-020,Secretaría A,3845.0
OC-12866,2019-11-15,PROV-083,Secretaría C,7033.98
OC-12867,2019-11-15,PROV-320,Secretaría B,1030.0
OC-12868,2019-11-15,PROV-609,Secretaría C,2144.0
OC-12869,2019-11-15,PROV-135,Secretaría D,8900.0
OC-12870,2019-11-15,PROV-059,Secretaría B,2672.0
OC-12871,2019-11-15,PROV-059,Secretaría H,668.0
OC-12872,2019-11-15,PROV-123,Secretaría C,2640.0
OC-12873,2019-11-15,PROV-059,Secretaría J,8220.0
OC-12874,2019-11-15,PROV-123,Secretaría B,960.0
OC-12875,2019-11-15,PROV-204,Secretaría G,123795.0
OC-12876,2019-11-15,PROV-041,Secretaría C,62026.47
OC-12877,2019-11-15,PROV-059,Secretaría G,6680.0
OC-12878,2019-11-15,PROV-009,Secretaría A,81600.0
OC-12879,2019-11-15,PROV-010,Secretaría A,88425.0
OC-12880,2019-11-15,PROV-025,Secretaría D,133921.47
OC-12881,2019-11-15,PROV-123,Secretaría B,720.0
OC-12882,2019-11-19,PROV-010,Secretaría A,175500.0
OC-12883,2019-11-19,PROV-010,Secretaría A,280800.0
OC-12884,2019-11-19,PROV-010,Secretaría A,46800.0
OC-12885,2019-11-19,PROV-010,Secretaría D,52650.0
OC-12886,2019-11-19,PROV-010,Secretaría A,222300.0
OC-12887,2019-11-19,PROV-010,Secretaría D,6470.4
OC-12888,2019-11-19,PROV-084,Secretaría G,1461.06
OC-12889,2019-11-19,PROV-017,Secretaría G,24360.0
OC-12890,2019-11-19,PROV-320,Secretaría C,3655.0
OC-12891,2019-11-19,PROV-010,Secretaría A,18872.0
OC-12892,2019-11-19,PROV-010,Secretaría D,17550.0
OC-12893,2019-11-19,PROV-010,Secretaría A,10784.0
OC-12894,2019-11-19,PROV-010,Secretaría A,468000.0
OC-12895,2019-11-19,PROV-045,Secretaría C,30046.95
OC-12896,2019-11-19,PROV-045,Secretaría D,1137.3
OC-12897,2019-11-19,PROV-041,Secretaría C,34069.96
OC-12898,2019-11-19,PROV-045,Secretaría C,17531.0
OC-12899,2019-11-19,PROV-432,Secretaría I,17050.0
OC-12900,2019-11-19,PROV-159,Secretaría D,59500.0
OC-12901,2019-11-19,PROV-034,Secretaría F,3110.0
OC-12902,2019-11-19,PROV-149,Secretaría F,3930.0
OC-12903,2019-11-19,PROV-088,Secretaría I,10400.0
OC-12904,2019-11-19,PROV-088,Secretaría I,6200.0
OC-12905,2019-11-19,PROV-088,Secretaría I,47200.0
OC-12906,2019-11-19,PROV-088,Secretaría I,10500.0
OC-12907,2019-11-19,PROV-088,Secretaría I,5700.0
OC-12908,2019-11-19,PROV-218,Secretaría C,590.0
OC-12909,2019-11-19,PROV-010,Secretaría D,9705.6
OC-12910,2019-11-19,PROV-010,Secretaría A,16380.0
OC-12911,2019-11-19,PROV-010,Secretaría D,4852.8
OC-12912,2019-11-19,PROV-083,Secretaría B,43198.0
OC-12913,2019-11-19,PROV-012,Secretaría A,7414.5
OC-12914,2019-11-19,PROV-041,Secretaría C,25329.83
OC-12915,2019-11-19,PROV-105,Secretaría A,473.0
OC-12916,2019-11-19,PROV-045,Secretaría A,49726.59
OC-12917,2019-11-19,PROV-100,Secretaría E,720.0
OC-12918,2019-11-19,PROV-070,Secretaría E,1994.4
OC-12919,2019-11-19,PROV-100,Secretaría F,2760.0
OC-12920,2019-11-19,PROV-482,Secretaría E,6500.0
OC-12921,2019-11-19,PROV-025,Secretaría D,48668.62
OC-12922,2019-11-19,PROV-200,Secretaría G,3730.0
OC-12923,2019-11-19,PROV-084,Secretaría B,12880.0
OC-12924,2019-11-19,PROV-019,Secretaría B,20174.0
OC-12925,2019-11-19,PROV-051,Secretaría B,31873.96
OC-12926,2019-11-19,PROV-062,Secretaría B,2761.71
OC-12927,2019-11-19,PROV-049,Secretaría B,1562.0
OC-12928,2019-11-19,PROV-169,Secretaría G,4160.0
OC-12929,2019-11-19,PROV-040,Secretaría H,37945.6
OC-12930,2019-11-19,PROV-040,Secretaría H,105075.4
OC-12931,2019-11-19,PROV-012,Secretaría D,5931.6
OC-12932,2019-11-19,PROV-012,Secretaría D,9886.0
OC-12933,2019-11-19,PROV-012,Secretaría A,123575.0
OC-12934,2019-11-19,PROV-012,Secretaría A,593160.0
OC-12935,2019-11-19,PROV-083,Secretaría C,10880.0
OC-12936,2019-11-19,PROV-012,Secretaría A,197720.0
OC-12937,2019-11-19,PROV-556,Secretaría E,6000.0
OC-12938,2019-11-19,PROV-024,Secretaría C,12000.0
OC-12939,2019-11-19,PROV-069,Secretaría C,11872.0
OC-12940,2019-11-19,PROV-050,Secretaría B,21972.0
OC-12941,2019-11-19,PROV-023,Secretaría A,9600.0
OC-12942,2019-11-20,PROV-113,Secretaría A,2231.0
OC-12943,2019-11-20,PROV-003,Secretaría E,6095.62
OC-12944,2019-11-20,PROV-034,Secretaría F,15805.0
OC-12945,2019-11-20,PROV-200,Secretaría E,3250.0
OC-12946,2019-11-20,PROV-021,Secretaría F,1810.0
OC-12947,2019-11-20,PROV-070,Secretaría A,11776.4
OC-12948,2019-11-20,PROV-380,Secretaría F,5500.0
OC-12949,2019-11-20,PROV-077,Secretaría G,1760.0
OC-12950,2019-11-20,PROV-113,Secretaría C,17047.74
OC-12951,2019-11-20,PROV-077,Secretaría D,575.0
OC-12952,2019-11-20,PROV-374,Secretaría C,61593.0
OC-12953,2019-11-20,PROV-100,Secretaría D,2390.0
OC-12954,2019-11-20,PROV-062,Secretaría B,66893.0
OC-12955,2019-11-20,PROV-077,Secretaría A,2070.0
OC-12956,2019-11-20,PROV-020,Secretaría A,3415.44
OC-12957,2019-11-20,PROV-012,Secretaría A,21770.0
OC-12958,2019-11-20,PROV-105,Secretaría A,1970.0
OC-12959,2019-11-20,PROV-010,Secretaría B,37744.0
OC-12960,2019-11-20,PROV-034,Secretaría B,1700.0
OC-12961,2019-11-20,PROV-017,Secretaría A,159264.0
OC-12962,2019-11-20,PROV-311,Secretaría C,13000.0
OC-12963,2019-11-20,PROV-057,Secretaría H,15000.0
OC-12964,2019-11-20,PROV-045,Secretaría H,6125.94
OC-12965,2019-11-20,PROV-023,Secretaría H,60440.0
OC-12966,2019-11-20,PROV-105,Secretaría A,960.0
OC-12967,2019-11-20,PROV-105,Secretaría A,6832.0
OC-12968,2019-11-20,PROV-105,Secretaría D,3300.0
OC-12969,2019-11-20,PROV-017,Secretaría C,11578.55
OC-12970,2019-11-20,PROV-017,Secretaría A,6850.81
OC-12971,2019-11-20,PROV-348,Secretaría A,51036.1
OC-12972,2019-11-20,PROV-105,Secretaría A,1219.0
OC-12973,2019-11-20,PROV-135,Secretaría A,3900.0
OC-12974,2019-11-20,PROV-034,Secretaría A,2260.0
OC-12975,2019-11-20,PROV-003,Secretaría A,11511.18
OC-12976,2019-11-21,PROV-020,Secretaría A,6813.0
OC-12977,2019-11-21,PROV-012,Secretaría A,4703.0
OC-12978,2019-11-21,PROV-020,Secretaría A,5479.32
OC-12979,2019-11-21,PROV-020,Secretaría A,5759.16
OC-12980,2019-11-21,PROV-020,Secretaría A,13750.0
OC-12981,2019-11-21,PROV-030,Secretaría A,8469.0
OC-12982,2019-11-21,PROV-100,Secretaría A,1826.0
OC-12983,2019-11-21,PROV-010,Secretaría E,17517.0
OC-12984,2019-11-21,PROV-141,Secretaría A,19649.0
OC-12985,2019-11-21,PROV-010,Secretaría F,29195.0
OC-12986,2019-11-21,PROV-010,Secretaría F,58390.0
OC-12987,2019-11-21,PROV-010,Secretaría F,35034.0
OC-12988,2019-11-21,PROV-135,Secretaría A,1580.0
OC-12989,2019-11-21,PROV-141,Secretaría A,1208.67
OC-12990,2019-11-21,PROV-135,Secretaría A,4200.0
OC-12991,2019-11-21,PROV-020,Secretaría A,3751.02
OC-12992,2019-11-21,PROV-020,Secretaría A,8620.0
OC-12993,2019-11-21,PROV-170,Secretaría E,6300.0
OC-12994,2019-11-21,PROV-034,Secretaría A,3850.0
OC-12995,2019-11-21,PROV-390,Secretaría E,1660.0
OC-12996,2019-11-21,PROV-034,Secretaría A,7800.0
OC-12997,2019-11-21,PROV-034,Secretaría A,3995.0
OC-12998,2019-11-21,PROV-034,Secretaría A,5200.0
OC-12999,2019-11-21,PROV-020,Secretaría A,2890.0
OC-13000,2019-11-21,PROV-034,Secretaría A,3440.0
OC-13001,2019-11-21,PROV-020,Secretaría A,3817.74
OC-13002,2019-11-21,PROV-010,Secretaría C,20436.5
OC-13003,2019-11-21,PROV-023,Secretaría A,45060.0
OC-13004,2019-11-21,PROV-020,Secretaría A,5134.32
OC-13005,2019-11-21,PROV-487,Secretaría A,24127.4
OC-13006,2019-11-21,PROV-162,Secretaría A,18573.5
OC-13007,2019-11-21,PROV-020,Secretaría A,5680.0
OC-13008,2019-11-21,PROV-010,Secretaría E,17370.0
OC-13009,2019-11-21,PROV-141,Secretaría A,2018.0
OC-13010,2019-11-21,PROV-010,Secretaría I,16047.0
OC-13011,2019-11-21,PROV-010,Secretaría F,21396.0
OC-13012,2019-11-21,PROV-059,Secretaría G,7256.0
OC-13013,2019-11-21,PROV-022,Secretaría C,8471.0
OC-13014,2019-11-21,PROV-202,Secretaría G,38500.0
OC-13015,2019-11-21,PROV-121,Secretaría C,800.0
OC-13016,2019-11-21,PROV-005,Secretaría B,29866.0
OC-13017,2019-11-21,PROV-133,Secretaría B,167794.0
OC-13018,2019-11-21,PROV-008,Secretaría B,90760.0
OC-13019,2019-11-21,PROV-069,Secretaría B,24420.0
OC-13020,2019-11-21,PROV-024,Secretaría B,52413.0
OC-13021,2019-11-21,PROV-094,Secretaría B,150821.0
OC-13022,2019-11-21,PROV-489,Secretaría B,1360.0
OC-13023,2019-11-21,PROV-055,Secretaría H,6700.0
OC-13024,2019-11-21,PROV-095,Secretaría B,7027.5
OC-13025,2019-11-21,PROV-008,Secretaría B,134155.0
OC-13026,2019-11-21,PROV-030,Secretaría A,10008.01
OC-13027,2019-11-21,PROV-150,Secretaría B,16825.0
OC-13028,2019-11-21,PROV-069,Secretaría B,10380.0
OC-13029,2019-11-21,PROV-010,Secretaría F,106980.0
OC-13030,2019-11-21,PROV-010,Secretaría B,32094.0
OC-13031,2019-11-21,PROV-017,Secretaría E,2466.67
OC-13032,2019-11-21,PROV-033,Secretaría A,11500.0
OC-13033,2019-11-21,PROV-135,Secretaría A,8250.0
OC-13034,2019-11-21,PROV-012,Secretaría I,24715.0
OC-13035,2019-11-21,PROV-100,Secretaría A,470.0
OC-13036,2019-11-21,PROV-256,Secretaría A,13500.0
OC-13037,2019-11-21,PROV-050,Secretaría F,2619.0
OC-13038,2019-11-21,PROV-030,Secretaría D,6870.0
OC-13039,2019-11-21,PROV-208,Secretaría B,107176.0
OC-13040,2019-11-21,PROV-016,Secretaría B,262430.0
OC-13041,2019-11-21,PROV-108,Secretaría B,8340.0
OC-13042,2019-11-21,PROV-012,Secretaría B,19772.0
OC-13043,2019-11-22,PROV-306,Secretaría B,1183.0
OC-13044,2019-11-22,PROV-128,Secretaría B,5374.16
OC-13045,2019-11-22,PROV-078,Secretaría B,6696.0
OC-13046,2019-11-22,PROV-094,Secretaría B,46173.6
OC-13047,2019-11-22,PROV-169,Secretaría G,5760.0
OC-13048,2019-11-22,PROV-311,Secretaría G,48000.0
OC-13049,2019-11-22,PROV-016,Secretaría B,6000.0
OC-13050,2019-11-22,PROV-068,Secretaría B,73436.4
OC-13051,2019-11-22,PROV-045,Secretaría B,3601.79
OC-13052,2019-11-22,PROV-062,Secretaría B,78950.41
OC-13053,2019-11-22,PROV-230,Secretaría B,24500.0
OC-13054,2019-11-22,PROV-083,Secretaría B,1896.0
OC-13055,2019-11-22,PROV-087,Secretaría B,12000.0
OC-13056,2019-11-22,PROV-019,Secretaría B,166906.0
OC-13057,2019-11-22,PROV-051,Secretaría B,10037.06
OC-13058,2019-11-22,PROV-107,Secretaría A,103200.0
OC-13059,2019-11-22,PROV-217,Secretaría A,134800.0
OC-13060,2019-11-22,PROV-021,Secretaría B,13820.0
OC-13061,2019-11-25,PROV-045,Secretaría F,6583.92
OC-13062,2019-11-25,PROV-060,Secretaría D,272186.0
OC-13063,2019-11-25,PROV-086,Secretaría C,18700.0
OC-13064,2019-11-25,PROV-201,Secretaría G,37407.42
OC-13065,2019-11-25,PROV-256,Secretaría G,13000.0
OC-13066,2019-11-25,PROV-123,Secretaría C,1237.5
OC-13067,2019-11-25,PROV-043,Secretaría D,324300.14
OC-13068,2019-11-25,PROV-056,Secretaría A,1842.0
OC-13069,2019-11-25,PROV-020,Secretaría F,1174.0
OC-13070,2019-11-25,PROV-100,Secretaría C,2700.0
OC-13071,2019-11-25,PROV-055,Secretaría F,1740.0
OC-13072,2019-11-25,PROV-100,Secretaría D,1065.0
OC-13073,2019-11-25,PROV-002,Secretaría B,8000.0
OC-13074,2019-11-25,PROV-057,Secretaría A,1320.0
OC-13075,2019-11-25,PROV-045,Secretaría F,8865.0
OC-13076,2019-11-25,PROV-105,Secretaría A,604.0
OC-13077,2019-11-25,PROV-024,Secretaría B,9980.0
OC-13078,2019-11-25,PROV-016,Secretaría B,15900.0
OC-13079,2019-11-25,PROV-020,Secretaría A,5599.0
OC-13080,2019-11-25,PROV-372,Secretaría C,2542.2
OC-13081,2019-11-25,PROV-414,Secretaría C,4784.0
OC-13082,2019-11-25,PROV-045,Secretaría C,4877.95
OC-13083,2019-11-25,PROV-256,Secretaría E,21000.0
OC-13084,2019-11-25,PROV-022,Secretaría C,2957.5
OC-13085,2019-11-25,PROV-498,Secretaría C,3000.0
OC-13086,2019-11-25,PROV-169,Secretaría C,5100.0
OC-13087,2019-11-25,PROV-355,Secretaría B,24000.0
OC-13088,2019-11-25,PROV-265,Secretaría B,3036.0
OC-13089,2019-11-25,PROV-169,Secretaría C,3740.0
OC-13090,2019-11-26,PROV-010,Secretaría B,42792.0
OC-13091,2019-11-26,PROV-020,Secretaría A,11150.0
OC-13092,2019-11-26,PROV-040,Secretaría F,34750.0
OC-13093,2019-11-26,PROV-377,Secretaría F,32426.54
OC-13094,2019-11-26,PROV-281,Secretaría G,3630.0
OC-13095,2019-11-26,PROV-086,Secretaría C,4790.0
OC-13096,2019-11-26,PROV-480,Secretaría F,3600.0
OC-13097,2019-11-26,PROV-192,Secretaría B,40000.0
OC-13098,2019-11-26,PROV-206,Secretaría B,29150.0
OC-13099,2019-11-26,PROV-236,Secretaría B,38560.0
OC-13100,2019-11-26,PROV-205,Secretaría A,6250.0
OC-13101,2019-11-26,PROV-126,Secretaría B,100000.0
OC-13102,2019-11-26,PROV-234,Secretaría B,8150.0
OC-13103,2019-11-26,PROV-020,Secretaría A,15900.0
OC-13104,2019-11-26,PROV-271,Secretaría B,30000.0
OC-13105,2019-11-26,PROV-100,Secretaría C,1900.0
OC-13106,2019-11-26,PROV-010,Secretaría H,10698.0
OC-13107,2019-11-26,PROV-020,Secretaría A,4562.0
OC-13108,2019-11-26,PROV-020,Secretaría A,9306.0
OC-13109,2019-11-26,PROV-020,Secretaría A,39901.0
OC-13110,2019-11-26,PROV-147,Secretaría I,1950.0
OC-13111,2019-11-26,PROV-041,Secretaría B,76143.96
OC-13112,2019-11-26,PROV-017,Secretaría G,5585.8
OC-13113,2019-11-26,PROV-578,Secretaría B,7500.0
OC-13114,2019-11-26,PROV-224,Secretaría A,8560.0
OC-13115,2019-11-26,PROV-034,Secretaría A,10350.0
OC-13116,2019-11-26,PROV-034,Secretaría A,2310.0
OC-13117,2019-11-26,PROV-070,Secretaría A,3949.0
OC-13118,2019-11-26,PROV-020,Secretaría D,4830.23
OC-13119,2019-11-26,PROV-105,Secretaría A,1510.0
OC-13120,2019-11-26,PROV-020,Secretaría A,10898.52
OC-13121,2019-11-26,PROV-020,Secretaría A,6280.0
OC-13122,2019-11-26,PROV-020,Secretaría A,7450.0
OC-13123,2019-11-26,PROV-020,Secretaría D,5500.0
OC-13124,2019-11-26,PROV-062,Secretaría C,21259.0
OC-13125,2019-11-26,PROV-020,Secretaría A,2722.0
OC-13126,2019-11-27,PROV-105,Secretaría A,530.0
OC-13127,2019-11-27,PROV-018,Secretaría F,2408.66
OC-13128,2019-11-27,PROV-023,Secretaría C,14510.0
OC-13129,2019-11-27,PROV-055,Secretaría F,12393.15
OC-13130,2019-11-27,PROV-343,Secretaría B,30000.0
OC-13131,2019-11-27,PROV-033,Secretaría A,17550.0
OC-13132,2019-11-27,PROV-451,Secretaría B,40000.0
OC-13133,2019-11-27,PROV-486,Secretaría E,3183.0
OC-13134,2019-11-27,PROV-135,Secretaría A,2900.0
OC-13135,2019-11-27,PROV-105,Secretaría A,1380.0
OC-13136,2019-11-27,PROV-239,Secretaría B,25000.0
OC-13137,2019-11-27,PROV-012,Secretaría A,11157.0
OC-13138,2019-11-27,PROV-034,Secretaría A,1370.0
OC-13139,2019-11-27,PROV-020,Secretaría A,1184.17
OC-13140,2019-11-27,PROV-186,Secretaría A,300043.7
OC-13141,2019-11-27,PROV-003,Secretaría D,893.15
OC-13142,2019-11-27,PROV-055,Secretaría C,3920.0
OC-13143,2019-11-27,PROV-012,Secretaría A,7312.0
OC-13144,2019-11-27,PROV-018,Secretaría A,168410.24
OC-13145,2019-11-27,PROV-074,Secretaría A,3100.0
OC-13146,2019-11-27,PROV-023,Secretaría G,6730.0
OC-13147,2019-11-27,PROV-052,Secretaría A,114470.0
OC-13148,2019-11-27,PROV-404,Secretaría G,9300.0
OC-13149,2019-11-27,PROV-074,Secretaría A,18414.0
OC-13150,2019-11-27,PROV-090,Secretaría A,39123.0
OC-13151,2019-11-27,PROV-012,Secretaría A,155429.0
OC-13152,2019-11-27,PROV-129,Secretaría B,85000.0
OC-13153,2019-11-27,PROV-132,Secretaría B,40000.0
OC-13154,2019-11-27,PROV-086,Secretaría C,42000.0
OC-13155,2019-11-27,PROV-010,Secretaría F,291950.0
OC-13156,2019-11-27,PROV-177,Secretaría B,50000.0
OC-13157,2019-11-27,PROV-012,Secretaría A,82678.0
OC-13158,2019-11-27,PROV-164,Secretaría B,40000.0
OC-13159,2019-11-27,PROV-182,Secretaría B,90000.0
OC-13160,2019-11-27,PROV-351,Secretaría A,6400.0
OC-13161,2019-11-27,PROV-148,Secretaría A,14908.0
OC-13162,2019-11-27,PROV-090,Secretaría A,12688.5
OC-13163,2019-11-27,PROV-207,Secretaría C,8055.0
OC-13164,2019-11-27,PROV-296,Secretaría B,40000.0
OC-13165,2019-11-27,PROV-055,Secretaría B,13770.0
OC-13166,2019-11-27,PROV-336,Secretaría C,90000.0
OC-13167,2019-11-28,PROV-020,Secretaría A,5650.0
OC-13168,2019-11-28,PROV-133,Secretaría C,8135.0
OC-13169,2019-11-28,PROV-024,Secretaría C,6733.5
OC-13170,2019-11-28,PROV-008,Secretaría C,94107.0
OC-13171,2019-11-28,PROV-003,Secretaría G,12123.13
OC-13172,2019-11-28,PROV-100,Secretaría D,1000.0
OC-13173,2019-11-28,PROV-142,Secretaría B,43800.0
OC-13174,2019-11-28,PROV-142,Secretaría C,1800.0
OC-13175,2019-11-28,PROV-020,Secretaría A,8950.0
OC-13176,2019-11-28,PROV-020,Secretaría A,5995.0
OC-13177,2019-11-28,PROV-020,Secretaría A,4465.0
OC-13178,2019-11-28,PROV-020,Secretaría A,5435.0
OC-13179,2019-11-28,PROV-017,Secretaría C,3057.6
OC-13180,2019-11-28,PROV-124,Secretaría B,8800.0
OC-13181,2019-11-28,PROV-124,Secretaría B,11400.0
OC-13182,2019-11-28,PROV-016,Secretaría C,9050.0
OC-13183,2019-11-28,PROV-020,Secretaría A,6523.38
OC-13184,2019-11-28,PROV-069,Secretaría C,1455.0
OC-13185,2019-11-28,PROV-288,Secretaría F,13142.37
OC-13186,2019-11-28,PROV-074,Secretaría A,2705.0
OC-13187,2019-11-28,PROV-024,Secretaría C,6841.5
OC-13188,2019-11-28,PROV-059,Secretaría E,3419.0
OC-13189,2019-11-28,PROV-306,Secretaría G,2091.0
OC-13190,2019-11-28,PROV-041,Secretaría C,13068.75
OC-13191,2019-11-28,PROV-041,Secretaría G,15119.08
OC-13192,2019-11-28,PROV-041,Secretaría C,13189.15
OC-13193,2019-11-28,PROV-041,Secretaría C,1975.06
OC-13194,2019-11-28,PROV-041,Secretaría C,1140.0
OC-13195,2019-11-28,PROV-041,Secretaría C,11461.14
OC-13196,2019-11-28,PROV-002,Secretaría C,927500.0
OC-13197,2019-11-28,PROV-041,Secretaría C,8115.54
OC-13198,2019-11-28,PROV-041,Secretaría C,2375.15
OC-13199,2019-11-28,PROV-002,Secretaría C,2239.0
OC-13200,2019-11-28,PROV-003,Secretaría B,2369.44
OC-13201,2019-11-28,PROV-289,Secretaría F,13142.37
OC-13202,2019-11-28,PROV-002,Secretaría C,141276.0
OC-13203,2019-11-29,PROV-034,Secretaría C,11125.0
OC-13204,2019-11-29,PROV-045,Secretaría C,7316.43
OC-13205,2019-11-29,PROV-521,Secretaría E,2400.0
OC-13206,2019-11-29,PROV-161,Secretaría A,53325.0
OC-13207,2019-11-29,PROV-020,Secretaría D,2426.0
OC-13208,2019-11-29,PROV-320,Secretaría C,760.32
OC-13209,2019-11-29,PROV-020,Secretaría D,2690.0
OC-13210,2019-11-29,PROV-274,Secretaría E,3000.0
OC-13211,2019-11-29,PROV-003,Secretaría A,18419.15
OC-13212,2019-11-29,PROV-059,Secretaría F,2856.0
OC-13213,2019-11-29,PROV-059,Secretaría F,709.0
OC-13214,2019-11-29,PROV-114,Secretaría C,3125.49
OC-13215,2019-11-29,PROV-017,Secretaría C,12672.0
OC-13216,2019-11-29,PROV-050,Secretaría C,5786.0
OC-13217,2019-11-29,PROV-158,Secretaría E,11000.0
OC-13218,2019-11-29,PROV-066,Secretaría A,31208.43
OC-13219,2019-12-02,PROV-365,Secretaría E,800.0
OC-13220,2019-12-02,PROV-079,Secretaría B,7000.0
OC-13221,2019-12-02,PROV-020,Secretaría A,4320.0
OC-13222,2019-12-02,PROV-050,Secretaría D,8831.0
OC-13223,2019-12-02,PROV-127,Secretaría B,25280.0
OC-13224,2019-12-02,PROV-077,Secretaría F,4730.0
OC-13225,2019-12-02,PROV-202,Secretaría E,9500.0
OC-13226,2019-12-02,PROV-016,Secretaría B,13500.0
OC-13227,2019-12-02,PROV-077,Secretaría J,2605.0
OC-13228,2019-12-02,PROV-077,Secretaría C,10100.0
OC-13229,2019-12-02,PROV-077,Secretaría B,38500.0
OC-13230,2019-12-02,PROV-200,Secretaría E,4713.0
OC-13231,2019-12-02,PROV-127,Secretaría B,21587.2
OC-13232,2019-12-02,PROV-020,Secretaría A,20569.0
OC-13233,2019-12-02,PROV-124,Secretaría C,5500.0
OC-13234,2019-12-02,PROV-083,Secretaría B,10137.34
OC-13235,2019-12-02,PROV-020,Secretaría A,19360.0
OC-13236,2019-12-02,PROV-020,Secretaría A,3777.86
OC-13237,2019-12-02,PROV-012,Secretaría A,32049.0
OC-13238,2019-12-02,PROV-280,Secretaría B,12060.0
OC-13239,2019-12-02,PROV-020,Secretaría F,560.69
OC-13240,2019-12-02,PROV-020,Secretaría A,1555.53
OC-13241,2019-12-02,PROV-526,Secretaría E,10000.0
OC-13242,2019-12-02,PROV-017,Secretaría A,6061.0
OC-13243,2019-12-02,PROV-020,Secretaría A,16463.52
OC-13244,2019-12-02,PROV-020,Secretaría A,6672.0
OC-13245,2019-12-02,PROV-109,Secretaría C,27440.0
OC-13246,2019-12-02,PROV-142,Secretaría C,9960.0
OC-13247,2019-12-02,PROV-007,Secretaría C,19705.0
OC-13248,2019-12-02,PROV-049,Secretaría B,1093.96
OC-13249,2019-12-02,PROV-007,Secretaría B,53375.0
OC-13250,2019-12-02,PROV-365,Secretaría C,58280.0
OC-13251,2019-12-02,PROV-169,Secretaría C,1360.0
OC-13252,2019-12-02,PROV-211,Secretaría C,3600.0
OC-13253,2019-12-02,PROV-002,Secretaría C,158697.0
OC-13254,2019-12-02,PROV-002,Secretaría C,12991.0
OC-13255,2019-12-02,PROV-002,Secretaría C,11990.0
OC-13256,2019-12-02,PROV-002,Secretaría C,18817.0
OC-13257,2019-12-02,PROV-007,Secretaría C,240890.0
OC-13258,2019-12-02,PROV-002,Secretaría C,18320.0
OC-13259,2019-12-02,PROV-002,Secretaría B,11102.0
OC-13260,2019-12-02,PROV-002,Secretaría C,31820.0
OC-13261,2019-12-02,PROV-002,Secretaría C,9010.0
OC-13262,2019-12-02,PROV-002,Secretaría C,18790.0
OC-13263,2019-12-02,PROV-002,Secretaría C,8030.0
OC-13264,2019-12-02,PROV-224,Secretaría A,4720.0
OC-13265,2019-12-02,PROV-202,Secretaría C,12000.0
OC-13266,2019-12-02,PROV-007,Secretaría B,263892.5
OC-13267,2019-12-02,PROV-007,Secretaría C,39350.0
OC-13268,2019-12-02,PROV-007,Secretaría B,13820.0
OC-13269,2019-12-02,PROV-109,Secretaría C,3385.0
OC-13270,2019-12-02,PROV-109,Secretaría C,7092.0
OC-13271,2019-12-02,PROV-109,Secretaría C,540.0
OC-13272,2019-12-02,PROV-194,Secretaría B,21040.0
OC-13273,2019-12-02,PROV-062,Secretaría B,37946.93
OC-13274,2019-12-02,PROV-224,Secretaría A,3000.0
OC-13275,2019-12-02,PROV-019,Secretaría B,39698.0
OC-13276,2019-12-02,PROV-109,Secretaría B,2700.0
OC-13277,2019-12-03,PROV-017,Secretaría A,14556.8
OC-13278,2019-12-03,PROV-015,Secretaría B,111545.0
OC-13279,2019-12-03,PROV-015,Secretaría C,230400.0
OC-13280,2019-12-03,PROV-102,Secretaría C,56000.0
OC-13281,2019-12-03,PROV-017,Secretaría C,8407.3
OC-13282,2019-12-03,PROV-015,Secretaría B,197820.0
OC-13283,2019-12-03,PROV-506,Secretaría E,6000.0
OC-13284,2019-12-03,PROV-017,Secretaría C,18400.0
OC-13285,2019-12-03,PROV-003,Secretaría H,16318.88
OC-13286,2019-12-03,PROV-220,Secretaría C,40000.0
OC-13287,2019-12-03,PROV-104,Secretaría C,926.0
OC-13288,2019-12-03,PROV-015,Secretaría C,34960.0
OC-13289,2019-12-03,PROV-002,Secretaría B,123824.0
OC-13290,2019-12-03,PROV-015,Secretaría C,20290.0
OC-13291,2019-12-03,PROV-015,Secretaría B,11280.0
OC-13292,2019-12-03,PROV-204,Secretaría G,139463.0
OC-13293,2019-12-03,PROV-123,Secretaría H,6000.0
OC-13294,2019-12-03,PROV-428,Secretaría E,47000.0
OC-13295,2019-12-03,PROV-057,Secretaría A,143400.0
OC-13296,2019-12-03,PROV-020,Secretaría A,2514.0
OC-13297,2019-12-03,PROV-198,Secretaría A,75384.76
OC-13298,2019-12-03,PROV-123,Secretaría C,5095.8
OC-13299,2019-12-03,PROV-113,Secretaría C,994.18
OC-13300,2019-12-03,PROV-257,Secretaría E,29500.0
OC-13301,2019-12-04,PROV-024,Secretaría B,9456.0
OC-13302,2019-12-04,PROV-074,Secretaría A,16810.0
OC-13303,2019-12-04,PROV-122,Secretaría C,8300.0
OC-13304,2019-12-04,PROV-020,Secretaría A,9650.0
OC-13305,2019-12-04,PROV-050,Secretaría C,92959.0
OC-13306,2019-12-04,PROV-169,Secretaría C,3400.0
OC-13307,2019-12-04,PROV-208,Secretaría B,19650.0
OC-13308,2019-12-04,PROV-131,Secretaría B,459380.0
OC-13309,2019-12-04,PROV-010,Secretaría C,17091.0
OC-13310,2019-12-04,PROV-020,Secretaría A,6750.0
OC-13311,2019-12-04,PROV-020,Secretaría A,6525.17
OC-13312,2019-12-04,PROV-310,Secretaría B,11400.0
OC-13313,2019-12-04,PROV-306,Secretaría C,935.0
OC-13314,2019-12-04,PROV-074,Secretaría F,27600.0
OC-13315,2019-12-04,PROV-137,Secretaría D,123600.0
OC-13316,2019-12-04,PROV-522,Secretaría G,3339.0
OC-13317,2019-12-04,PROV-030,Secretaría C,76765.0
OC-13318,2019-12-04,PROV-020,Secretaría A,7419.42
OC-13319,2019-12-04,PROV-030,Secretaría C,5836.0
OC-13320,2019-12-04,PROV-010,Secretaría C,19939.5
OC-13321,2019-12-04,PROV-169,Secretaría C,13600.0
OC-13322,2019-12-04,PROV-045,Secretaría H,3379.46
OC-13323,2019-12-04,PROV-351,Secretaría D,16800.0
OC-13324,2019-12-04,PROV-128,Secretaría C,7540.0
OC-13325,2019-12-04,PROV-170,Secretaría C,8550.01
OC-13326,2019-12-04,PROV-036,Secretaría C,101480.0
OC-13327,2019-12-04,PROV-320,Secretaría C,3285.0
OC-13328,2019-12-04,PROV-587,Secretaría E,6000.0
OC-13329,2019-12-04,PROV-589,Secretaría E,6000.0
OC-13330,2019-12-04,PROV-213,Secretaría G,17200.0
OC-13331,2019-12-04,PROV-104,Secretaría B,2102.4
OC-13332,2019-12-04,PROV-030,Secretaría E,2285.0
OC-13333,2019-12-04,PROV-169,Secretaría C,14080.0
OC-13334,2019-12-04,PROV-074,Secretaría A,5430.0
OC-13335,2019-12-04,PROV-065,Secretaría C,23120.0
OC-13336,2019-12-04,PROV-074,Secretaría A,4873.0
OC-13337,2019-12-04,PROV-074,Secretaría A,750.0
OC-13338,2019-12-04,PROV-020,Secretaría A,4621.67
OC-13339,2019-12-04,PROV-275,Secretaría A,16940.0
OC-13340,2019-12-04,PROV-084,Secretaría G,540.0
OC-13341,2019-12-05,PROV-020,Secretaría C,695.0
OC-13342,2019-12-05,PROV-161,Secretaría E,47110.0
OC-13343,2019-12-05,PROV-566,Secretaría D,9450.0
OC-13344,2019-12-05,PROV-070,Secretaría A,16325.0
OC-13345,2019-12-05,PROV-365,Secretaría C,2100.0
OC-13346,2019-12-05,PROV-070,Secretaría A,40295.0
OC-13347,2019-12-05,PROV-365,Secretaría C,10594.0
OC-13348,2019-12-05,PROV-085,Secretaría B,109034.23
OC-13349,2019-12-05,PROV-036,Secretaría B,41890.0
OC-13350,2019-12-05,PROV-002,Secretaría C,40000.0
OC-13351,2019-12-05,PROV-030,Secretaría B,3192.01
OC-13352,2019-12-05,PROV-482,Secretaría E,6000.0
OC-13353,2019-12-05,PROV-040,Secretaría B,34740.0
OC-13354,2019-12-05,PROV-104,Secretaría B,1230.0
OC-13355,2019-12-05,PROV-360,Secretaría B,20000.0
OC-13356,2019-12-05,PROV-284,Secretaría E,68000.0
OC-13357,2019-12-05,PROV-065,Secretaría B,16310.0
OC-13358,2019-12-05,PROV-446,Secretaría E,42000.0
OC-13359,2019-12-05,PROV-466,Secretaría C,1060.0
OC-13360,2019-12-05,PROV-041,Secretaría I,1823.68
OC-13361,2019-12-05,PROV-077,Secretaría C,4413.0
OC-13362,2019-12-05,PROV-371,Secretaría C,3862.1
OC-13363,2019-12-05,PROV-033,Secretaría A,14293.0
OC-13364,2019-12-05,PROV-010,Secretaría C,11594.0
OC-13365,2019-12-06,PROV-466,Secretaría C,930.0
OC-13366,2019-12-06,PROV-017,Secretaría C,410.64
OC-13367,2019-12-06,PROV-468,Secretaría B,3850.0
OC-13368,2019-12-06,PROV-529,Secretaría B,15500.0
OC-13369,2019-12-06,PROV-060,Secretaría D,218000.0
OC-13370,2019-12-06,PROV-468,Secretaría C,4125.0
OC-13371,2019-12-06,PROV-034,Secretaría F,6347.5
OC-13372,2019-12-06,PROV-113,Secretaría A,5193.07
OC-13373,2019-12-06,PROV-045,Secretaría A,20500.0
OC-13374,2019-12-06,PROV-020,Secretaría F,963.0
OC-13375,2019-12-09,PROV-141,Secretaría A,3433.93
OC-13376,2019-12-09,PROV-124,Secretaría C,26400.0
OC-13377,2019-12-09,PROV-142,Secretaría C,35200.0
OC-13378,2019-12-09,PROV-056,Secretaría A,13336.0
OC-13379,2019-12-09,PROV-142,Secretaría B,3360.0
OC-13380,2019-12-09,PROV-034,Secretaría A,1950.0
OC-13381,2019-12-09,PROV-034,Secretaría A,1110.0
OC-13382,2019-12-09,PROV-141,Secretaría A,2032.0
OC-13383,2019-12-09,PROV-141,Secretaría A,2609.24
OC-13384,2019-12-09,PROV-003,Secretaría E,12829.53
OC-13385,2019-12-09,PROV-020,Secretaría A,1510.0
OC-13386,2019-12-09,PROV-141,Secretaría A,4172.5
OC-13387,2019-12-09,PROV-018,Secretaría E,12017.95
OC-13388,2019-12-09,PROV-033,Secretaría C,2870.0
OC-13389,2019-12-09,PROV-033,Secretaría E,3095.0
OC-13390,2019-12-09,PROV-100,Secretaría A,1610.0
OC-13391,2019-12-09,PROV-033,Secretaría C,1890.0
OC-13392,2019-12-09,PROV-020,Secretaría A,7125.25
OC-13393,2019-12-09,PROV-020,Secretaría A,8586.21
OC-13394,2019-12-09,PROV-020,Secretaría A,1581.14
OC-13395,2019-12-09,PROV-356,Secretaría C,4005.0
OC-13396,2019-12-10,PROV-563,Secretaría C,10000.0
OC-13397,2019-12-10,PROV-002,Secretaría C,2610.0
OC-13398,2019-12-10,PROV-175,Secretaría E,5591.0
OC-13399,2019-12-10,PROV-025,Secretaría E,8684.12
OC-13400,2019-12-10,PROV-100,Secretaría E,830.0
OC-13401,2019-12-10,PROV-017,Secretaría E,3440.0
OC-13402,2019-12-10,PROV-010,Secretaría I,16487.5
OC-13403,2019-12-10,PROV-105,Secretaría E,2424.0
OC-13404,2019-12-10,PROV-159,Secretaría B,37460.0
OC-13405,2019-12-10,PROV-009,Secretaría D,6189.6
OC-13406,2019-12-10,PROV-416,Secretaría F,11610.0
OC-13407,2019-12-10,PROV-009,Secretaría I,10316.0
OC-13408,2019-12-10,PROV-045,Secretaría F,21250.0
OC-13409,2019-12-10,PROV-009,Secretaría D,7737.0
OC-13410,2019-12-10,PROV-009,Secretaría A,206320.0
OC-13411,2019-12-10,PROV-009,Secretaría A,152161.0
OC-13412,2019-12-10,PROV-009,Secretaría A,126371.0
OC-13413,2019-12-10,PROV-009,Secretaría A,459062.0
OC-13414,2019-12-10,PROV-001,Secretaría C,19565.0
OC-13415,2019-12-10,PROV-397,Secretaría B,8700.0
OC-13416,2019-12-10,PROV-090,Secretaría A,10655.47
OC-13417,2019-12-10,PROV-115,Secretaría E,550000.0
OC-13418,2019-12-10,PROV-020,Secretaría A,15600.0
OC-13419,2019-12-10,PROV-020,Secretaría A,3072.45
OC-13420,2019-12-10,PROV-034,Secretaría A,1345.0
OC-13421,2019-12-10,PROV-272,Secretaría D,2800.0
OC-13422,2019-12-10,PROV-100,Secretaría D,1106.0
OC-13423,2019-12-10,PROV-034,Secretaría I,5645.0
OC-13424,2019-12-10,PROV-088,Secretaría I,5200.0
OC-13425,2019-12-10,PROV-128,Secretaría B,14936.11
OC-13426,2019-12-10,PROV-128,Secretaría D,2581.5
OC-13427,2019-12-10,PROV-105,Secretaría A,1050.0
OC-13428,2019-12-10,PROV-086,Secretaría C,2100.0
OC-13429,2019-12-10,PROV-034,Secretaría A,6480.0
OC-13430,2019-12-10,PROV-020,Secretaría A,2824.0
OC-13431,2019-12-10,PROV-020,Secretaría A,37037.87
OC-13432,2019-12-10,PROV-034,Secretaría A,1600.0
OC-13433,2019-12-10,PROV-020,Secretaría A,2970.0
OC-13434,2019-12-10,PROV-034,Secretaría A,1285.0
OC-13435,2019-12-10,PROV-103,Secretaría C,53650.0
OC-13436,2019-12-10,PROV-103,Secretaría B,25900.0
OC-13437,2019-12-10,PROV-020,Secretaría A,1270.0
OC-13438,2019-12-10,PROV-424,Secretaría G,1700.0
OC-13439,2019-12-10,PROV-034,Secretaría A,1895.0
OC-13440,2019-12-11,PROV-009,Secretaría B,92460.0
OC-13441,2019-12-11,PROV-272,Secretaría A,3900.0
OC-13442,2019-12-11,PROV-141,Secretaría A,3488.0
OC-13443,2019-12-11,PROV-002,Secretaría C,7800.0
OC-13444,2019-12-11,PROV-020,Secretaría A,12512.0
OC-13445,2019-12-11,PROV-020,Secretaría A,4932.3
OC-13446,2019-12-11,PROV-020,Secretaría A,1266.0
OC-13447,2019-12-11,PROV-084,Secretaría D,1530.0
OC-13448,2019-12-11,PROV-145,Secretaría B,45228.0
OC-13449,2019-12-11,PROV-031,Secretaría B,25305.0
OC-13450,2019-12-11,PROV-142,Secretaría C,4975.0
OC-13451,2019-12-11,PROV-113,Secretaría A,3612.94
OC-13452,2019-12-11,PROV-036,Secretaría C,73750.0
OC-13453,2019-12-11,PROV-009,Secretaría B,45216.0
OC-13454,2019-12-11,PROV-002,Secretaría C,5940.0
OC-13455,2019-12-11,PROV-034,Secretaría A,1740.0
OC-13456,2019-12-11,PROV-141,Secretaría A,1082.59
OC-13457,2019-12-11,PROV-064,Secretaría A,109100.0
OC-13458,2019-12-11,PROV-030,Secretaría A,550.0
OC-13459,2019-12-11,PROV-123,Secretaría C,20520.0
OC-13460,2019-12-11,PROV-061,Secretaría B,75278.12
OC-13461,2019-12-11,PROV-320,Secretaría B,10570.0
OC-13462,2019-12-11,PROV-003,Secretaría B,5670.73
OC-13463,2019-12-11,PROV-002,Secretaría C,3750.0
OC-13464,2019-12-11,PROV-055,Secretaría C,1020.0
OC-13465,2019-12-11,PROV-258,Secretaría B,19280.0
OC-13466,2019-12-11,PROV-052,Secretaría A,13350.0
OC-13467,2019-12-11,PROV-459,Secretaría B,34727.0
OC-13468,2019-12-11,PROV-209,Secretaría B,13680.0
OC-13469,2019-12-11,PROV-209,Secretaría B,5250.0
OC-13470,2019-12-11,PROV-101,Secretaría B,5250.0
OC-13471,2019-12-11,PROV-017,Secretaría A,68895.0
OC-13472,2019-12-11,PROV-070,Secretaría A,4684.4
OC-13473,2019-12-11,PROV-055,Secretaría G,2700.0
OC-13474,2019-12-11,PROV-057,Secretaría A,1400.0
OC-13475,2019-12-11,PROV-226,Secretaría B,7188.0
OC-13476,2019-12-11,PROV-009,Secretaría A,154100.0
OC-13477,2019-12-11,PROV-234,Secretaría B,5250.0
OC-13478,2019-12-11,PROV-009,Secretaría C,2260.8
OC-13479,2019-12-11,PROV-243,Secretaría A,53200.0
OC-13480,2019-12-11,PROV-279,Secretaría B,10000.0
OC-13481,2019-12-11,PROV-017,Secretaría B,15013.1
OC-13482,2019-12-11,PROV-009,Secretaría F,27738.0
OC-13483,2019-12-11,PROV-009,Secretaría I,80132.0
OC-13484,2019-12-11,PROV-009,Secretaría D,15410.0
OC-13485,2019-12-11,PROV-009,Secretaría A,46230.0
OC-13486,2019-12-11,PROV-123,Secretaría G,2800.0
OC-13487,2019-12-11,PROV-009,Secretaría D,30820.0
OC-13488,2019-12-11,PROV-009,Secretaría A,431480.0
OC-13489,2019-12-11,PROV-009,Secretaría E,12328.0
OC-13490,2019-12-11,PROV-009,Secretaría E,24656.0
OC-13491,2019-12-11,PROV-009,Secretaría C,21574.0
OC-13492,2019-12-11,PROV-009,Secretaría G,9246.0
OC-13493,2019-12-11,PROV-009,Secretaría F,117116.0
OC-13494,2019-12-11,PROV-009,Secretaría A,283544.0
OC-13495,2019-12-11,PROV-009,Secretaría A,234232.0
OC-13496,2019-12-11,PROV-123,Secretaría F,5600.0
OC-13497,2019-12-11,PROV-265,Secretaría B,7699.0
OC-13498,2019-12-11,PROV-123,Secretaría B,47000.0
OC-13499,2019-12-11,PROV-009,Secretaría A,19782.0
OC-13500,2019-12-11,PROV-009,Secretaría C,16956.0
OC-13501,2019-12-11,PROV-009,Secretaría A,31086.0
OC-13502,2019-12-11,PROV-123,Secretaría C,4480.0
OC-13503,2019-12-11,PROV-040,Secretaría E,60000.0
OC-13504,2019-12-11,PROV-009,Secretaría D,8478.0
OC-13505,2019-12-11,PROV-009,Secretaría A,10173.6
OC-13506,2019-12-11,PROV-009,Secretaría A,79128.0
OC-13507,2019-12-11,PROV-009,Secretaría A,14130.0
OC-13508,2019-12-11,PROV-009,Secretaría D,5652.0
OC-13509,2019-12-11,PROV-009,Secretaría F,113040.0
OC-13510,2019-12-11,PROV-009,Secretaría F,25434.0
OC-13511,2019-12-11,PROV-040,Secretaría E,52000.0
OC-13512,2019-12-11,PROV-123,Secretaría H,12600.0
OC-13513,2019-12-11,PROV-123,Secretaría C,5840.0
OC-13514,2019-12-11,PROV-123,Secretaría G,11200.0
OC-13515,2019-12-11,PROV-009,Secretaría D,6782.4
OC-13516,2019-12-12,PROV-153,Secretaría E,90000.0
OC-13517,2019-12-12,PROV-002,Secretaría C,9770.0
OC-13518,2019-12-12,PROV-353,Secretaría E,80000.0
OC-13519,2019-12-12,PROV-119,Secretaría E,150000.0
OC-13520,2019-12-12,PROV-064,Secretaría A,50700.0
OC-13521,2019-12-12,PROV-157,Secretaría E,3120.0
OC-13522,2019-12-12,PROV-076,Secretaría A,140760.0
OC-13523,2019-12-12,PROV-089,Secretaría A,749000.0
OC-13524,2019-12-12,PROV-466,Secretaría E,2960.0
OC-13525,2019-12-12,PROV-190,Secretaría E,100000.0
OC-13526,2019-12-12,PROV-030,Secretaría A,5400.0
OC-13527,2019-12-12,PROV-020,Secretaría A,957.78
OC-13528,2019-12-12,PROV-084,Secretaría J,3690.0
OC-13529,2019-12-12,PROV-168,Secretaría A,20830.0
OC-13530,2019-12-12,PROV-291,Secretaría A,131040.0
OC-13531,2019-12-12,PROV-149,Secretaría F,26920.0
OC-13532,2019-12-12,PROV-100,Secretaría D,615.0
OC-13533,2019-12-12,PROV-167,Secretaría F,4180.0
OC-13534,2019-12-12,PROV-167,Secretaría F,19605.0
OC-13535,2019-12-12,PROV-001,Secretaría E,4592.8
OC-13536,2019-12-12,PROV-017,Secretaría C,9460.0
OC-13537,2019-12-12,PROV-104,Secretaría C,13120.0
OC-13538,2019-12-12,PROV-402,Secretaría E,58080.0
OC-13539,2019-12-12,PROV-039,Secretaría A,197240.0
OC-13540,2019-12-12,PROV-388,Secretaría I,39880.0
OC-13541,2019-12-12,PROV-212,Secretaría A,77250.0
OC-13542,2019-12-13,PROV-121,Secretaría B,23800.0
OC-13543,2019-12-13,PROV-431,Secretaría G,2000.0
OC-13544,2019-12-13,PROV-100,Secretaría E,18000.0
OC-13545,2019-12-13,PROV-479,Secretaría E,2047.0
OC-13546,2019-12-13,PROV-105,Secretaría A,1946.0
OC-13547,2019-12-13,PROV-282,Secretaría E,127050.0
OC-13548,2019-12-13,PROV-158,Secretaría E,14000.0
OC-13549,2019-12-13,PROV-050,Secretaría F,1276.0
OC-13550,2019-12-13,PROV-083,Secretaría C,2800.0
OC-13551,2019-12-13,PROV-086,Secretaría B,35091.0
OC-13552,2019-12-13,PROV-427,Secretaría B,32200.0
OC-13553,2019-12-13,PROV-125,Secretaría B,5750.0
OC-13554,2019-12-13,PROV-183,Secretaría B,60969.0
OC-13555,2019-12-13,PROV-008,Secretaría B,63590.5
OC-13556,2019-12-13,PROV-016,Secretaría B,458860.0
OC-13557,2019-12-13,PROV-069,Secretaría B,133034.0
OC-13558,2019-12-13,PROV-047,Secretaría F,5010.0
OC-13559,2019-12-13,PROV-108,Secretaría B,32690.0
OC-13560,2019-12-13,PROV-489,Secretaría B,680.0
OC-13561,2019-12-13,PROV-024,Secretaría B,75713.8
OC-13562,2019-12-13,PROV-009,Secretaría C,10738.8
OC-13563,2019-12-13,PROV-009,Secretaría C,4314.8
OC-13564,2019-12-13,PROV-009,Secretaría C,11304.0
OC-13565,2019-12-13,PROV-434,Secretaría B,15000.0
OC-13566,2019-12-13,PROV-090,Secretaría F,2096.42
OC-13567,2019-12-13,PROV-259,Secretaría D,18550.0
OC-13568,2019-12-13,PROV-259,Secretaría D,19050.0
OC-13569,2019-12-13,PROV-147,Secretaría C,41700.0
OC-13570,2019-12-13,PROV-069,Secretaría B,11980.0
OC-13571,2019-12-13,PROV-489,Secretaría B,2640.0
OC-13572,2019-12-13,PROV-005,Secretaría B,746295.0
OC-13573,2019-12-13,PROV-024,Secretaría B,84970.0
OC-13574,2019-12-13,PROV-008,Secretaría B,398514.4
OC-13575,2019-12-13,PROV-545,Secretaría B,12890.0
OC-13576,2019-12-13,PROV-305,Secretaría F,3500.0
OC-13577,2019-12-13,PROV-045,Secretaría F,11261.85
OC-13578,2019-12-13,PROV-009,Secretaría F,184920.0
OC-13579,2019-12-13,PROV-156,Secretaría B,100000.0
OC-13580,2019-12-13,PROV-001,Secretaría G,3852.0
OC-13581,2019-12-13,PROV-084,Secretaría F,2160.0
OC-13582,2019-12-13,PROV-040,Secretaría F,7600.0
OC-13583,2019-12-13,PROV-143,Secretaría B,50000.0
OC-13584,2019-12-13,PROV-113,Secretaría D,3657.4
OC-13585,2019-12-13,PROV-100,Secretaría A,2240.82
OC-13586,2019-12-13,PROV-052,Secretaría A,24240.0
OC-13587,2019-12-13,PROV-050,Secretaría A,6393.0
OC-13588,2019-12-13,PROV-020,Secretaría A,4456.35
OC-13589,2019-12-13,PROV-020,Secretaría A,1954.22
OC-13590,2019-12-13,PROV-292,Secretaría C,130821.0
OC-13591,2019-12-13,PROV-020,Secretaría A,3360.0
OC-13592,2019-12-13,PROV-272,Secretaría A,14880.0
OC-13593,2019-12-16,PROV-034,Secretaría A,7550.0
OC-13594,2019-12-16,PROV-574,Secretaría J,6800.0
OC-13595,2019-12-16,PROV-251,Secretaría B,9000.0
OC-13596,2019-12-16,PROV-425,Secretaría D,9700.0
OC-13597,2019-12-16,PROV-030,Secretaría C,25661.0
OC-13598,2019-12-16,PROV-034,Secretaría D,2815.0
OC-13599,2019-12-16,PROV-479,Secretaría C,1175.0
OC-13600,2019-12-16,PROV-390,Secretaría E,18800.0
OC-13601,2019-12-16,PROV-383,Secretaría A,2765.0
OC-13602,2019-12-16,PROV-105,Secretaría A,1294.0
OC-13603,2019-12-16,PROV-066,Secretaría A,3564.54
OC-13604,2019-12-16,PROV-020,Secretaría A,1980.0
OC-13605,2019-12-16,PROV-030,Secretaría A,3817.0
OC-13606,2019-12-16,PROV-045,Secretaría C,3195.94
OC-13607,2019-12-16,PROV-135,Secretaría A,1350.0
OC-13608,2019-12-17,PROV-017,Secretaría A,18840.0
OC-13609,2019-12-17,PROV-113,Secretaría E,21481.41
OC-13610,2019-12-17,PROV-169,Secretaría A,1700.0
OC-13611,2019-12-17,PROV-211,Secretaría E,2800.0
OC-13612,2019-12-17,PROV-020,Secretaría A,9459.37
OC-13613,2019-12-17,PROV-017,Secretaría C,2813.5
OC-13614,2019-12-17,PROV-275,Secretaría A,5300.0
OC-13615,2019-12-17,PROV-092,Secretaría E,173500.0
OC-13616,2019-12-17,PROV-020,Secretaría A,10600.0
OC-13617,2019-12-17,PROV-390,Secretaría E,7600.0
OC-13618,2019-12-17,PROV-067,Secretaría E,86500.0
OC-13619,2019-12-17,PROV-063,Secretaría C,18178.41
OC-13620,2019-12-17,PROV-017,Secretaría A,17977.5
OC-13621,2019-12-17,PROV-045,Secretaría D,9020.0
OC-13622,2019-12-17,PROV-022,Secretaría C,10950.0
OC-13623,2019-12-17,PROV-064,Secretaría A,39500.0
OC-13624,2019-12-17,PROV-042,Secretaría C,121500.0
OC-13625,2019-12-17,PROV-002,Secretaría B,6480.0
OC-13626,2019-12-17,PROV-113,Secretaría A,6699.4
OC-13627,2019-12-17,PROV-383,Secretaría A,9568.0
OC-13628,2019-12-17,PROV-074,Secretaría A,3900.0
OC-13629,2019-12-17,PROV-020,Secretaría A,8386.0
OC-13630,2019-12-17,PROV-003,Secretaría C,13121.33
OC-13631,2019-12-17,PROV-100,Secretaría D,480.0
OC-13632,2019-12-18,PROV-045,Secretaría A,10785.06
OC-13633,2019-12-18,PROV-002,Secretaría C,1215.0
OC-13634,2019-12-18,PROV-175,Secretaría D,6995.0
OC-13635,2019-12-18,PROV-003,Secretaría D,1581.77
OC-13636,2019-12-18,PROV-010,Secretaría F,184470.0
OC-13637,2019-12-18,PROV-002,Secretaría B,32400.0
OC-13638,2019-12-18,PROV-010,Secretaría H,11180.0
OC-13639,2019-12-18,PROV-100,Secretaría D,8000.0
OC-13640,2019-12-18,PROV-175,Secretaría D,572.0
OC-13641,2019-12-18,PROV-087,Secretaría B,5410.0
OC-13642,2019-12-18,PROV-001,Secretaría C,8247.7
OC-13643,2019-12-18,PROV-023,Secretaría D,680.0
OC-13644,2019-12-18,PROV-175,Secretaría D,7250.0
OC-13645,2019-12-18,PROV-011,Secretaría C,475.0
OC-13646,2019-12-18,PROV-010,Secretaría G,16770.0
OC-13647,2019-12-18,PROV-168,Secretaría F,591.0
OC-13648,2019-12-18,PROV-010,Secretaría H,4472.0
OC-13649,2019-12-18,PROV-277,Secretaría B,60000.0
OC-13650,2019-12-18,PROV-164,Secretaría B,60000.0
OC-13651,2019-12-18,PROV-034,Secretaría A,10625.0
OC-13652,2019-12-18,PROV-063,Secretaría A,28833.79
OC-13653,2019-12-18,PROV-017,Secretaría A,38650.0
OC-13654,2019-12-18,PROV-034,Secretaría A,8685.0
OC-13655,2019-12-18,PROV-365,Secretaría C,1000.0
OC-13656,2019-12-18,PROV-027,Secretaría E,8055.0
OC-13657,2019-12-18,PROV-034,Secretaría A,2280.0
OC-13658,2019-12-18,PROV-011,Secretaría B,720.0
OC-13659,2019-12-18,PROV-087,Secretaría B,13560.0
OC-13660,2019-12-18,PROV-266,Secretaría E,15000.0
OC-13661,2019-12-18,PROV-255,Secretaría B,10000.0
OC-13662,2019-12-18,PROV-302,Secretaría B,40000.0
OC-13663,2019-12-18,PROV-109,Secretaría C,5723.0
OC-13664,2019-12-18,PROV-020,Secretaría A,1763.2
OC-13665,2019-12-19,PROV-449,Secretaría B,15000.0
OC-13666,2019-12-19,PROV-450,Secretaría B,20000.0
OC-13667,2019-12-19,PROV-265,Secretaría B,5720.0
OC-13668,2019-12-19,PROV-055,Secretaría I,1890.0
OC-13669,2019-12-19,PROV-532,Secretaría C,15000.0
OC-13670,2019-12-19,PROV-045,Secretaría A,11300.0
OC-13671,2019-12-19,PROV-050,Secretaría C,32208.0
OC-13672,2019-12-19,PROV-023,Secretaría E,11625.0
OC-13673,2019-12-19,PROV-002,Secretaría C,4340.0
OC-13674,2019-12-20,PROV-080,Secretaría C,5609.43
OC-13675,2019-12-20,PROV-080,Secretaría B,21593.25
OC-13676,2019-12-20,PROV-080,Secretaría C,2165.93
OC-13677,2019-12-20,PROV-432,Secretaría I,28240.0
OC-13678,2019-12-20,PROV-088,Secretaría I,65500.0
OC-13679,2019-12-20,PROV-233,Secretaría A,35000.0
OC-13680,2019-12-20,PROV-100,Secretaría D,760.0
OC-13681,2019-12-20,PROV-069,Secretaría B,3810.0
OC-13682,2019-12-20,PROV-005,Secretaría B,15429.5
OC-13683,2019-12-20,PROV-017,Secretaría A,132500.0
OC-13684,2019-12-20,PROV-017,Secretaría F,5680.0
OC-13685,2019-12-20,PROV-074,Secretaría I,8900.0
OC-13686,2019-12-20,PROV-084,Secretaría I,630.0
OC-13687,2019-12-20,PROV-214,Secretaría C,9000.0
OC-13688,2019-12-20,PROV-002,Secretaría C,7080.0
OC-13689,2019-12-20,PROV-176,Secretaría A,6322.0
OC-13690,2019-12-20,PROV-021,Secretaría D,1120.0
OC-13691,2019-12-20,PROV-084,Secretaría B,13066.68
OC-13692,2019-12-20,PROV-040,Secretaría B,9866.68
OC-13693,2019-12-20,PROV-065,Secretaría C,8250.0
OC-13694,2019-12-23,PROV-041,Secretaría C,58384.08
OC-13695,2019-12-23,PROV-306,Secretaría E,10000.0
OC-13696,2019-12-23,PROV-358,Secretaría F,78200.0
OC-13697,2019-12-23,PROV-344,Secretaría F,10265.0
OC-13698,2019-12-23,PROV-023,Secretaría A,49080.0
OC-13699,2019-12-23,PROV-065,Secretaría C,7838.0
OC-13700,2019-12-23,PROV-142,Secretaría B,1088.0
OC-13701,2019-12-23,PROV-080,Secretaría D,752.0
OC-13702,2019-12-23,PROV-058,Secretaría B,45050.0
OC-13703,2019-12-23,PROV-005,Secretaría B,21910.0
OC-13704,2019-12-23,PROV-276,Secretaría B,6900.0
OC-13705,2019-12-23,PROV-145,Secretaría B,60523.2
OC-13706,2019-12-23,PROV-024,Secretaría B,6453.6
OC-13707,2019-12-23,PROV-088,Secretaría I,19800.0
OC-13708,2019-12-26,PROV-008,Secretaría B,18124.8
OC-13709,2019-12-26,PROV-016,Secretaría C,86000.0
OC-13710,2019-12-26,PROV-055,Secretaría H,15540.0
OC-13711,2019-12-26,PROV-055,Secretaría G,4620.0
OC-13712,2019-12-26,PROV-055,Secretaría B,9120.0
OC-13713,2019-12-26,PROV-055,Secretaría H,620.0
OC-13714,2019-12-26,PROV-021,Secretaría H,11500.0
OC-13715,2019-12-27,PROV-042,Secretaría A,55000.0
